dataset,variant,ir,seed,classifier,auprc,auroc,f1,balanced_acc
S1,GMR-Bidirectional,5,42,KNN,0.46291711278891035,0.8078571428571428,0.5054945054945055,0.7088095238095238
S1,GMR-Bidirectional,5,42,RF,0.5387934728961097,0.8299404761904763,0.5106382978723404,0.7157142857142857
S1,GMR-Bidirectional,5,42,LR,0.20566784680420896,0.6302380952380953,0.3776223776223776,0.6364285714285715
S1,GMR-Bidirectional,5,42,DT,0.3512691853600945,0.7389285714285714,0.5294117647058824,0.7389285714285714
S1,GMR-Bidirectional,5,42,XGB,0.5007179477088928,0.8295833333333332,0.5154639175257731,0.7226190476190476
S1,GMR-Bidirectional,5,0,KNN,0.4921288967643216,0.834702380952381,0.6206896551724138,0.7764285714285715
S1,GMR-Bidirectional,5,0,RF,0.5841896819000092,0.8479761904761904,0.5333333333333333,0.7257142857142858
S1,GMR-Bidirectional,5,0,LR,0.20081920028072534,0.6209523809523809,0.3111111111111111,0.5700000000000001
S1,GMR-Bidirectional,5,0,DT,0.4035302520151005,0.7683333333333333,0.5833333333333334,0.7683333333333333
S1,GMR-Bidirectional,5,0,XGB,0.5644267625875957,0.8510714285714286,0.5393258426966292,0.7282142857142857
S1,GMR-Bidirectional,5,1,KNN,0.45158553779638577,0.8108333333333333,0.5813953488372093,0.7501190476190476
S1,GMR-Bidirectional,5,1,RF,0.49583832408853656,0.8454761904761905,0.5348837209302325,0.7213095238095238
S1,GMR-Bidirectional,5,1,LR,0.22133778791012063,0.6688095238095239,0.38848920863309355,0.6464285714285715
S1,GMR-Bidirectional,5,1,DT,0.34649618595459986,0.7138095238095239,0.5168539325842697,0.7138095238095239
S1,GMR-Bidirectional,5,1,XGB,0.5890653007085913,0.8493452380952381,0.5494505494505495,0.7376190476190476
S1,GMR-Bidirectional,5,2,KNN,0.4011959581225193,0.7517857142857143,0.5176470588235295,0.7094047619047619
S1,GMR-Bidirectional,5,2,RF,0.3912658010898369,0.756904761904762,0.5,0.6975
S1,GMR-Bidirectional,5,2,LR,0.21683088675860052,0.6377380952380952,0.39473684210526316,0.6571428571428571
S1,GMR-Bidirectional,5,2,DT,0.27410878263150995,0.6536904761904762,0.4222222222222222,0.6536904761904762
S1,GMR-Bidirectional,5,2,XGB,0.4223646501166891,0.7942261904761905,0.5238095238095238,0.7119047619047619
S1,GMR-Bidirectional,5,3,KNN,0.5407179397138511,0.8006547619047619,0.5866666666666667,0.7344047619047619
S1,GMR-Bidirectional,5,3,RF,0.6207785229361793,0.838452380952381,0.5647058823529412,0.7382142857142857
S1,GMR-Bidirectional,5,3,LR,0.1848263272133124,0.5766071428571429,0.3375,0.5939285714285715
S1,GMR-Bidirectional,5,3,DT,0.366173478359165,0.7282142857142857,0.5393258426966292,0.7282142857142857
S1,GMR-Bidirectional,5,3,XGB,0.5863264159295059,0.8305357142857143,0.5679012345679012,0.7338095238095239
S1,GMR-Bidirectional,10,42,KNN,0.59950428878356,0.901176705225369,0.6382978723404256,0.8054447546868768
S1,GMR-Bidirectional,10,42,RF,0.5915352713230476,0.8888113282808138,0.5581395348837209,0.7425209413641802
S1,GMR-Bidirectional,10,42,LR,0.12036474868098145,0.6371160749900279,0.22580645161290322,0.6048065416832868
S1,GMR-Bidirectional,10,42,DT,0.3416922244272055,0.7722377343438372,0.5490196078431373,0.7722377343438374
S1,GMR-Bidirectional,10,42,XGB,0.6206873604323957,0.8930993218986837,0.5,0.7310530514559235
S1,GMR-Bidirectional,10,0,KNN,0.2797530991469292,0.8013562026326286,0.23529411764705882,0.5709014758675708
S1,GMR-Bidirectional,10,0,RF,0.38841734743394374,0.8828280813721578,0.2702702702702703,0.5880534503390507
S1,GMR-Bidirectional,10,0,LR,0.11970248874754236,0.6368169126445952,0.2537313432835821,0.6539688871160749
S1,GMR-Bidirectional,10,0,DT,0.16783931685609477,0.620063821300359,0.3181818181818182,0.6200638213003591
S1,GMR-Bidirectional,10,0,XGB,0.35581401647367755,0.8821300358994816,0.25,0.5811727163940965
S1,GMR-Bidirectional,10,1,KNN,0.26294781330442285,0.799561228560032,0.2608695652173913,0.5914439569206222
S1,GMR-Bidirectional,10,1,RF,0.28102348775290126,0.7842042281611487,0.2857142857142857,0.6006182688472278
S1,GMR-Bidirectional,10,1,LR,0.1303144186166271,0.6651376146788991,0.26666666666666666,0.6620462704427603
S1,GMR-Bidirectional,10,1,DT,0.14529503344224615,0.6063023534104508,0.28,0.6063023534104508
S1,GMR-Bidirectional,10,1,XGB,0.28417931519276124,0.7664539289988033,0.23809523809523808,0.5765855604307938
S1,GMR-Bidirectional,10,2,KNN,0.27195585177047354,0.7466094934184285,0.4,0.6532708416433985
S1,GMR-Bidirectional,10,2,RF,0.3444614212199709,0.8346629437574791,0.3333333333333333,0.6246509772636617
S1,GMR-Bidirectional,10,2,LR,0.1200131768152701,0.62554846429996,0.26356589147286824,0.6654367770243319
S1,GMR-Bidirectional,10,2,DT,0.19896085152444526,0.6589549262066214,0.375,0.6589549262066214
S1,GMR-Bidirectional,10,2,XGB,0.2955033738740821,0.7772237734343838,0.4444444444444444,0.6898683685680096
S1,GMR-Bidirectional,10,3,KNN,0.30953294500252726,0.7284603111288391,0.4,0.6407060231352214
S1,GMR-Bidirectional,10,3,RF,0.35980374689100453,0.8055444754686877,0.3333333333333333,0.614379736737136
S1,GMR-Bidirectional,10,3,LR,0.1161413392502877,0.6234543278819307,0.2714285714285714,0.6882728360590347
S1,GMR-Bidirectional,10,3,DT,0.2257931496610912,0.666733147187874,0.4,0.6658356601515756
S1,GMR-Bidirectional,10,3,XGB,0.4004685925720831,0.76396090945353,0.358974358974359,0.6315317112086158
S1,GMR-Bidirectional,20,42,KNN,0.3623767311526647,0.7858442503639009,0.375,0.6228165938864629
S1,GMR-Bidirectional,20,42,RF,0.4057200630633888,0.8218704512372637,0.35294117647058826,0.6206331877729258
S1,GMR-Bidirectional,20,42,LR,0.06919133017887519,0.6390101892285298,0.15384615384615385,0.6499272197962154
S1,GMR-Bidirectional,20,42,DT,0.1665283540802213,0.653566229985444,0.36363636363636365,0.653566229985444
S1,GMR-Bidirectional,20,42,XGB,0.4630658723504309,0.8442503639010189,0.4,0.6579330422125181
S1,GMR-Bidirectional,20,0,KNN,0.30548639926233284,0.779475982532751,0.4444444444444444,0.6622998544395924
S1,GMR-Bidirectional,20,0,RF,0.3536161236717938,0.9024745269286754,0.25,0.5789665211062591
S1,GMR-Bidirectional,20,0,LR,0.061718147882819444,0.5949781659388647,0.09433962264150944,0.5140101892285298
S1,GMR-Bidirectional,20,0,DT,0.07482710926694329,0.5658660844250364,0.18181818181818182,0.5658660844250364
S1,GMR-Bidirectional,20,0,XGB,0.4523143327321325,0.9323144104803494,0.23529411764705882,0.576783114992722
S1,GMR-Bidirectional,20,1,KNN,0.11606734937830862,0.6613901018922852,0.21052631578947367,0.5724163027656477
S1,GMR-Bidirectional,20,1,RF,0.1462702374031979,0.6852256186317323,0.19047619047619047,0.5680494905385736
S1,GMR-Bidirectional,20,1,LR,0.06924760980526781,0.6421033478893741,0.14814814814814814,0.6411935953420669
S1,GMR-Bidirectional,20,1,DT,0.08734439834024896,0.5987991266375545,0.2222222222222222,0.5987991266375545
S1,GMR-Bidirectional,20,1,XGB,0.1358516974625222,0.6890465793304221,0.09090909090909091,0.5220160116448326
S1,GMR-Bidirectional,20,2,KNN,0.28229089951081654,0.7494541484716158,0.3333333333333333,0.6184497816593886
S1,GMR-Bidirectional,20,2,RF,0.2656791042290173,0.7789301310043668,0.21052631578947367,0.5724163027656477
S1,GMR-Bidirectional,20,2,LR,0.0609699942571275,0.5887918486171762,0.11764705882352941,0.5665938864628821
S1,GMR-Bidirectional,20,2,DT,0.06927155371138774,0.5614992721979621,0.16666666666666666,0.5614992721979621
S1,GMR-Bidirectional,20,2,XGB,0.26428636945279327,0.8014919941775837,0.2727272727272727,0.6097161572052402
S1,GMR-Bidirectional,20,3,KNN,0.35878310255903617,0.7785662299854439,0.3333333333333333,0.6184497816593886
S1,GMR-Bidirectional,20,3,RF,0.2940049514139693,0.7991266375545851,0.38095238095238093,0.6557496360989811
S1,GMR-Bidirectional,20,3,LR,0.04938615116556075,0.4989082969432314,0.08823529411764706,0.4923580786026201
S1,GMR-Bidirectional,20,3,DT,0.23565916866855935,0.7654657933042213,0.45161290322580644,0.7654657933042213
S1,GMR-Bidirectional,20,3,XGB,0.28376667513564985,0.8879184861717612,0.38095238095238093,0.6557496360989811
S1,GMR-Bidirectional,50,42,KNN,0.02619047619047619,0.5570212765957447,0.0,0.5
S1,GMR-Bidirectional,50,42,RF,0.04583333333333334,0.6165957446808511,0.0,0.5
S1,GMR-Bidirectional,50,42,LR,0.03522310319968751,0.6536170212765958,0.07476635514018691,0.6914893617021276
S1,GMR-Bidirectional,50,42,DT,0.020833333333333332,0.49361702127659574,0.0,0.49361702127659574
S1,GMR-Bidirectional,50,42,XGB,0.08864847104636406,0.7553191489361701,0.0,0.5
S1,GMR-Bidirectional,50,0,KNN,0.400530303030303,0.88,0.0,0.4978723404255319
S1,GMR-Bidirectional,50,0,RF,0.32390522875816996,0.8506382978723405,0.3333333333333333,0.6
S1,GMR-Bidirectional,50,0,LR,0.028989323988191956,0.5940425531914894,0.039603960396039604,0.5
S1,GMR-Bidirectional,50,0,DT,0.05666666666666667,0.5914893617021276,0.2,0.5914893617021276
S1,GMR-Bidirectional,50,0,XGB,0.43265873015873013,0.8629787234042553,0.3333333333333333,0.6
S1,GMR-Bidirectional,50,1,KNN,0.12717391304347825,0.7629787234042553,0.0,0.4978723404255319
S1,GMR-Bidirectional,50,1,RF,0.2686969696969697,0.7425531914893617,0.3333333333333333,0.6
S1,GMR-Bidirectional,50,1,LR,0.027592043952003507,0.5774468085106383,0.05042016806722689,0.5638297872340425
S1,GMR-Bidirectional,50,1,DT,0.05666666666666667,0.5914893617021276,0.2,0.5914893617021276
S1,GMR-Bidirectional,50,1,XGB,0.289151349292556,0.7702127659574468,0.25,0.5957446808510638
S1,GMR-Bidirectional,50,2,KNN,0.05694444444444444,0.6642553191489361,0.0,0.5
S1,GMR-Bidirectional,50,2,RF,0.08955862977602108,0.7131914893617022,0.0,0.5
S1,GMR-Bidirectional,50,2,LR,0.026347281292760108,0.5429787234042553,0.057692307692307696,0.5957446808510638
S1,GMR-Bidirectional,50,2,DT,0.06666666666666667,0.5936170212765958,0.2222222222222222,0.5936170212765958
S1,GMR-Bidirectional,50,2,XGB,0.16494044433323374,0.6693617021276596,0.0,0.5
S1,GMR-Bidirectional,50,3,KNN,0.14305555555555555,0.8557446808510638,0.0,0.5
S1,GMR-Bidirectional,50,3,RF,0.3117948717948718,0.9663829787234043,0.0,0.4978723404255319
S1,GMR-Bidirectional,50,3,LR,0.03092828098276225,0.6127659574468085,0.07207207207207207,0.6829787234042554
S1,GMR-Bidirectional,50,3,DT,0.05,0.5893617021276595,0.18181818181818182,0.5893617021276596
S1,GMR-Bidirectional,50,3,XGB,0.1894645705172021,0.948936170212766,0.0,0.4957446808510638
S1,GMR-DataGated,5,42,KNN,0.46095113364845675,0.7726190476190476,0.5,0.7019047619047619
S1,GMR-DataGated,5,42,RF,0.5318776224100972,0.8120238095238095,0.5411764705882353,0.7238095238095239
S1,GMR-DataGated,5,42,LR,0.2008238025969794,0.6195238095238095,0.3611111111111111,0.6195238095238096
S1,GMR-DataGated,5,42,DT,0.3584065765883948,0.7188095238095238,0.5287356321839081,0.7188095238095238
S1,GMR-DataGated,5,42,XGB,0.5528863211026644,0.8398214285714286,0.5747126436781609,0.7476190476190476
S1,GMR-DataGated,5,0,KNN,0.4786468942313098,0.8151785714285714,0.6046511627906976,0.7645238095238096
S1,GMR-DataGated,5,0,RF,0.5761733159360809,0.8583928571428572,0.5581395348837209,0.7357142857142858
S1,GMR-DataGated,5,0,LR,0.2009447834477546,0.6217857142857143,0.3188405797101449,0.5769047619047619
S1,GMR-DataGated,5,0,DT,0.4393126636209641,0.7739285714285715,0.6136363636363636,0.7739285714285715
S1,GMR-DataGated,5,0,XGB,0.5697423583812995,0.8525,0.5783132530120482,0.7432142857142857
S1,GMR-DataGated,5,1,KNN,0.43556107055700444,0.7933333333333333,0.5977011494252874,0.7620238095238095
S1,GMR-DataGated,5,1,RF,0.498179677550155,0.8466071428571429,0.5411764705882353,0.7238095238095239
S1,GMR-DataGated,5,1,LR,0.21820532734782655,0.6623809523809524,0.3835616438356164,0.6433333333333333
S1,GMR-DataGated,5,1,DT,0.341535657325131,0.6930952380952382,0.5,0.6930952380952381
S1,GMR-DataGated,5,1,XGB,0.5637645963368377,0.8351785714285714,0.5185185185185185,0.7050000000000001
S1,GMR-DataGated,5,2,KNN,0.3997920149986503,0.7602976190476189,0.5176470588235295,0.7094047619047619
S1,GMR-DataGated,5,2,RF,0.4131751737218575,0.7717261904761905,0.5238095238095238,0.7119047619047619
S1,GMR-DataGated,5,2,LR,0.21645935075318146,0.636547619047619,0.39473684210526316,0.6571428571428571
S1,GMR-DataGated,5,2,DT,0.3309629060157601,0.695,0.49411764705882355,0.6950000000000001
S1,GMR-DataGated,5,2,XGB,0.4112961127784445,0.7965476190476191,0.5287356321839081,0.7188095238095238
S1,GMR-DataGated,5,3,KNN,0.5274457234684508,0.799404761904762,0.5866666666666667,0.7344047619047619
S1,GMR-DataGated,5,3,RF,0.6343548520729174,0.85625,0.5609756097560976,0.7313095238095239
S1,GMR-DataGated,5,3,LR,0.18689223941175276,0.582202380952381,0.34177215189873417,0.5989285714285715
S1,GMR-DataGated,5,3,DT,0.38571332584636364,0.7288095238095239,0.5542168674698795,0.7288095238095238
S1,GMR-DataGated,5,3,XGB,0.6299667800535729,0.8539285714285715,0.5542168674698795,0.7288095238095238
S1,GMR-DataGated,10,42,KNN,0.5555709463983721,0.8480255285201436,0.6086956521739131,0.7837056242520941
S1,GMR-DataGated,10,42,RF,0.586220329052473,0.8521140805743919,0.5333333333333333,0.7379337854008776
S1,GMR-DataGated,10,42,LR,0.119204139355533,0.6329278021539688,0.22580645161290322,0.6048065416832868
S1,GMR-DataGated,10,42,DT,0.36510359566466366,0.7768248903071401,0.5714285714285714,0.77682489030714
S1,GMR-DataGated,10,42,XGB,0.5896380177707546,0.8507179896290388,0.6086956521739131,0.7837056242520941
S1,GMR-DataGated,10,0,KNN,0.2724523426894749,0.7890905464698843,0.2222222222222222,0.5663143199042681
S1,GMR-DataGated,10,0,RF,0.3849334245140265,0.8735540486637416,0.3157894736842105,0.6097925807738332
S1,GMR-DataGated,10,0,LR,0.11423524360932803,0.6166733147187874,0.2463768115942029,0.6447945751894695
S1,GMR-DataGated,10,0,DT,0.26098124618781304,0.6921619465496609,0.45454545454545453,0.6921619465496609
S1,GMR-DataGated,10,0,XGB,0.34686680523543156,0.8510171519744715,0.2926829268292683,0.6029118468288791
S1,GMR-DataGated,10,1,KNN,0.22897790857120487,0.7466094934184284,0.2608695652173913,0.5914439569206222
S1,GMR-DataGated,10,1,RF,0.3054957719514031,0.7679497407259673,0.25,0.5811727163940965
S1,GMR-DataGated,10,1,LR,0.12795430231991375,0.6565616274431592,0.24193548387096775,0.6288392500997209
S1,GMR-DataGated,10,1,DT,0.14168566414642544,0.5937375349022737,0.26666666666666666,0.5937375349022737
S1,GMR-DataGated,10,1,XGB,0.3464607431721088,0.7357399282010372,0.32558139534883723,0.6223573992820104
S1,GMR-DataGated,10,2,KNN,0.2589840151629796,0.7297566812923812,0.3902439024390244,0.6509772636617471
S1,GMR-DataGated,10,2,RF,0.2579030919427793,0.7085161547666534,0.32558139534883723,0.6223573992820104
S1,GMR-DataGated,10,2,LR,0.11790282563228333,0.6155763861188672,0.23529411764705882,0.6253490227363383
S1,GMR-DataGated,10,2,DT,0.14507358057782013,0.596031112883925,0.2727272727272727,0.596031112883925
S1,GMR-DataGated,10,2,XGB,0.28942416558749884,0.810729956122856,0.4,0.6658356601515756
S1,GMR-DataGated,10,3,KNN,0.29293676380685124,0.7218787395293179,0.3888888888888889,0.63841244515357
S1,GMR-DataGated,10,3,RF,0.40567750499794464,0.7997606701236538,0.3783783783783784,0.6361188671719187
S1,GMR-DataGated,10,3,LR,0.11707612839688263,0.6268448344635023,0.2753623188405797,0.6928599920223375
S1,GMR-DataGated,10,3,DT,0.18474752941648126,0.6269445552453131,0.34146341463414637,0.6269445552453131
S1,GMR-DataGated,10,3,XGB,0.4034629424989524,0.7573793378540089,0.3157894736842105,0.6097925807738332
S1,GMR-DataGated,20,42,KNN,0.3591188778948115,0.7903930131004366,0.375,0.6228165938864629
S1,GMR-DataGated,20,42,RF,0.40736867309206826,0.8642649199417758,0.375,0.6228165938864629
S1,GMR-DataGated,20,42,LR,0.06864339078348936,0.6375545851528384,0.15384615384615385,0.6499272197962154
S1,GMR-DataGated,20,42,DT,0.2605271246350085,0.6995997088791849,0.47619047619047616,0.6995997088791849
S1,GMR-DataGated,20,42,XGB,0.4866358701306725,0.8795487627365357,0.47619047619047616,0.6995997088791849
S1,GMR-DataGated,20,0,KNN,0.28055080953543243,0.7461790393013101,0.4444444444444444,0.6622998544395924
S1,GMR-DataGated,20,0,RF,0.355643482218949,0.8331513828238719,0.25,0.5789665211062591
S1,GMR-DataGated,20,0,LR,0.06196704668444536,0.5982532751091703,0.09259259259259259,0.5096433770014556
S1,GMR-DataGated,20,0,DT,0.12067773167358228,0.6118995633187774,0.2857142857142857,0.6118995633187774
S1,GMR-DataGated,20,0,XGB,0.36826262287617856,0.8204148471615721,0.3333333333333333,0.6184497816593886
S1,GMR-DataGated,20,1,KNN,0.12339844420940345,0.6808588064046579,0.19047619047619047,0.5680494905385736
S1,GMR-DataGated,20,1,RF,0.17803335282636715,0.7450873362445415,0.17391304347826086,0.5636826783114993
S1,GMR-DataGated,20,1,LR,0.06765287349766966,0.6340975254730714,0.14035087719298245,0.6280931586608443
S1,GMR-DataGated,20,1,DT,0.09091582691167753,0.6009825327510917,0.23076923076923078,0.6009825327510917
S1,GMR-DataGated,20,1,XGB,0.18881424550739453,0.7681950509461426,0.23076923076923078,0.6009825327510917
S1,GMR-DataGated,20,2,KNN,0.1896398553037557,0.7123362445414847,0.23529411764705882,0.576783114992722
S1,GMR-DataGated,20,2,RF,0.23405692829499297,0.7034206695778749,0.13333333333333333,0.5372998544395924
S1,GMR-DataGated,20,2,LR,0.05997768665139343,0.5866084425036391,0.09615384615384616,0.5183770014556041
S1,GMR-DataGated,20,2,DT,0.05321891110272853,0.5198326055312954,0.08695652173913043,0.5198326055312955
S1,GMR-DataGated,20,2,XGB,0.2802139296606432,0.7807496360989811,0.2608695652173913,0.607532751091703
S1,GMR-DataGated,20,3,KNN,0.307751549971467,0.7461790393013101,0.3333333333333333,0.6184497816593886
S1,GMR-DataGated,20,3,RF,0.27777475905069265,0.7676491994177583,0.3,0.6140829694323144
S1,GMR-DataGated,20,3,LR,0.0529666732215327,0.5309315866084425,0.0916030534351145,0.5032751091703056
S1,GMR-DataGated,20,3,DT,0.1165283540802213,0.6404657933042213,0.2857142857142857,0.6404657933042213
S1,GMR-DataGated,20,3,XGB,0.24109077811788557,0.8466157205240175,0.125,0.5351164483260553
S1,GMR-DataGated,50,42,KNN,0.02666666666666667,0.5591489361702127,0.0,0.5
S1,GMR-DataGated,50,42,RF,0.04900793650793651,0.6217021276595744,0.0,0.5
S1,GMR-DataGated,50,42,LR,0.03477659203988777,0.6519148936170213,0.07692307692307693,0.6978723404255319
S1,GMR-DataGated,50,42,DT,0.020833333333333332,0.4957446808510638,0.0,0.4957446808510638
S1,GMR-DataGated,50,42,XGB,0.23696097825298218,0.7097872340425533,0.0,0.5
S1,GMR-DataGated,50,0,KNN,0.4041666666666667,0.8817021276595746,0.0,0.4978723404255319
S1,GMR-DataGated,50,0,RF,0.33719488939740655,0.8561702127659575,0.3333333333333333,0.6
S1,GMR-DataGated,50,0,LR,0.029073440369734145,0.5991489361702128,0.041237113402061855,0.5085106382978724
S1,GMR-DataGated,50,0,DT,0.08333333333333333,0.5957446808510638,0.25,0.5957446808510638
S1,GMR-DataGated,50,0,XGB,0.40278752436647175,0.9123404255319149,0.3333333333333333,0.6
S1,GMR-DataGated,50,1,KNN,0.1381578947368421,0.7697872340425532,0.0,0.4978723404255319
S1,GMR-DataGated,50,1,RF,0.3193514818514819,0.8506382978723405,0.3333333333333333,0.6
S1,GMR-DataGated,50,1,LR,0.021940910335426035,0.46340425531914897,0.04054054054054054,0.502127659574468
S1,GMR-DataGated,50,1,DT,0.05666666666666667,0.5914893617021276,0.2,0.5914893617021276
S1,GMR-DataGated,50,1,XGB,0.2959011164274322,0.9034042553191489,0.2857142857142857,0.597872340425532
S1,GMR-DataGated,50,2,KNN,0.029166666666666667,0.5672340425531915,0.0,0.5
S1,GMR-DataGated,50,2,RF,0.05583333333333333,0.6293617021276595,0.0,0.5
S1,GMR-DataGated,50,2,LR,0.025207721478244703,0.5217021276595745,0.05084745762711865,0.5659574468085107
S1,GMR-DataGated,50,2,DT,0.020833333333333332,0.49148936170212765,0.0,0.49148936170212765
S1,GMR-DataGated,50,2,XGB,0.04276495475187037,0.6012765957446808,0.0,0.5
S1,GMR-DataGated,50,3,KNN,0.09015151515151514,0.7570212765957447,0.0,0.5
S1,GMR-DataGated,50,3,RF,0.45476190476190476,0.9672340425531916,0.0,0.5
S1,GMR-DataGated,50,3,LR,0.02343923525175235,0.4919148936170213,0.057971014492753624,0.625531914893617
S1,GMR-DataGated,50,3,DT,0.020833333333333332,0.4957446808510638,0.0,0.4957446808510638
S1,GMR-DataGated,50,3,XGB,0.2052014652014652,0.9472340425531915,0.0,0.49361702127659574
S1,GMR-ModelAgnostic,5,42,KNN,0.4471281037836019,0.79,0.5168539325842697,0.7138095238095239
S1,GMR-ModelAgnostic,5,42,RF,0.5284195597770159,0.8317857142857142,0.5227272727272727,0.7163095238095238
S1,GMR-ModelAgnostic,5,42,LR,0.20625363832949709,0.6317857142857143,0.3776223776223776,0.6364285714285715
S1,GMR-ModelAgnostic,5,42,DT,0.33811642902551997,0.7157142857142857,0.5106382978723404,0.7157142857142857
S1,GMR-ModelAgnostic,5,42,XGB,0.47341675350808327,0.8141666666666667,0.5555555555555556,0.7401190476190476
S1,GMR-ModelAgnostic,5,0,KNN,0.4909985857717555,0.825297619047619,0.6046511627906976,0.7645238095238096
S1,GMR-ModelAgnostic,5,0,RF,0.5264302765904735,0.8441666666666666,0.5517241379310345,0.7332142857142857
S1,GMR-ModelAgnostic,5,0,LR,0.20095342718577505,0.6216666666666666,0.2962962962962963,0.555595238095238
S1,GMR-ModelAgnostic,5,0,DT,0.4035302520151005,0.7683333333333333,0.5833333333333334,0.7683333333333333
S1,GMR-ModelAgnostic,5,0,XGB,0.521083166148516,0.8447619047619048,0.5882352941176471,0.7526190476190476
S1,GMR-ModelAgnostic,5,1,KNN,0.4417346182526448,0.7919642857142858,0.5813953488372093,0.7501190476190476
S1,GMR-ModelAgnostic,5,1,RF,0.4832839635086065,0.8193452380952382,0.5348837209302325,0.7213095238095238
S1,GMR-ModelAgnostic,5,1,LR,0.2195522112087825,0.6651190476190476,0.38620689655172413,0.6458333333333333
S1,GMR-ModelAgnostic,5,1,DT,0.31766646052360337,0.6830952380952382,0.47619047619047616,0.6830952380952381
S1,GMR-ModelAgnostic,5,1,XGB,0.5352698667616842,0.8289880952380952,0.5617977528089888,0.7426190476190476
S1,GMR-ModelAgnostic,5,2,KNN,0.3975790129993086,0.7594642857142856,0.5176470588235295,0.7094047619047619
S1,GMR-ModelAgnostic,5,2,RF,0.4326660665339539,0.8155357142857143,0.5060240963855421,0.7
S1,GMR-ModelAgnostic,5,2,LR,0.21721387329551156,0.6388095238095237,0.39473684210526316,0.6571428571428571
S1,GMR-ModelAgnostic,5,2,DT,0.2996898483911471,0.6686904761904762,0.4523809523809524,0.6686904761904762
S1,GMR-ModelAgnostic,5,2,XGB,0.4222059899058117,0.789345238095238,0.49411764705882355,0.6950000000000001
S1,GMR-ModelAgnostic,5,3,KNN,0.5484124962332007,0.8093452380952381,0.5866666666666667,0.7344047619047619
S1,GMR-ModelAgnostic,5,3,RF,0.6568619081226437,0.8463095238095238,0.5714285714285714,0.7407142857142857
S1,GMR-ModelAgnostic,5,3,LR,0.18560113814248838,0.5788690476190476,0.34177215189873417,0.5989285714285715
S1,GMR-ModelAgnostic,5,3,DT,0.37142491053696125,0.7238095238095239,0.5411764705882353,0.7238095238095239
S1,GMR-ModelAgnostic,5,3,XGB,0.6338974818639808,0.8342261904761904,0.5822784810126582,0.7388095238095238
S1,GMR-ModelAgnostic,10,42,KNN,0.5845083252205283,0.8475269246110888,0.625,0.8031511767052254
S1,GMR-ModelAgnostic,10,42,RF,0.6152133395655621,0.8664738731551654,0.5652173913043478,0.7596729158356601
S1,GMR-ModelAgnostic,10,42,LR,0.11864087767087168,0.6309333865177503,0.22580645161290322,0.6048065416832868
S1,GMR-ModelAgnostic,10,42,DT,0.33540681941187084,0.7550857598723573,0.5416666666666666,0.7550857598723574
S1,GMR-ModelAgnostic,10,42,XGB,0.6030156698984728,0.8719585161547666,0.5,0.7310530514559235
S1,GMR-ModelAgnostic,10,0,KNN,0.306781143566278,0.8042481053051456,0.2222222222222222,0.5663143199042681
S1,GMR-ModelAgnostic,10,0,RF,0.4112350380125441,0.889708815317112,0.3157894736842105,0.6097925807738332
S1,GMR-ModelAgnostic,10,0,LR,0.12129223485641498,0.6416035101715197,0.24193548387096775,0.6288392500997209
S1,GMR-ModelAgnostic,10,0,DT,0.2259235283505428,0.6532708416433985,0.4,0.6532708416433985
S1,GMR-ModelAgnostic,10,0,XGB,0.3603893224830997,0.8783406461906662,0.3076923076923077,0.6074990027921819
S1,GMR-ModelAgnostic,10,1,KNN,0.2565282756420815,0.7860989230155565,0.2608695652173913,0.5914439569206222
S1,GMR-ModelAgnostic,10,1,RF,0.28410152015110446,0.7896888711607499,0.23809523809523808,0.5765855604307938
S1,GMR-ModelAgnostic,10,1,LR,0.12939714242838654,0.6617471080973275,0.23333333333333334,0.6139808536098923
S1,GMR-ModelAgnostic,10,1,DT,0.1551581574358049,0.6131830873554049,0.2978723404255319,0.6131830873554049
S1,GMR-ModelAgnostic,10,1,XGB,0.28232938019957093,0.7954726765057838,0.3404255319148936,0.6372157957718388
S1,GMR-ModelAgnostic,10,2,KNN,0.2430159773300007,0.709114479457519,0.358974358974359,0.6315317112086158
S1,GMR-ModelAgnostic,10,2,RF,0.2562688194570558,0.7177901874750698,0.3333333333333333,0.6246509772636617
S1,GMR-ModelAgnostic,10,2,LR,0.11911346884764991,0.6201635420821698,0.2518518518518518,0.6516753091344236
S1,GMR-ModelAgnostic,10,2,DT,0.16783931685609477,0.620063821300359,0.3181818181818182,0.6200638213003591
S1,GMR-ModelAgnostic,10,2,XGB,0.2521482863461843,0.7310530514559235,0.4090909090909091,0.668129238133227
S1,GMR-ModelAgnostic,10,3,KNN,0.3102677174764302,0.7349421619465496,0.3888888888888889,0.63841244515357
S1,GMR-ModelAgnostic,10,3,RF,0.3924161045996565,0.748504188272836,0.34285714285714286,0.6166733147187874
S1,GMR-ModelAgnostic,10,3,LR,0.11312363994442835,0.6124850418827283,0.2733812949640288,0.6905664140406861
S1,GMR-ModelAgnostic,10,3,DT,0.2086937531452662,0.6486836856800957,0.38095238095238093,0.6486836856800957
S1,GMR-ModelAgnostic,10,3,XGB,0.39039083416527415,0.7378340646190666,0.2631578947368421,0.5857598723573993
S1,GMR-ModelAgnostic,20,42,KNN,0.3437606927195531,0.7889374090247452,0.375,0.6228165938864629
S1,GMR-ModelAgnostic,20,42,RF,0.44882390060397803,0.8709970887918486,0.375,0.6228165938864629
S1,GMR-ModelAgnostic,20,42,LR,0.0690090020757957,0.6382823871906841,0.15384615384615385,0.6499272197962154
S1,GMR-ModelAgnostic,20,42,DT,0.2605271246350085,0.6995997088791849,0.47619047619047616,0.6995997088791849
S1,GMR-ModelAgnostic,20,42,XGB,0.46485602609228677,0.8759097525473072,0.42105263157894735,0.6601164483260553
S1,GMR-ModelAgnostic,20,0,KNN,0.27769133241124944,0.7432678311499273,0.4444444444444444,0.6622998544395924
S1,GMR-ModelAgnostic,20,0,RF,0.37403156099582974,0.8331513828238719,0.375,0.6228165938864629
S1,GMR-ModelAgnostic,20,0,LR,0.06169950990686439,0.5953420669577875,0.09345794392523364,0.5118267831149927
S1,GMR-ModelAgnostic,20,0,DT,0.10552621652206715,0.6075327510917031,0.2608695652173913,0.607532751091703
S1,GMR-ModelAgnostic,20,0,XGB,0.36981686478010006,0.908296943231441,0.25,0.5789665211062591
S1,GMR-ModelAgnostic,20,1,KNN,0.12398202196036884,0.6293668122270742,0.2,0.5702328966521106
S1,GMR-ModelAgnostic,20,1,RF,0.16862228971621948,0.7594614264919942,0.18181818181818182,0.5658660844250364
S1,GMR-ModelAgnostic,20,1,LR,0.06743304577993978,0.6330058224163029,0.13559322033898305,0.6193595342066958
S1,GMR-ModelAgnostic,20,1,DT,0.09091582691167753,0.6009825327510917,0.23076923076923078,0.6009825327510917
S1,GMR-ModelAgnostic,20,1,XGB,0.1734635847977171,0.6297307132459972,0.24,0.6031659388646289
S1,GMR-ModelAgnostic,20,2,KNN,0.24936716503106543,0.7143377001455604,0.23529411764705882,0.576783114992722
S1,GMR-ModelAgnostic,20,2,RF,0.26734245986839344,0.7665574963609897,0.2222222222222222,0.5745997088791849
S1,GMR-ModelAgnostic,20,2,LR,0.06068966025245654,0.5884279475982532,0.11650485436893204,0.564410480349345
S1,GMR-ModelAgnostic,20,2,DT,0.06927155371138774,0.5614992721979621,0.16666666666666666,0.5614992721979621
S1,GMR-ModelAgnostic,20,2,XGB,0.2726960621393865,0.809315866084425,0.34782608695652173,0.6513828238719068
S1,GMR-ModelAgnostic,20,3,KNN,0.3493373014465683,0.7963973799126638,0.3333333333333333,0.6184497816593886
S1,GMR-ModelAgnostic,20,3,RF,0.2770616612468753,0.8393377001455604,0.3,0.6140829694323144
S1,GMR-ModelAgnostic,20,3,LR,0.04654797765350168,0.470160116448326,0.08108108108108109,0.4661572052401747
S1,GMR-ModelAgnostic,20,3,DT,0.16793453204241587,0.6864992721979621,0.37037037037037035,0.6864992721979621
S1,GMR-ModelAgnostic,20,3,XGB,0.267727953440648,0.8871906841339154,0.2,0.5702328966521106
S1,GMR-ModelAgnostic,50,42,KNN,0.02666666666666667,0.5591489361702127,0.0,0.5
S1,GMR-ModelAgnostic,50,42,RF,0.06129536921151439,0.7085106382978723,0.0,0.5
S1,GMR-ModelAgnostic,50,42,LR,0.03494323834095218,0.651063829787234,0.07407407407407407,0.6893617021276596
S1,GMR-ModelAgnostic,50,42,DT,0.020833333333333332,0.48936170212765956,0.0,0.48936170212765956
S1,GMR-ModelAgnostic,50,42,XGB,0.07921012849584279,0.7238297872340426,0.0,0.5
S1,GMR-ModelAgnostic,50,0,KNN,0.400530303030303,0.88,0.0,0.4978723404255319
S1,GMR-ModelAgnostic,50,0,RF,0.3156060606060606,0.7514893617021278,0.3333333333333333,0.6
S1,GMR-ModelAgnostic,50,0,LR,0.02877274116933897,0.5948936170212766,0.04040404040404041,0.5042553191489362
S1,GMR-ModelAgnostic,50,0,DT,0.020833333333333332,0.4957446808510638,0.0,0.4957446808510638
S1,GMR-ModelAgnostic,50,0,XGB,0.4146679561573179,0.8514893617021277,0.3333333333333333,0.6
S1,GMR-ModelAgnostic,50,1,KNN,0.12717391304347825,0.7629787234042553,0.0,0.4978723404255319
S1,GMR-ModelAgnostic,50,1,RF,0.26412280701754387,0.7365957446808512,0.3333333333333333,0.6
S1,GMR-ModelAgnostic,50,1,LR,0.022041938404284665,0.4659574468085107,0.041379310344827586,0.5085106382978724
S1,GMR-ModelAgnostic,50,1,DT,0.05,0.5893617021276595,0.18181818181818182,0.5893617021276596
S1,GMR-ModelAgnostic,50,1,XGB,0.32545304158207383,0.8923404255319148,0.3333333333333333,0.6
S1,GMR-ModelAgnostic,50,2,KNN,0.05694444444444444,0.6642553191489361,0.0,0.5
S1,GMR-ModelAgnostic,50,2,RF,0.07902298850574713,0.7246808510638298,0.0,0.5
S1,GMR-ModelAgnostic,50,2,LR,0.02632522903453136,0.5429787234042553,0.058823529411764705,0.6
S1,GMR-ModelAgnostic,50,2,DT,0.05,0.5872340425531914,0.18181818181818182,0.5893617021276596
S1,GMR-ModelAgnostic,50,2,XGB,0.068310982157136,0.6778723404255319,0.0,0.5
S1,GMR-ModelAgnostic,50,3,KNN,0.17083333333333334,0.8625531914893617,0.0,0.5
S1,GMR-ModelAgnostic,50,3,RF,0.49602122015915123,0.9697872340425531,0.0,0.5
S1,GMR-ModelAgnostic,50,3,LR,0.02628699584444499,0.5472340425531915,0.06060606060606061,0.6382978723404256
S1,GMR-ModelAgnostic,50,3,DT,0.020833333333333332,0.49361702127659574,0.0,0.49361702127659574
S1,GMR-ModelAgnostic,50,3,XGB,0.24572649572649574,0.9557446808510638,0.0,0.4978723404255319
S1,GMR-Competitive,5,42,KNN,0.46450176991649283,0.8144047619047621,0.5,0.7063095238095238
S1,GMR-Competitive,5,42,RF,0.5236306478165544,0.8261904761904761,0.5376344086021505,0.7326190476190476
S1,GMR-Competitive,5,42,LR,0.20409578016680624,0.6269047619047619,0.3724137931034483,0.6314285714285715
S1,GMR-Competitive,5,42,DT,0.3510206203173613,0.7276190476190476,0.5263157894736842,0.7276190476190476
S1,GMR-Competitive,5,42,XGB,0.536416602133466,0.8302380952380952,0.5591397849462365,0.7470238095238095
S1,GMR-Competitive,5,0,KNN,0.4923936290294977,0.84625,0.6046511627906976,0.7645238095238096
S1,GMR-Competitive,5,0,RF,0.5443847686674528,0.8583928571428572,0.5393258426966292,0.7282142857142857
S1,GMR-Competitive,5,0,LR,0.201442926976089,0.621547619047619,0.3111111111111111,0.5700000000000001
S1,GMR-Competitive,5,0,DT,0.4035302520151005,0.7683333333333333,0.5833333333333334,0.7683333333333333
S1,GMR-Competitive,5,0,XGB,0.5558010245423073,0.8508928571428572,0.5777777777777777,0.7545238095238096
S1,GMR-Competitive,5,1,KNN,0.4567625302438876,0.8149404761904762,0.5747126436781609,0.7476190476190476
S1,GMR-Competitive,5,1,RF,0.5323883128939088,0.8445833333333334,0.5617977528089888,0.7426190476190476
S1,GMR-Competitive,5,1,LR,0.2207347125476572,0.6675,0.38571428571428573,0.6439285714285714
S1,GMR-Competitive,5,1,DT,0.395774679865589,0.7589285714285714,0.574468085106383,0.7589285714285714
S1,GMR-Competitive,5,1,XGB,0.5727370468035243,0.8552380952380952,0.5393258426966292,0.7282142857142857
S1,GMR-Competitive,5,2,KNN,0.4180938857488723,0.7748214285714285,0.5348837209302325,0.7213095238095238
S1,GMR-Competitive,5,2,RF,0.4233423391567071,0.7869642857142858,0.5238095238095238,0.7119047619047619
S1,GMR-Competitive,5,2,LR,0.21274661656596308,0.6370238095238094,0.39473684210526316,0.6571428571428571
S1,GMR-Competitive,5,2,DT,0.33811642902551997,0.7157142857142857,0.5106382978723404,0.7157142857142857
S1,GMR-Competitive,5,2,XGB,0.4424615144548135,0.7958333333333333,0.5393258426966292,0.7282142857142857
S1,GMR-Competitive,5,3,KNN,0.5672890026274414,0.8405952380952382,0.5866666666666667,0.7344047619047619
S1,GMR-Competitive,5,3,RF,0.6823730778825121,0.88125,0.5609756097560976,0.7313095238095239
S1,GMR-Competitive,5,3,LR,0.18739285886073415,0.5838690476190476,0.3333333333333333,0.5895238095238096
S1,GMR-Competitive,5,3,DT,0.40856757684610684,0.7570238095238095,0.5842696629213483,0.7570238095238095
S1,GMR-Competitive,5,3,XGB,0.6651039580914707,0.8879761904761905,0.5476190476190477,0.7263095238095238
S1,GMR-Competitive,10,42,KNN,0.6129884250937832,0.899680893498205,0.6382978723404256,0.8054447546868768
S1,GMR-Competitive,10,42,RF,0.6673061230697084,0.9063621858795373,0.5581395348837209,0.7425209413641802
S1,GMR-Competitive,10,42,LR,0.11408852275299897,0.6149780614280016,0.21705426356589147,0.5933386517750299
S1,GMR-Competitive,10,42,DT,0.3880919264634849,0.813422417231751,0.5925925925925926,0.813422417231751
S1,GMR-Competitive,10,42,XGB,0.6187762515113296,0.9049660949341842,0.5106382978723404,0.7333466294375748
S1,GMR-Competitive,10,0,KNN,0.2704874023250105,0.7920821699242121,0.23529411764705882,0.5709014758675708
S1,GMR-Competitive,10,0,RF,0.35818894214289865,0.8820303151176706,0.2564102564102564,0.5834662943757479
S1,GMR-Competitive,10,0,LR,0.12038773540613007,0.6390107698444356,0.23255813953488372,0.6173713601914639
S1,GMR-Competitive,10,0,DT,0.2086937531452662,0.6486836856800957,0.38095238095238093,0.6486836856800957
S1,GMR-Competitive,10,0,XGB,0.3356565719807224,0.8742520941364181,0.35,0.6292381332269645
S1,GMR-Competitive,10,1,KNN,0.25183439228597704,0.7869964100518547,0.23255813953488372,0.5742919824491424
S1,GMR-Competitive,10,1,RF,0.32602688272354685,0.7944754686876746,0.2,0.5571400079776625
S1,GMR-Competitive,10,1,LR,0.1275747795865661,0.6551655364978061,0.256,0.6505783805345033
S1,GMR-Competitive,10,1,DT,0.15499428708882074,0.6234543278819306,0.3018867924528302,0.6234543278819307
S1,GMR-Competitive,10,1,XGB,0.3297193059346005,0.7528919026725169,0.3111111111111111,0.6177702433187076
S1,GMR-Competitive,10,2,KNN,0.25670818844433224,0.7180893498205025,0.4,0.6532708416433985
S1,GMR-Competitive,10,2,RF,0.3113807787158407,0.757179896290387,0.32558139534883723,0.6223573992820104
S1,GMR-Competitive,10,2,LR,0.12124540712534213,0.6315317112086158,0.2698412698412698,0.672317510969286
S1,GMR-Competitive,10,2,DT,0.14880028865235428,0.5983246908655764,0.27906976744186046,0.5983246908655764
S1,GMR-Competitive,10,2,XGB,0.2634780233846376,0.721679297965696,0.425531914893617,0.6852812126047069
S1,GMR-Competitive,10,3,KNN,0.3052393875998265,0.7250698045472677,0.4,0.6407060231352214
S1,GMR-Competitive,10,3,RF,0.36093171948050207,0.7704427602712406,0.35294117647058826,0.6189668927004388
S1,GMR-Competitive,10,3,LR,0.11620901598768381,0.6236537694455524,0.2714285714285714,0.6882728360590347
S1,GMR-Competitive,10,3,DT,0.17354501172650189,0.6349222177901875,0.3333333333333333,0.6349222177901874
S1,GMR-Competitive,10,3,XGB,0.3728009435247301,0.7912844036697247,0.34285714285714286,0.6166733147187874
S1,GMR-Competitive,20,42,KNN,0.32864657242250606,0.7843886462882096,0.26666666666666666,0.5811499272197962
S1,GMR-Competitive,20,42,RF,0.4591777733863235,0.8846433770014556,0.47058823529411764,0.6644832605531296
S1,GMR-Competitive,20,42,LR,0.06919133017887519,0.6390101892285298,0.15384615384615385,0.6499272197962154
S1,GMR-Competitive,20,42,DT,0.07482710926694329,0.5658660844250364,0.18181818181818182,0.5658660844250364
S1,GMR-Competitive,20,42,XGB,0.4263736683541972,0.826783114992722,0.38095238095238093,0.6557496360989811
S1,GMR-Competitive,20,0,KNN,0.3023117960877297,0.7765647743813682,0.4444444444444444,0.6622998544395924
S1,GMR-Competitive,20,0,RF,0.35862231196931765,0.8977438136826783,0.26666666666666666,0.5811499272197962
S1,GMR-Competitive,20,0,LR,0.061419483896033925,0.5931586608442503,0.09433962264150944,0.5140101892285298
S1,GMR-Competitive,20,0,DT,0.09984439834024897,0.605349344978166,0.25,0.605349344978166
S1,GMR-Competitive,20,0,XGB,0.44945383527977995,0.926128093158661,0.38095238095238093,0.6557496360989811
S1,GMR-Competitive,20,1,KNN,0.1790151458166711,0.6613901018922853,0.2222222222222222,0.5745997088791849
S1,GMR-Competitive,20,1,RF,0.17256534494401116,0.7296215429403203,0.16,0.5593158660844251
S1,GMR-Competitive,20,1,LR,0.06769334443218032,0.6344614264919942,0.13675213675213677,0.6215429403202328
S1,GMR-Competitive,20,1,DT,0.08421939834024897,0.5949781659388647,0.20689655172413793,0.5944323144104804
S1,GMR-Competitive,20,1,XGB,0.13840304960581865,0.6664847161572052,0.23076923076923078,0.6009825327510917
S1,GMR-Competitive,20,2,KNN,0.2951355623554794,0.7450873362445416,0.35294117647058826,0.6206331877729258
S1,GMR-Competitive,20,2,RF,0.28461128880388903,0.7543668122270742,0.3,0.6140829694323144
S1,GMR-Competitive,20,2,LR,0.06068966025245654,0.5884279475982532,0.11650485436893204,0.564410480349345
S1,GMR-Competitive,20,2,DT,0.0671348015746356,0.5593158660844251,0.16,0.5593158660844251
S1,GMR-Competitive,20,2,XGB,0.2089177740363305,0.780749636098981,0.2,0.5702328966521106
S1,GMR-Competitive,20,3,KNN,0.27239726617319976,0.7740174672489082,0.3333333333333333,0.6184497816593886
S1,GMR-Competitive,20,3,RF,0.28348341213674627,0.8275109170305677,0.2,0.5702328966521106
S1,GMR-Competitive,20,3,LR,0.046514490293518444,0.4697962154294032,0.08,0.46179039301310043
S1,GMR-Competitive,20,3,DT,0.09091582691167753,0.6009825327510917,0.23076923076923078,0.6009825327510917
S1,GMR-Competitive,20,3,XGB,0.28827685201950265,0.8620815138282386,0.43478260869565216,0.6952328966521106
S1,GMR-Competitive,50,42,KNN,0.02619047619047619,0.5570212765957447,0.0,0.5
S1,GMR-Competitive,50,42,RF,0.0425,0.5961702127659574,0.0,0.5
S1,GMR-Competitive,50,42,LR,0.03483394872346584,0.6502127659574468,0.07339449541284404,0.6872340425531915
S1,GMR-Competitive,50,42,DT,0.020833333333333332,0.49361702127659574,0.0,0.49361702127659574
S1,GMR-Competitive,50,42,XGB,0.07538819964827545,0.7617021276595745,0.0,0.4978723404255319
S1,GMR-Competitive,50,0,KNN,0.39749999999999996,0.8782978723404256,0.0,0.4978723404255319
S1,GMR-Competitive,50,0,RF,0.29833333333333334,0.745531914893617,0.0,0.5
S1,GMR-Competitive,50,0,LR,0.028862038063872927,0.5965957446808511,0.04040404040404041,0.5042553191489362
S1,GMR-Competitive,50,0,DT,0.05666666666666667,0.5914893617021276,0.2,0.5914893617021276
S1,GMR-Competitive,50,0,XGB,0.2595108695652174,0.8051063829787235,0.0,0.5
S1,GMR-Competitive,50,1,KNN,0.12717391304347825,0.7629787234042553,0.0,0.4978723404255319
S1,GMR-Competitive,50,1,RF,0.29405594405594404,0.8919148936170214,0.0,0.5
S1,GMR-Competitive,50,1,LR,0.025875470372624075,0.5502127659574467,0.046511627906976744,0.5425531914893617
S1,GMR-Competitive,50,1,DT,0.06666666666666667,0.5936170212765958,0.2222222222222222,0.5936170212765958
S1,GMR-Competitive,50,1,XGB,0.37924836601307194,0.8425531914893617,0.5,0.6978723404255319
S1,GMR-Competitive,50,2,KNN,0.052500000000000005,0.6599999999999999,0.0,0.5
S1,GMR-Competitive,50,2,RF,0.07343980602993885,0.725531914893617,0.0,0.5
S1,GMR-Competitive,50,2,LR,0.025400215118912273,0.5251063829787235,0.05217391304347826,0.5723404255319149
S1,GMR-Competitive,50,2,DT,0.05,0.5893617021276595,0.18181818181818182,0.5893617021276596
S1,GMR-Competitive,50,2,XGB,0.0901194457716197,0.6787234042553192,0.0,0.5
S1,GMR-Competitive,50,3,KNN,0.14305555555555555,0.8557446808510638,0.0,0.5
S1,GMR-Competitive,50,3,RF,0.38602693602693605,0.9595744680851064,0.0,0.5
S1,GMR-Competitive,50,3,LR,0.03182692809325413,0.6238297872340426,0.07272727272727272,0.6851063829787234
S1,GMR-Competitive,50,3,DT,0.05666666666666667,0.5914893617021276,0.2,0.5914893617021276
S1,GMR-Competitive,50,3,XGB,0.22324929971988794,0.9565957446808511,0.0,0.4957446808510638
S2,GMR-Bidirectional,5,42,KNN,1.0,1.0,1.0,1.0
S2,GMR-Bidirectional,5,42,RF,1.0,1.0,1.0,1.0
S2,GMR-Bidirectional,5,42,LR,0.6346741838697344,0.46249131944444444,0.46496815286624205,0.475
S2,GMR-Bidirectional,5,42,DT,1.0,1.0,1.0,1.0
S2,GMR-Bidirectional,5,42,XGB,1.0,1.0,1.0,1.0
S2,GMR-Bidirectional,5,0,KNN,1.0,1.0,1.0,1.0
S2,GMR-Bidirectional,5,0,RF,1.0,1.0,1.0,1.0
S2,GMR-Bidirectional,5,0,LR,0.6425878319593062,0.4790060763888889,0.4815983175604627,0.4864583333333333
S2,GMR-Bidirectional,5,0,DT,0.9989583333333334,0.9989583333333334,0.9989572471324296,0.9989583333333334
S2,GMR-Bidirectional,5,0,XGB,1.0,1.0,1.0,1.0
S2,GMR-Bidirectional,5,1,KNN,1.0,1.0,1.0,1.0
S2,GMR-Bidirectional,5,1,RF,1.0,1.0,0.9989594172736732,0.9989583333333334
S2,GMR-Bidirectional,5,1,LR,0.6456117979525646,0.47388020833333333,0.4758909853249476,0.47916666666666663
S2,GMR-Bidirectional,5,1,DT,0.997920997920998,0.9989583333333334,0.9989594172736732,0.9989583333333334
S2,GMR-Bidirectional,5,1,XGB,1.0,1.0,0.9989594172736732,0.9989583333333334
S2,GMR-Bidirectional,5,2,KNN,1.0,1.0,1.0,1.0
S2,GMR-Bidirectional,5,2,RF,1.0,1.0,0.997920997920998,0.9979166666666667
S2,GMR-Bidirectional,5,2,LR,0.6514178604060347,0.49206597222222226,0.4892966360856269,0.478125
S2,GMR-Bidirectional,5,2,DT,0.9968793402777778,0.9979166666666668,0.9979166666666667,0.9979166666666667
S2,GMR-Bidirectional,5,2,XGB,0.9998299794533345,0.99984375,0.9989594172736732,0.9989583333333334
S2,GMR-Bidirectional,5,3,KNN,1.0,1.0,1.0,1.0
S2,GMR-Bidirectional,5,3,RF,1.0,1.0,0.9989594172736732,0.9989583333333334
S2,GMR-Bidirectional,5,3,LR,0.6488180602450198,0.4840060763888889,0.48478488982161594,0.48854166666666665
S2,GMR-Bidirectional,5,3,DT,0.9968793402777778,0.9979166666666668,0.9979166666666667,0.9979166666666667
S2,GMR-Bidirectional,5,3,XGB,1.0,1.0,1.0,1.0
S2,GMR-Bidirectional,10,42,KNN,1.0,1.0,1.0,1.0
S2,GMR-Bidirectional,10,42,RF,1.0,1.0,1.0,1.0
S2,GMR-Bidirectional,10,42,LR,0.6346741838697344,0.46249131944444444,0.46496815286624205,0.475
S2,GMR-Bidirectional,10,42,DT,1.0,1.0,1.0,1.0
S2,GMR-Bidirectional,10,42,XGB,1.0,1.0,1.0,1.0
S2,GMR-Bidirectional,10,0,KNN,1.0,1.0,1.0,1.0
S2,GMR-Bidirectional,10,0,RF,1.0,1.0,1.0,1.0
S2,GMR-Bidirectional,10,0,LR,0.6425878319593062,0.4790060763888889,0.4815983175604627,0.4864583333333333
S2,GMR-Bidirectional,10,0,DT,0.9989583333333334,0.9989583333333334,0.9989572471324296,0.9989583333333334
S2,GMR-Bidirectional,10,0,XGB,1.0,1.0,1.0,1.0
S2,GMR-Bidirectional,10,1,KNN,1.0,1.0,1.0,1.0
S2,GMR-Bidirectional,10,1,RF,1.0,1.0,0.9989594172736732,0.9989583333333334
S2,GMR-Bidirectional,10,1,LR,0.6456117979525646,0.47388020833333333,0.4758909853249476,0.47916666666666663
S2,GMR-Bidirectional,10,1,DT,0.997920997920998,0.9989583333333334,0.9989594172736732,0.9989583333333334
S2,GMR-Bidirectional,10,1,XGB,1.0,1.0,0.9989594172736732,0.9989583333333334
S2,GMR-Bidirectional,10,2,KNN,1.0,1.0,1.0,1.0
S2,GMR-Bidirectional,10,2,RF,1.0,1.0,0.997920997920998,0.9979166666666667
S2,GMR-Bidirectional,10,2,LR,0.6514178604060347,0.49206597222222226,0.4892966360856269,0.478125
S2,GMR-Bidirectional,10,2,DT,0.9968793402777778,0.9979166666666668,0.9979166666666667,0.9979166666666667
S2,GMR-Bidirectional,10,2,XGB,0.9998299794533345,0.99984375,0.9989594172736732,0.9989583333333334
S2,GMR-Bidirectional,10,3,KNN,1.0,1.0,1.0,1.0
S2,GMR-Bidirectional,10,3,RF,1.0,1.0,0.9989594172736732,0.9989583333333334
S2,GMR-Bidirectional,10,3,LR,0.6488180602450198,0.4840060763888889,0.48478488982161594,0.48854166666666665
S2,GMR-Bidirectional,10,3,DT,0.9968793402777778,0.9979166666666668,0.9979166666666667,0.9979166666666667
S2,GMR-Bidirectional,10,3,XGB,1.0,1.0,1.0,1.0
S2,GMR-Bidirectional,20,42,KNN,1.0,1.0,1.0,1.0
S2,GMR-Bidirectional,20,42,RF,1.0,1.0,1.0,1.0
S2,GMR-Bidirectional,20,42,LR,0.6346741838697344,0.46249131944444444,0.46496815286624205,0.475
S2,GMR-Bidirectional,20,42,DT,1.0,1.0,1.0,1.0
S2,GMR-Bidirectional,20,42,XGB,1.0,1.0,1.0,1.0
S2,GMR-Bidirectional,20,0,KNN,1.0,1.0,1.0,1.0
S2,GMR-Bidirectional,20,0,RF,1.0,1.0,1.0,1.0
S2,GMR-Bidirectional,20,0,LR,0.6425878319593062,0.4790060763888889,0.4815983175604627,0.4864583333333333
S2,GMR-Bidirectional,20,0,DT,0.9989583333333334,0.9989583333333334,0.9989572471324296,0.9989583333333334
S2,GMR-Bidirectional,20,0,XGB,1.0,1.0,1.0,1.0
S2,GMR-Bidirectional,20,1,KNN,1.0,1.0,1.0,1.0
S2,GMR-Bidirectional,20,1,RF,1.0,1.0,0.9989594172736732,0.9989583333333334
S2,GMR-Bidirectional,20,1,LR,0.6456117979525646,0.47388020833333333,0.4758909853249476,0.47916666666666663
S2,GMR-Bidirectional,20,1,DT,0.997920997920998,0.9989583333333334,0.9989594172736732,0.9989583333333334
S2,GMR-Bidirectional,20,1,XGB,1.0,1.0,0.9989594172736732,0.9989583333333334
S2,GMR-Bidirectional,20,2,KNN,1.0,1.0,1.0,1.0
S2,GMR-Bidirectional,20,2,RF,1.0,1.0,0.997920997920998,0.9979166666666667
S2,GMR-Bidirectional,20,2,LR,0.6514178604060347,0.49206597222222226,0.4892966360856269,0.478125
S2,GMR-Bidirectional,20,2,DT,0.9968793402777778,0.9979166666666668,0.9979166666666667,0.9979166666666667
S2,GMR-Bidirectional,20,2,XGB,0.9998299794533345,0.99984375,0.9989594172736732,0.9989583333333334
S2,GMR-Bidirectional,20,3,KNN,1.0,1.0,1.0,1.0
S2,GMR-Bidirectional,20,3,RF,1.0,1.0,0.9989594172736732,0.9989583333333334
S2,GMR-Bidirectional,20,3,LR,0.6488180602450198,0.4840060763888889,0.48478488982161594,0.48854166666666665
S2,GMR-Bidirectional,20,3,DT,0.9968793402777778,0.9979166666666668,0.9979166666666667,0.9979166666666667
S2,GMR-Bidirectional,20,3,XGB,1.0,1.0,1.0,1.0
S2,GMR-Bidirectional,50,42,KNN,1.0,1.0,1.0,1.0
S2,GMR-Bidirectional,50,42,RF,1.0,1.0,1.0,1.0
S2,GMR-Bidirectional,50,42,LR,0.6346741838697344,0.46249131944444444,0.46496815286624205,0.475
S2,GMR-Bidirectional,50,42,DT,1.0,1.0,1.0,1.0
S2,GMR-Bidirectional,50,42,XGB,1.0,1.0,1.0,1.0
S2,GMR-Bidirectional,50,0,KNN,1.0,1.0,1.0,1.0
S2,GMR-Bidirectional,50,0,RF,1.0,1.0,1.0,1.0
S2,GMR-Bidirectional,50,0,LR,0.6425878319593062,0.4790060763888889,0.4815983175604627,0.4864583333333333
S2,GMR-Bidirectional,50,0,DT,0.9989583333333334,0.9989583333333334,0.9989572471324296,0.9989583333333334
S2,GMR-Bidirectional,50,0,XGB,1.0,1.0,1.0,1.0
S2,GMR-Bidirectional,50,1,KNN,1.0,1.0,1.0,1.0
S2,GMR-Bidirectional,50,1,RF,1.0,1.0,0.9989594172736732,0.9989583333333334
S2,GMR-Bidirectional,50,1,LR,0.6456117979525646,0.47388020833333333,0.4758909853249476,0.47916666666666663
S2,GMR-Bidirectional,50,1,DT,0.997920997920998,0.9989583333333334,0.9989594172736732,0.9989583333333334
S2,GMR-Bidirectional,50,1,XGB,1.0,1.0,0.9989594172736732,0.9989583333333334
S2,GMR-Bidirectional,50,2,KNN,1.0,1.0,1.0,1.0
S2,GMR-Bidirectional,50,2,RF,1.0,1.0,0.997920997920998,0.9979166666666667
S2,GMR-Bidirectional,50,2,LR,0.6514178604060347,0.49206597222222226,0.4892966360856269,0.478125
S2,GMR-Bidirectional,50,2,DT,0.9968793402777778,0.9979166666666668,0.9979166666666667,0.9979166666666667
S2,GMR-Bidirectional,50,2,XGB,0.9998299794533345,0.99984375,0.9989594172736732,0.9989583333333334
S2,GMR-Bidirectional,50,3,KNN,1.0,1.0,1.0,1.0
S2,GMR-Bidirectional,50,3,RF,1.0,1.0,0.9989594172736732,0.9989583333333334
S2,GMR-Bidirectional,50,3,LR,0.6488180602450198,0.4840060763888889,0.48478488982161594,0.48854166666666665
S2,GMR-Bidirectional,50,3,DT,0.9968793402777778,0.9979166666666668,0.9979166666666667,0.9979166666666667
S2,GMR-Bidirectional,50,3,XGB,1.0,1.0,1.0,1.0
S2,GMR-DataGated,5,42,KNN,1.0,1.0,1.0,1.0
S2,GMR-DataGated,5,42,RF,1.0,1.0,1.0,1.0
S2,GMR-DataGated,5,42,LR,0.6346741838697344,0.46249131944444444,0.46496815286624205,0.475
S2,GMR-DataGated,5,42,DT,1.0,1.0,1.0,1.0
S2,GMR-DataGated,5,42,XGB,1.0,1.0,1.0,1.0
S2,GMR-DataGated,5,0,KNN,1.0,1.0,1.0,1.0
S2,GMR-DataGated,5,0,RF,1.0,1.0,1.0,1.0
S2,GMR-DataGated,5,0,LR,0.6425878319593062,0.4790060763888889,0.4815983175604627,0.4864583333333333
S2,GMR-DataGated,5,0,DT,0.9989583333333334,0.9989583333333334,0.9989572471324296,0.9989583333333334
S2,GMR-DataGated,5,0,XGB,1.0,1.0,1.0,1.0
S2,GMR-DataGated,5,1,KNN,1.0,1.0,1.0,1.0
S2,GMR-DataGated,5,1,RF,1.0,1.0,0.9989594172736732,0.9989583333333334
S2,GMR-DataGated,5,1,LR,0.6456117979525646,0.47388020833333333,0.4758909853249476,0.47916666666666663
S2,GMR-DataGated,5,1,DT,0.997920997920998,0.9989583333333334,0.9989594172736732,0.9989583333333334
S2,GMR-DataGated,5,1,XGB,1.0,1.0,0.9989594172736732,0.9989583333333334
S2,GMR-DataGated,5,2,KNN,1.0,1.0,1.0,1.0
S2,GMR-DataGated,5,2,RF,1.0,1.0,0.997920997920998,0.9979166666666667
S2,GMR-DataGated,5,2,LR,0.6514178604060347,0.49206597222222226,0.4892966360856269,0.478125
S2,GMR-DataGated,5,2,DT,0.9968793402777778,0.9979166666666668,0.9979166666666667,0.9979166666666667
S2,GMR-DataGated,5,2,XGB,0.9998299794533345,0.99984375,0.9989594172736732,0.9989583333333334
S2,GMR-DataGated,5,3,KNN,1.0,1.0,1.0,1.0
S2,GMR-DataGated,5,3,RF,1.0,1.0,0.9989594172736732,0.9989583333333334
S2,GMR-DataGated,5,3,LR,0.6488180602450198,0.4840060763888889,0.48478488982161594,0.48854166666666665
S2,GMR-DataGated,5,3,DT,0.9968793402777778,0.9979166666666668,0.9979166666666667,0.9979166666666667
S2,GMR-DataGated,5,3,XGB,1.0,1.0,1.0,1.0
S2,GMR-DataGated,10,42,KNN,1.0,1.0,1.0,1.0
S2,GMR-DataGated,10,42,RF,1.0,1.0,1.0,1.0
S2,GMR-DataGated,10,42,LR,0.6346741838697344,0.46249131944444444,0.46496815286624205,0.475
S2,GMR-DataGated,10,42,DT,1.0,1.0,1.0,1.0
S2,GMR-DataGated,10,42,XGB,1.0,1.0,1.0,1.0
S2,GMR-DataGated,10,0,KNN,1.0,1.0,1.0,1.0
S2,GMR-DataGated,10,0,RF,1.0,1.0,1.0,1.0
S2,GMR-DataGated,10,0,LR,0.6425878319593062,0.4790060763888889,0.4815983175604627,0.4864583333333333
S2,GMR-DataGated,10,0,DT,0.9989583333333334,0.9989583333333334,0.9989572471324296,0.9989583333333334
S2,GMR-DataGated,10,0,XGB,1.0,1.0,1.0,1.0
S2,GMR-DataGated,10,1,KNN,1.0,1.0,1.0,1.0
S2,GMR-DataGated,10,1,RF,1.0,1.0,0.9989594172736732,0.9989583333333334
S2,GMR-DataGated,10,1,LR,0.6456117979525646,0.47388020833333333,0.4758909853249476,0.47916666666666663
S2,GMR-DataGated,10,1,DT,0.997920997920998,0.9989583333333334,0.9989594172736732,0.9989583333333334
S2,GMR-DataGated,10,1,XGB,1.0,1.0,0.9989594172736732,0.9989583333333334
S2,GMR-DataGated,10,2,KNN,1.0,1.0,1.0,1.0
S2,GMR-DataGated,10,2,RF,1.0,1.0,0.997920997920998,0.9979166666666667
S2,GMR-DataGated,10,2,LR,0.6514178604060347,0.49206597222222226,0.4892966360856269,0.478125
S2,GMR-DataGated,10,2,DT,0.9968793402777778,0.9979166666666668,0.9979166666666667,0.9979166666666667
S2,GMR-DataGated,10,2,XGB,0.9998299794533345,0.99984375,0.9989594172736732,0.9989583333333334
S2,GMR-DataGated,10,3,KNN,1.0,1.0,1.0,1.0
S2,GMR-DataGated,10,3,RF,1.0,1.0,0.9989594172736732,0.9989583333333334
S2,GMR-DataGated,10,3,LR,0.6488180602450198,0.4840060763888889,0.48478488982161594,0.48854166666666665
S2,GMR-DataGated,10,3,DT,0.9968793402777778,0.9979166666666668,0.9979166666666667,0.9979166666666667
S2,GMR-DataGated,10,3,XGB,1.0,1.0,1.0,1.0
S2,GMR-DataGated,20,42,KNN,1.0,1.0,1.0,1.0
S2,GMR-DataGated,20,42,RF,1.0,1.0,1.0,1.0
S2,GMR-DataGated,20,42,LR,0.6346741838697344,0.46249131944444444,0.46496815286624205,0.475
S2,GMR-DataGated,20,42,DT,1.0,1.0,1.0,1.0
S2,GMR-DataGated,20,42,XGB,1.0,1.0,1.0,1.0
S2,GMR-DataGated,20,0,KNN,1.0,1.0,1.0,1.0
S2,GMR-DataGated,20,0,RF,1.0,1.0,1.0,1.0
S2,GMR-DataGated,20,0,LR,0.6425878319593062,0.4790060763888889,0.4815983175604627,0.4864583333333333
S2,GMR-DataGated,20,0,DT,0.9989583333333334,0.9989583333333334,0.9989572471324296,0.9989583333333334
S2,GMR-DataGated,20,0,XGB,1.0,1.0,1.0,1.0
S2,GMR-DataGated,20,1,KNN,1.0,1.0,1.0,1.0
S2,GMR-DataGated,20,1,RF,1.0,1.0,0.9989594172736732,0.9989583333333334
S2,GMR-DataGated,20,1,LR,0.6456117979525646,0.47388020833333333,0.4758909853249476,0.47916666666666663
S2,GMR-DataGated,20,1,DT,0.997920997920998,0.9989583333333334,0.9989594172736732,0.9989583333333334
S2,GMR-DataGated,20,1,XGB,1.0,1.0,0.9989594172736732,0.9989583333333334
S2,GMR-DataGated,20,2,KNN,1.0,1.0,1.0,1.0
S2,GMR-DataGated,20,2,RF,1.0,1.0,0.997920997920998,0.9979166666666667
S2,GMR-DataGated,20,2,LR,0.6514178604060347,0.49206597222222226,0.4892966360856269,0.478125
S2,GMR-DataGated,20,2,DT,0.9968793402777778,0.9979166666666668,0.9979166666666667,0.9979166666666667
S2,GMR-DataGated,20,2,XGB,0.9998299794533345,0.99984375,0.9989594172736732,0.9989583333333334
S2,GMR-DataGated,20,3,KNN,1.0,1.0,1.0,1.0
S2,GMR-DataGated,20,3,RF,1.0,1.0,0.9989594172736732,0.9989583333333334
S2,GMR-DataGated,20,3,LR,0.6488180602450198,0.4840060763888889,0.48478488982161594,0.48854166666666665
S2,GMR-DataGated,20,3,DT,0.9968793402777778,0.9979166666666668,0.9979166666666667,0.9979166666666667
S2,GMR-DataGated,20,3,XGB,1.0,1.0,1.0,1.0
S2,GMR-DataGated,50,42,KNN,1.0,1.0,1.0,1.0
S2,GMR-DataGated,50,42,RF,1.0,1.0,1.0,1.0
S2,GMR-DataGated,50,42,LR,0.6346741838697344,0.46249131944444444,0.46496815286624205,0.475
S2,GMR-DataGated,50,42,DT,1.0,1.0,1.0,1.0
S2,GMR-DataGated,50,42,XGB,1.0,1.0,1.0,1.0
S2,GMR-DataGated,50,0,KNN,1.0,1.0,1.0,1.0
S2,GMR-DataGated,50,0,RF,1.0,1.0,1.0,1.0
S2,GMR-DataGated,50,0,LR,0.6425878319593062,0.4790060763888889,0.4815983175604627,0.4864583333333333
S2,GMR-DataGated,50,0,DT,0.9989583333333334,0.9989583333333334,0.9989572471324296,0.9989583333333334
S2,GMR-DataGated,50,0,XGB,1.0,1.0,1.0,1.0
S2,GMR-DataGated,50,1,KNN,1.0,1.0,1.0,1.0
S2,GMR-DataGated,50,1,RF,1.0,1.0,0.9989594172736732,0.9989583333333334
S2,GMR-DataGated,50,1,LR,0.6456117979525646,0.47388020833333333,0.4758909853249476,0.47916666666666663
S2,GMR-DataGated,50,1,DT,0.997920997920998,0.9989583333333334,0.9989594172736732,0.9989583333333334
S2,GMR-DataGated,50,1,XGB,1.0,1.0,0.9989594172736732,0.9989583333333334
S2,GMR-DataGated,50,2,KNN,1.0,1.0,1.0,1.0
S2,GMR-DataGated,50,2,RF,1.0,1.0,0.997920997920998,0.9979166666666667
S2,GMR-DataGated,50,2,LR,0.6514178604060347,0.49206597222222226,0.4892966360856269,0.478125
S2,GMR-DataGated,50,2,DT,0.9968793402777778,0.9979166666666668,0.9979166666666667,0.9979166666666667
S2,GMR-DataGated,50,2,XGB,0.9998299794533345,0.99984375,0.9989594172736732,0.9989583333333334
S2,GMR-DataGated,50,3,KNN,1.0,1.0,1.0,1.0
S2,GMR-DataGated,50,3,RF,1.0,1.0,0.9989594172736732,0.9989583333333334
S2,GMR-DataGated,50,3,LR,0.6488180602450198,0.4840060763888889,0.48478488982161594,0.48854166666666665
S2,GMR-DataGated,50,3,DT,0.9968793402777778,0.9979166666666668,0.9979166666666667,0.9979166666666667
S2,GMR-DataGated,50,3,XGB,1.0,1.0,1.0,1.0
S2,GMR-ModelAgnostic,5,42,KNN,1.0,1.0,1.0,1.0
S2,GMR-ModelAgnostic,5,42,RF,1.0,1.0,1.0,1.0
S2,GMR-ModelAgnostic,5,42,LR,0.6346741838697344,0.46249131944444444,0.46496815286624205,0.475
S2,GMR-ModelAgnostic,5,42,DT,1.0,1.0,1.0,1.0
S2,GMR-ModelAgnostic,5,42,XGB,1.0,1.0,1.0,1.0
S2,GMR-ModelAgnostic,5,0,KNN,1.0,1.0,1.0,1.0
S2,GMR-ModelAgnostic,5,0,RF,1.0,1.0,1.0,1.0
S2,GMR-ModelAgnostic,5,0,LR,0.6425878319593062,0.4790060763888889,0.4815983175604627,0.4864583333333333
S2,GMR-ModelAgnostic,5,0,DT,0.9989583333333334,0.9989583333333334,0.9989572471324296,0.9989583333333334
S2,GMR-ModelAgnostic,5,0,XGB,1.0,1.0,1.0,1.0
S2,GMR-ModelAgnostic,5,1,KNN,1.0,1.0,1.0,1.0
S2,GMR-ModelAgnostic,5,1,RF,1.0,1.0,0.9989594172736732,0.9989583333333334
S2,GMR-ModelAgnostic,5,1,LR,0.6456117979525646,0.47388020833333333,0.4758909853249476,0.47916666666666663
S2,GMR-ModelAgnostic,5,1,DT,0.997920997920998,0.9989583333333334,0.9989594172736732,0.9989583333333334
S2,GMR-ModelAgnostic,5,1,XGB,1.0,1.0,0.9989594172736732,0.9989583333333334
S2,GMR-ModelAgnostic,5,2,KNN,1.0,1.0,1.0,1.0
S2,GMR-ModelAgnostic,5,2,RF,1.0,1.0,0.997920997920998,0.9979166666666667
S2,GMR-ModelAgnostic,5,2,LR,0.6514178604060347,0.49206597222222226,0.4892966360856269,0.478125
S2,GMR-ModelAgnostic,5,2,DT,0.9968793402777778,0.9979166666666668,0.9979166666666667,0.9979166666666667
S2,GMR-ModelAgnostic,5,2,XGB,0.9998299794533345,0.99984375,0.9989594172736732,0.9989583333333334
S2,GMR-ModelAgnostic,5,3,KNN,1.0,1.0,1.0,1.0
S2,GMR-ModelAgnostic,5,3,RF,1.0,1.0,0.9989594172736732,0.9989583333333334
S2,GMR-ModelAgnostic,5,3,LR,0.6488180602450198,0.4840060763888889,0.48478488982161594,0.48854166666666665
S2,GMR-ModelAgnostic,5,3,DT,0.9968793402777778,0.9979166666666668,0.9979166666666667,0.9979166666666667
S2,GMR-ModelAgnostic,5,3,XGB,1.0,1.0,1.0,1.0
S2,GMR-ModelAgnostic,10,42,KNN,1.0,1.0,1.0,1.0
S2,GMR-ModelAgnostic,10,42,RF,1.0,1.0,1.0,1.0
S2,GMR-ModelAgnostic,10,42,LR,0.6346741838697344,0.46249131944444444,0.46496815286624205,0.475
S2,GMR-ModelAgnostic,10,42,DT,1.0,1.0,1.0,1.0
S2,GMR-ModelAgnostic,10,42,XGB,1.0,1.0,1.0,1.0
S2,GMR-ModelAgnostic,10,0,KNN,1.0,1.0,1.0,1.0
S2,GMR-ModelAgnostic,10,0,RF,1.0,1.0,1.0,1.0
S2,GMR-ModelAgnostic,10,0,LR,0.6425878319593062,0.4790060763888889,0.4815983175604627,0.4864583333333333
S2,GMR-ModelAgnostic,10,0,DT,0.9989583333333334,0.9989583333333334,0.9989572471324296,0.9989583333333334
S2,GMR-ModelAgnostic,10,0,XGB,1.0,1.0,1.0,1.0
S2,GMR-ModelAgnostic,10,1,KNN,1.0,1.0,1.0,1.0
S2,GMR-ModelAgnostic,10,1,RF,1.0,1.0,0.9989594172736732,0.9989583333333334
S2,GMR-ModelAgnostic,10,1,LR,0.6456117979525646,0.47388020833333333,0.4758909853249476,0.47916666666666663
S2,GMR-ModelAgnostic,10,1,DT,0.997920997920998,0.9989583333333334,0.9989594172736732,0.9989583333333334
S2,GMR-ModelAgnostic,10,1,XGB,1.0,1.0,0.9989594172736732,0.9989583333333334
S2,GMR-ModelAgnostic,10,2,KNN,1.0,1.0,1.0,1.0
S2,GMR-ModelAgnostic,10,2,RF,1.0,1.0,0.997920997920998,0.9979166666666667
S2,GMR-ModelAgnostic,10,2,LR,0.6514178604060347,0.49206597222222226,0.4892966360856269,0.478125
S2,GMR-ModelAgnostic,10,2,DT,0.9968793402777778,0.9979166666666668,0.9979166666666667,0.9979166666666667
S2,GMR-ModelAgnostic,10,2,XGB,0.9998299794533345,0.99984375,0.9989594172736732,0.9989583333333334
S2,GMR-ModelAgnostic,10,3,KNN,1.0,1.0,1.0,1.0
S2,GMR-ModelAgnostic,10,3,RF,1.0,1.0,0.9989594172736732,0.9989583333333334
S2,GMR-ModelAgnostic,10,3,LR,0.6488180602450198,0.4840060763888889,0.48478488982161594,0.48854166666666665
S2,GMR-ModelAgnostic,10,3,DT,0.9968793402777778,0.9979166666666668,0.9979166666666667,0.9979166666666667
S2,GMR-ModelAgnostic,10,3,XGB,1.0,1.0,1.0,1.0
S2,GMR-ModelAgnostic,20,42,KNN,1.0,1.0,1.0,1.0
S2,GMR-ModelAgnostic,20,42,RF,1.0,1.0,1.0,1.0
S2,GMR-ModelAgnostic,20,42,LR,0.6346741838697344,0.46249131944444444,0.46496815286624205,0.475
S2,GMR-ModelAgnostic,20,42,DT,1.0,1.0,1.0,1.0
S2,GMR-ModelAgnostic,20,42,XGB,1.0,1.0,1.0,1.0
S2,GMR-ModelAgnostic,20,0,KNN,1.0,1.0,1.0,1.0
S2,GMR-ModelAgnostic,20,0,RF,1.0,1.0,1.0,1.0
S2,GMR-ModelAgnostic,20,0,LR,0.6425878319593062,0.4790060763888889,0.4815983175604627,0.4864583333333333
S2,GMR-ModelAgnostic,20,0,DT,0.9989583333333334,0.9989583333333334,0.9989572471324296,0.9989583333333334
S2,GMR-ModelAgnostic,20,0,XGB,1.0,1.0,1.0,1.0
S2,GMR-ModelAgnostic,20,1,KNN,1.0,1.0,1.0,1.0
S2,GMR-ModelAgnostic,20,1,RF,1.0,1.0,0.9989594172736732,0.9989583333333334
S2,GMR-ModelAgnostic,20,1,LR,0.6456117979525646,0.47388020833333333,0.4758909853249476,0.47916666666666663
S2,GMR-ModelAgnostic,20,1,DT,0.997920997920998,0.9989583333333334,0.9989594172736732,0.9989583333333334
S2,GMR-ModelAgnostic,20,1,XGB,1.0,1.0,0.9989594172736732,0.9989583333333334
S2,GMR-ModelAgnostic,20,2,KNN,1.0,1.0,1.0,1.0
S2,GMR-ModelAgnostic,20,2,RF,1.0,1.0,0.997920997920998,0.9979166666666667
S2,GMR-ModelAgnostic,20,2,LR,0.6514178604060347,0.49206597222222226,0.4892966360856269,0.478125
S2,GMR-ModelAgnostic,20,2,DT,0.9968793402777778,0.9979166666666668,0.9979166666666667,0.9979166666666667
S2,GMR-ModelAgnostic,20,2,XGB,0.9998299794533345,0.99984375,0.9989594172736732,0.9989583333333334
S2,GMR-ModelAgnostic,20,3,KNN,1.0,1.0,1.0,1.0
S2,GMR-ModelAgnostic,20,3,RF,1.0,1.0,0.9989594172736732,0.9989583333333334
S2,GMR-ModelAgnostic,20,3,LR,0.6488180602450198,0.4840060763888889,0.48478488982161594,0.48854166666666665
S2,GMR-ModelAgnostic,20,3,DT,0.9968793402777778,0.9979166666666668,0.9979166666666667,0.9979166666666667
S2,GMR-ModelAgnostic,20,3,XGB,1.0,1.0,1.0,1.0
S2,GMR-ModelAgnostic,50,42,KNN,1.0,1.0,1.0,1.0
S2,GMR-ModelAgnostic,50,42,RF,1.0,1.0,1.0,1.0
S2,GMR-ModelAgnostic,50,42,LR,0.6346741838697344,0.46249131944444444,0.46496815286624205,0.475
S2,GMR-ModelAgnostic,50,42,DT,1.0,1.0,1.0,1.0
S2,GMR-ModelAgnostic,50,42,XGB,1.0,1.0,1.0,1.0
S2,GMR-ModelAgnostic,50,0,KNN,1.0,1.0,1.0,1.0
S2,GMR-ModelAgnostic,50,0,RF,1.0,1.0,1.0,1.0
S2,GMR-ModelAgnostic,50,0,LR,0.6425878319593062,0.4790060763888889,0.4815983175604627,0.4864583333333333
S2,GMR-ModelAgnostic,50,0,DT,0.9989583333333334,0.9989583333333334,0.9989572471324296,0.9989583333333334
S2,GMR-ModelAgnostic,50,0,XGB,1.0,1.0,1.0,1.0
S2,GMR-ModelAgnostic,50,1,KNN,1.0,1.0,1.0,1.0
S2,GMR-ModelAgnostic,50,1,RF,1.0,1.0,0.9989594172736732,0.9989583333333334
S2,GMR-ModelAgnostic,50,1,LR,0.6456117979525646,0.47388020833333333,0.4758909853249476,0.47916666666666663
S2,GMR-ModelAgnostic,50,1,DT,0.997920997920998,0.9989583333333334,0.9989594172736732,0.9989583333333334
S2,GMR-ModelAgnostic,50,1,XGB,1.0,1.0,0.9989594172736732,0.9989583333333334
S2,GMR-ModelAgnostic,50,2,KNN,1.0,1.0,1.0,1.0
S2,GMR-ModelAgnostic,50,2,RF,1.0,1.0,0.997920997920998,0.9979166666666667
S2,GMR-ModelAgnostic,50,2,LR,0.6514178604060347,0.49206597222222226,0.4892966360856269,0.478125
S2,GMR-ModelAgnostic,50,2,DT,0.9968793402777778,0.9979166666666668,0.9979166666666667,0.9979166666666667
S2,GMR-ModelAgnostic,50,2,XGB,0.9998299794533345,0.99984375,0.9989594172736732,0.9989583333333334
S2,GMR-ModelAgnostic,50,3,KNN,1.0,1.0,1.0,1.0
S2,GMR-ModelAgnostic,50,3,RF,1.0,1.0,0.9989594172736732,0.9989583333333334
S2,GMR-ModelAgnostic,50,3,LR,0.6488180602450198,0.4840060763888889,0.48478488982161594,0.48854166666666665
S2,GMR-ModelAgnostic,50,3,DT,0.9968793402777778,0.9979166666666668,0.9979166666666667,0.9979166666666667
S2,GMR-ModelAgnostic,50,3,XGB,1.0,1.0,1.0,1.0
S2,GMR-Competitive,5,42,KNN,1.0,1.0,1.0,1.0
S2,GMR-Competitive,5,42,RF,1.0,1.0,1.0,1.0
S2,GMR-Competitive,5,42,LR,0.6346741838697344,0.46249131944444444,0.46496815286624205,0.475
S2,GMR-Competitive,5,42,DT,1.0,1.0,1.0,1.0
S2,GMR-Competitive,5,42,XGB,1.0,1.0,1.0,1.0
S2,GMR-Competitive,5,0,KNN,1.0,1.0,1.0,1.0
S2,GMR-Competitive,5,0,RF,1.0,1.0,1.0,1.0
S2,GMR-Competitive,5,0,LR,0.6425878319593062,0.4790060763888889,0.4815983175604627,0.4864583333333333
S2,GMR-Competitive,5,0,DT,0.9989583333333334,0.9989583333333334,0.9989572471324296,0.9989583333333334
S2,GMR-Competitive,5,0,XGB,1.0,1.0,1.0,1.0
S2,GMR-Competitive,5,1,KNN,1.0,1.0,1.0,1.0
S2,GMR-Competitive,5,1,RF,1.0,1.0,0.9989594172736732,0.9989583333333334
S2,GMR-Competitive,5,1,LR,0.6456117979525646,0.47388020833333333,0.4758909853249476,0.47916666666666663
S2,GMR-Competitive,5,1,DT,0.997920997920998,0.9989583333333334,0.9989594172736732,0.9989583333333334
S2,GMR-Competitive,5,1,XGB,1.0,1.0,0.9989594172736732,0.9989583333333334
S2,GMR-Competitive,5,2,KNN,1.0,1.0,1.0,1.0
S2,GMR-Competitive,5,2,RF,1.0,1.0,0.997920997920998,0.9979166666666667
S2,GMR-Competitive,5,2,LR,0.6514178604060347,0.49206597222222226,0.4892966360856269,0.478125
S2,GMR-Competitive,5,2,DT,0.9968793402777778,0.9979166666666668,0.9979166666666667,0.9979166666666667
S2,GMR-Competitive,5,2,XGB,0.9998299794533345,0.99984375,0.9989594172736732,0.9989583333333334
S2,GMR-Competitive,5,3,KNN,1.0,1.0,1.0,1.0
S2,GMR-Competitive,5,3,RF,1.0,1.0,0.9989594172736732,0.9989583333333334
S2,GMR-Competitive,5,3,LR,0.6488180602450198,0.4840060763888889,0.48478488982161594,0.48854166666666665
S2,GMR-Competitive,5,3,DT,0.9968793402777778,0.9979166666666668,0.9979166666666667,0.9979166666666667
S2,GMR-Competitive,5,3,XGB,1.0,1.0,1.0,1.0
S2,GMR-Competitive,10,42,KNN,1.0,1.0,1.0,1.0
S2,GMR-Competitive,10,42,RF,1.0,1.0,1.0,1.0
S2,GMR-Competitive,10,42,LR,0.6346741838697344,0.46249131944444444,0.46496815286624205,0.475
S2,GMR-Competitive,10,42,DT,1.0,1.0,1.0,1.0
S2,GMR-Competitive,10,42,XGB,1.0,1.0,1.0,1.0
S2,GMR-Competitive,10,0,KNN,1.0,1.0,1.0,1.0
S2,GMR-Competitive,10,0,RF,1.0,1.0,1.0,1.0
S2,GMR-Competitive,10,0,LR,0.6425878319593062,0.4790060763888889,0.4815983175604627,0.4864583333333333
S2,GMR-Competitive,10,0,DT,0.9989583333333334,0.9989583333333334,0.9989572471324296,0.9989583333333334
S2,GMR-Competitive,10,0,XGB,1.0,1.0,1.0,1.0
S2,GMR-Competitive,10,1,KNN,1.0,1.0,1.0,1.0
S2,GMR-Competitive,10,1,RF,1.0,1.0,0.9989594172736732,0.9989583333333334
S2,GMR-Competitive,10,1,LR,0.6456117979525646,0.47388020833333333,0.4758909853249476,0.47916666666666663
S2,GMR-Competitive,10,1,DT,0.997920997920998,0.9989583333333334,0.9989594172736732,0.9989583333333334
S2,GMR-Competitive,10,1,XGB,1.0,1.0,0.9989594172736732,0.9989583333333334
S2,GMR-Competitive,10,2,KNN,1.0,1.0,1.0,1.0
S2,GMR-Competitive,10,2,RF,1.0,1.0,0.997920997920998,0.9979166666666667
S2,GMR-Competitive,10,2,LR,0.6514178604060347,0.49206597222222226,0.4892966360856269,0.478125
S2,GMR-Competitive,10,2,DT,0.9968793402777778,0.9979166666666668,0.9979166666666667,0.9979166666666667
S2,GMR-Competitive,10,2,XGB,0.9998299794533345,0.99984375,0.9989594172736732,0.9989583333333334
S2,GMR-Competitive,10,3,KNN,1.0,1.0,1.0,1.0
S2,GMR-Competitive,10,3,RF,1.0,1.0,0.9989594172736732,0.9989583333333334
S2,GMR-Competitive,10,3,LR,0.6488180602450198,0.4840060763888889,0.48478488982161594,0.48854166666666665
S2,GMR-Competitive,10,3,DT,0.9968793402777778,0.9979166666666668,0.9979166666666667,0.9979166666666667
S2,GMR-Competitive,10,3,XGB,1.0,1.0,1.0,1.0
S2,GMR-Competitive,20,42,KNN,1.0,1.0,1.0,1.0
S2,GMR-Competitive,20,42,RF,1.0,1.0,1.0,1.0
S2,GMR-Competitive,20,42,LR,0.6346741838697344,0.46249131944444444,0.46496815286624205,0.475
S2,GMR-Competitive,20,42,DT,1.0,1.0,1.0,1.0
S2,GMR-Competitive,20,42,XGB,1.0,1.0,1.0,1.0
S2,GMR-Competitive,20,0,KNN,1.0,1.0,1.0,1.0
S2,GMR-Competitive,20,0,RF,1.0,1.0,1.0,1.0
S2,GMR-Competitive,20,0,LR,0.6425878319593062,0.4790060763888889,0.4815983175604627,0.4864583333333333
S2,GMR-Competitive,20,0,DT,0.9989583333333334,0.9989583333333334,0.9989572471324296,0.9989583333333334
S2,GMR-Competitive,20,0,XGB,1.0,1.0,1.0,1.0
S2,GMR-Competitive,20,1,KNN,1.0,1.0,1.0,1.0
S2,GMR-Competitive,20,1,RF,1.0,1.0,0.9989594172736732,0.9989583333333334
S2,GMR-Competitive,20,1,LR,0.6456117979525646,0.47388020833333333,0.4758909853249476,0.47916666666666663
S2,GMR-Competitive,20,1,DT,0.997920997920998,0.9989583333333334,0.9989594172736732,0.9989583333333334
S2,GMR-Competitive,20,1,XGB,1.0,1.0,0.9989594172736732,0.9989583333333334
S2,GMR-Competitive,20,2,KNN,1.0,1.0,1.0,1.0
S2,GMR-Competitive,20,2,RF,1.0,1.0,0.997920997920998,0.9979166666666667
S2,GMR-Competitive,20,2,LR,0.6514178604060347,0.49206597222222226,0.4892966360856269,0.478125
S2,GMR-Competitive,20,2,DT,0.9968793402777778,0.9979166666666668,0.9979166666666667,0.9979166666666667
S2,GMR-Competitive,20,2,XGB,0.9998299794533345,0.99984375,0.9989594172736732,0.9989583333333334
S2,GMR-Competitive,20,3,KNN,1.0,1.0,1.0,1.0
S2,GMR-Competitive,20,3,RF,1.0,1.0,0.9989594172736732,0.9989583333333334
S2,GMR-Competitive,20,3,LR,0.6488180602450198,0.4840060763888889,0.48478488982161594,0.48854166666666665
S2,GMR-Competitive,20,3,DT,0.9968793402777778,0.9979166666666668,0.9979166666666667,0.9979166666666667
S2,GMR-Competitive,20,3,XGB,1.0,1.0,1.0,1.0
S2,GMR-Competitive,50,42,KNN,1.0,1.0,1.0,1.0
S2,GMR-Competitive,50,42,RF,1.0,1.0,1.0,1.0
S2,GMR-Competitive,50,42,LR,0.6346741838697344,0.46249131944444444,0.46496815286624205,0.475
S2,GMR-Competitive,50,42,DT,1.0,1.0,1.0,1.0
S2,GMR-Competitive,50,42,XGB,1.0,1.0,1.0,1.0
S2,GMR-Competitive,50,0,KNN,1.0,1.0,1.0,1.0
S2,GMR-Competitive,50,0,RF,1.0,1.0,1.0,1.0
S2,GMR-Competitive,50,0,LR,0.6425878319593062,0.4790060763888889,0.4815983175604627,0.4864583333333333
S2,GMR-Competitive,50,0,DT,0.9989583333333334,0.9989583333333334,0.9989572471324296,0.9989583333333334
S2,GMR-Competitive,50,0,XGB,1.0,1.0,1.0,1.0
S2,GMR-Competitive,50,1,KNN,1.0,1.0,1.0,1.0
S2,GMR-Competitive,50,1,RF,1.0,1.0,0.9989594172736732,0.9989583333333334
S2,GMR-Competitive,50,1,LR,0.6456117979525646,0.47388020833333333,0.4758909853249476,0.47916666666666663
S2,GMR-Competitive,50,1,DT,0.997920997920998,0.9989583333333334,0.9989594172736732,0.9989583333333334
S2,GMR-Competitive,50,1,XGB,1.0,1.0,0.9989594172736732,0.9989583333333334
S2,GMR-Competitive,50,2,KNN,1.0,1.0,1.0,1.0
S2,GMR-Competitive,50,2,RF,1.0,1.0,0.997920997920998,0.9979166666666667
S2,GMR-Competitive,50,2,LR,0.6514178604060347,0.49206597222222226,0.4892966360856269,0.478125
S2,GMR-Competitive,50,2,DT,0.9968793402777778,0.9979166666666668,0.9979166666666667,0.9979166666666667
S2,GMR-Competitive,50,2,XGB,0.9998299794533345,0.99984375,0.9989594172736732,0.9989583333333334
S2,GMR-Competitive,50,3,KNN,1.0,1.0,1.0,1.0
S2,GMR-Competitive,50,3,RF,1.0,1.0,0.9989594172736732,0.9989583333333334
S2,GMR-Competitive,50,3,LR,0.6488180602450198,0.4840060763888889,0.48478488982161594,0.48854166666666665
S2,GMR-Competitive,50,3,DT,0.9968793402777778,0.9979166666666668,0.9979166666666667,0.9979166666666667
S2,GMR-Competitive,50,3,XGB,1.0,1.0,1.0,1.0
S3,GMR-Bidirectional,5,42,KNN,1.0,1.0,1.0,1.0
S3,GMR-Bidirectional,5,42,RF,1.0,1.0,1.0,1.0
S3,GMR-Bidirectional,5,42,LR,0.968061624164642,0.9661979166666668,0.8941908713692946,0.89375
S3,GMR-Bidirectional,5,42,DT,1.0,1.0,1.0,1.0
S3,GMR-Bidirectional,5,42,XGB,1.0000000000000002,1.0,1.0,1.0
S3,GMR-Bidirectional,5,0,KNN,1.0,1.0,1.0,1.0
S3,GMR-Bidirectional,5,0,RF,1.0,1.0,0.9979123173277662,0.9979166666666667
S3,GMR-Bidirectional,5,0,LR,0.9663703953126257,0.9650260416666667,0.8921465968586387,0.8927083333333333
S3,GMR-Bidirectional,5,0,DT,0.9916841004184102,0.99375,0.9937369519832986,0.99375
S3,GMR-Bidirectional,5,0,XGB,1.0,0.9999999999999999,1.0,1.0
S3,GMR-Bidirectional,5,1,KNN,1.0,1.0,1.0,1.0
S3,GMR-Bidirectional,5,1,RF,0.9999740932364286,0.9999739583333334,0.9968717413972888,0.996875
S3,GMR-Bidirectional,5,1,LR,0.9692431368128489,0.9672222222222223,0.8895966029723992,0.8916666666666666
S3,GMR-Bidirectional,5,1,DT,0.996875,0.996875,0.9968652037617555,0.996875
S3,GMR-Bidirectional,5,1,XGB,0.9993555057569388,0.9994704861111111,0.9979166666666667,0.9979166666666667
S3,GMR-Bidirectional,5,2,KNN,1.0,1.0,1.0,1.0
S3,GMR-Bidirectional,5,2,RF,1.0,1.0,1.0,1.0
S3,GMR-Bidirectional,5,2,LR,0.9669536629097569,0.9651128472222222,0.8981288981288982,0.8979166666666667
S3,GMR-Bidirectional,5,2,DT,0.9989583333333334,0.9989583333333334,0.9989572471324296,0.9989583333333334
S3,GMR-Bidirectional,5,2,XGB,1.0,1.0,0.9979123173277662,0.9979166666666667
S3,GMR-Bidirectional,5,3,KNN,1.0,1.0,1.0,1.0
S3,GMR-Bidirectional,5,3,RF,1.0,1.0,0.9989594172736732,0.9989583333333334
S3,GMR-Bidirectional,5,3,LR,0.9657319627480032,0.964140625,0.8881856540084389,0.8895833333333334
S3,GMR-Bidirectional,5,3,DT,0.997920997920998,0.9989583333333334,0.9989594172736732,0.9989583333333334
S3,GMR-Bidirectional,5,3,XGB,0.9999342327728591,0.9999348958333334,0.9979166666666667,0.9979166666666667
S3,GMR-Bidirectional,10,42,KNN,1.0,1.0,1.0,1.0
S3,GMR-Bidirectional,10,42,RF,1.0,1.0,1.0,1.0
S3,GMR-Bidirectional,10,42,LR,0.968061624164642,0.9661979166666668,0.8941908713692946,0.89375
S3,GMR-Bidirectional,10,42,DT,1.0,1.0,1.0,1.0
S3,GMR-Bidirectional,10,42,XGB,1.0000000000000002,1.0,1.0,1.0
S3,GMR-Bidirectional,10,0,KNN,1.0,1.0,1.0,1.0
S3,GMR-Bidirectional,10,0,RF,1.0,1.0,0.9979123173277662,0.9979166666666667
S3,GMR-Bidirectional,10,0,LR,0.9663703953126257,0.9650260416666667,0.8921465968586387,0.8927083333333333
S3,GMR-Bidirectional,10,0,DT,0.9916841004184102,0.99375,0.9937369519832986,0.99375
S3,GMR-Bidirectional,10,0,XGB,1.0,0.9999999999999999,1.0,1.0
S3,GMR-Bidirectional,10,1,KNN,1.0,1.0,1.0,1.0
S3,GMR-Bidirectional,10,1,RF,0.9999740932364286,0.9999739583333334,0.9968717413972888,0.996875
S3,GMR-Bidirectional,10,1,LR,0.9692431368128489,0.9672222222222223,0.8895966029723992,0.8916666666666666
S3,GMR-Bidirectional,10,1,DT,0.996875,0.996875,0.9968652037617555,0.996875
S3,GMR-Bidirectional,10,1,XGB,0.9993555057569388,0.9994704861111111,0.9979166666666667,0.9979166666666667
S3,GMR-Bidirectional,10,2,KNN,1.0,1.0,1.0,1.0
S3,GMR-Bidirectional,10,2,RF,1.0,1.0,1.0,1.0
S3,GMR-Bidirectional,10,2,LR,0.9669536629097569,0.9651128472222222,0.8981288981288982,0.8979166666666667
S3,GMR-Bidirectional,10,2,DT,0.9989583333333334,0.9989583333333334,0.9989572471324296,0.9989583333333334
S3,GMR-Bidirectional,10,2,XGB,1.0,1.0,0.9979123173277662,0.9979166666666667
S3,GMR-Bidirectional,10,3,KNN,1.0,1.0,1.0,1.0
S3,GMR-Bidirectional,10,3,RF,1.0,1.0,0.9989594172736732,0.9989583333333334
S3,GMR-Bidirectional,10,3,LR,0.9657319627480032,0.964140625,0.8881856540084389,0.8895833333333334
S3,GMR-Bidirectional,10,3,DT,0.997920997920998,0.9989583333333334,0.9989594172736732,0.9989583333333334
S3,GMR-Bidirectional,10,3,XGB,0.9999342327728591,0.9999348958333334,0.9979166666666667,0.9979166666666667
S3,GMR-Bidirectional,20,42,KNN,1.0,1.0,1.0,1.0
S3,GMR-Bidirectional,20,42,RF,1.0,1.0,1.0,1.0
S3,GMR-Bidirectional,20,42,LR,0.968061624164642,0.9661979166666668,0.8941908713692946,0.89375
S3,GMR-Bidirectional,20,42,DT,1.0,1.0,1.0,1.0
S3,GMR-Bidirectional,20,42,XGB,1.0000000000000002,1.0,1.0,1.0
S3,GMR-Bidirectional,20,0,KNN,1.0,1.0,1.0,1.0
S3,GMR-Bidirectional,20,0,RF,1.0,1.0,0.9979123173277662,0.9979166666666667
S3,GMR-Bidirectional,20,0,LR,0.9663703953126257,0.9650260416666667,0.8921465968586387,0.8927083333333333
S3,GMR-Bidirectional,20,0,DT,0.9916841004184102,0.99375,0.9937369519832986,0.99375
S3,GMR-Bidirectional,20,0,XGB,1.0,0.9999999999999999,1.0,1.0
S3,GMR-Bidirectional,20,1,KNN,1.0,1.0,1.0,1.0
S3,GMR-Bidirectional,20,1,RF,0.9999740932364286,0.9999739583333334,0.9968717413972888,0.996875
S3,GMR-Bidirectional,20,1,LR,0.9692431368128489,0.9672222222222223,0.8895966029723992,0.8916666666666666
S3,GMR-Bidirectional,20,1,DT,0.996875,0.996875,0.9968652037617555,0.996875
S3,GMR-Bidirectional,20,1,XGB,0.9993555057569388,0.9994704861111111,0.9979166666666667,0.9979166666666667
S3,GMR-Bidirectional,20,2,KNN,1.0,1.0,1.0,1.0
S3,GMR-Bidirectional,20,2,RF,1.0,1.0,1.0,1.0
S3,GMR-Bidirectional,20,2,LR,0.9669536629097569,0.9651128472222222,0.8981288981288982,0.8979166666666667
S3,GMR-Bidirectional,20,2,DT,0.9989583333333334,0.9989583333333334,0.9989572471324296,0.9989583333333334
S3,GMR-Bidirectional,20,2,XGB,1.0,1.0,0.9979123173277662,0.9979166666666667
S3,GMR-Bidirectional,20,3,KNN,1.0,1.0,1.0,1.0
S3,GMR-Bidirectional,20,3,RF,1.0,1.0,0.9989594172736732,0.9989583333333334
S3,GMR-Bidirectional,20,3,LR,0.9657319627480032,0.964140625,0.8881856540084389,0.8895833333333334
S3,GMR-Bidirectional,20,3,DT,0.997920997920998,0.9989583333333334,0.9989594172736732,0.9989583333333334
S3,GMR-Bidirectional,20,3,XGB,0.9999342327728591,0.9999348958333334,0.9979166666666667,0.9979166666666667
S3,GMR-Bidirectional,50,42,KNN,1.0,1.0,1.0,1.0
S3,GMR-Bidirectional,50,42,RF,1.0,1.0,1.0,1.0
S3,GMR-Bidirectional,50,42,LR,0.968061624164642,0.9661979166666668,0.8941908713692946,0.89375
S3,GMR-Bidirectional,50,42,DT,1.0,1.0,1.0,1.0
S3,GMR-Bidirectional,50,42,XGB,1.0000000000000002,1.0,1.0,1.0
S3,GMR-Bidirectional,50,0,KNN,1.0,1.0,1.0,1.0
S3,GMR-Bidirectional,50,0,RF,1.0,1.0,0.9979123173277662,0.9979166666666667
S3,GMR-Bidirectional,50,0,LR,0.9663703953126257,0.9650260416666667,0.8921465968586387,0.8927083333333333
S3,GMR-Bidirectional,50,0,DT,0.9916841004184102,0.99375,0.9937369519832986,0.99375
S3,GMR-Bidirectional,50,0,XGB,1.0,0.9999999999999999,1.0,1.0
S3,GMR-Bidirectional,50,1,KNN,1.0,1.0,1.0,1.0
S3,GMR-Bidirectional,50,1,RF,0.9999740932364286,0.9999739583333334,0.9968717413972888,0.996875
S3,GMR-Bidirectional,50,1,LR,0.9692431368128489,0.9672222222222223,0.8895966029723992,0.8916666666666666
S3,GMR-Bidirectional,50,1,DT,0.996875,0.996875,0.9968652037617555,0.996875
S3,GMR-Bidirectional,50,1,XGB,0.9993555057569388,0.9994704861111111,0.9979166666666667,0.9979166666666667
S3,GMR-Bidirectional,50,2,KNN,1.0,1.0,1.0,1.0
S3,GMR-Bidirectional,50,2,RF,1.0,1.0,1.0,1.0
S3,GMR-Bidirectional,50,2,LR,0.9669536629097569,0.9651128472222222,0.8981288981288982,0.8979166666666667
S3,GMR-Bidirectional,50,2,DT,0.9989583333333334,0.9989583333333334,0.9989572471324296,0.9989583333333334
S3,GMR-Bidirectional,50,2,XGB,1.0,1.0,0.9979123173277662,0.9979166666666667
S3,GMR-Bidirectional,50,3,KNN,1.0,1.0,1.0,1.0
S3,GMR-Bidirectional,50,3,RF,1.0,1.0,0.9989594172736732,0.9989583333333334
S3,GMR-Bidirectional,50,3,LR,0.9657319627480032,0.964140625,0.8881856540084389,0.8895833333333334
S3,GMR-Bidirectional,50,3,DT,0.997920997920998,0.9989583333333334,0.9989594172736732,0.9989583333333334
S3,GMR-Bidirectional,50,3,XGB,0.9999342327728591,0.9999348958333334,0.9979166666666667,0.9979166666666667
S3,GMR-DataGated,5,42,KNN,1.0,1.0,1.0,1.0
S3,GMR-DataGated,5,42,RF,1.0,1.0,1.0,1.0
S3,GMR-DataGated,5,42,LR,0.968061624164642,0.9661979166666668,0.8941908713692946,0.89375
S3,GMR-DataGated,5,42,DT,1.0,1.0,1.0,1.0
S3,GMR-DataGated,5,42,XGB,1.0000000000000002,1.0,1.0,1.0
S3,GMR-DataGated,5,0,KNN,1.0,1.0,1.0,1.0
S3,GMR-DataGated,5,0,RF,1.0,1.0,0.9979123173277662,0.9979166666666667
S3,GMR-DataGated,5,0,LR,0.9663703953126257,0.9650260416666667,0.8921465968586387,0.8927083333333333
S3,GMR-DataGated,5,0,DT,0.9916841004184102,0.99375,0.9937369519832986,0.99375
S3,GMR-DataGated,5,0,XGB,1.0,0.9999999999999999,1.0,1.0
S3,GMR-DataGated,5,1,KNN,1.0,1.0,1.0,1.0
S3,GMR-DataGated,5,1,RF,0.9999740932364286,0.9999739583333334,0.9968717413972888,0.996875
S3,GMR-DataGated,5,1,LR,0.9692431368128489,0.9672222222222223,0.8895966029723992,0.8916666666666666
S3,GMR-DataGated,5,1,DT,0.996875,0.996875,0.9968652037617555,0.996875
S3,GMR-DataGated,5,1,XGB,0.9993555057569388,0.9994704861111111,0.9979166666666667,0.9979166666666667
S3,GMR-DataGated,5,2,KNN,1.0,1.0,1.0,1.0
S3,GMR-DataGated,5,2,RF,1.0,1.0,1.0,1.0
S3,GMR-DataGated,5,2,LR,0.9669536629097569,0.9651128472222222,0.8981288981288982,0.8979166666666667
S3,GMR-DataGated,5,2,DT,0.9989583333333334,0.9989583333333334,0.9989572471324296,0.9989583333333334
S3,GMR-DataGated,5,2,XGB,1.0,1.0,0.9979123173277662,0.9979166666666667
S3,GMR-DataGated,5,3,KNN,1.0,1.0,1.0,1.0
S3,GMR-DataGated,5,3,RF,1.0,1.0,0.9989594172736732,0.9989583333333334
S3,GMR-DataGated,5,3,LR,0.9657319627480032,0.964140625,0.8881856540084389,0.8895833333333334
S3,GMR-DataGated,5,3,DT,0.997920997920998,0.9989583333333334,0.9989594172736732,0.9989583333333334
S3,GMR-DataGated,5,3,XGB,0.9999342327728591,0.9999348958333334,0.9979166666666667,0.9979166666666667
S3,GMR-DataGated,10,42,KNN,1.0,1.0,1.0,1.0
S3,GMR-DataGated,10,42,RF,1.0,1.0,1.0,1.0
S3,GMR-DataGated,10,42,LR,0.968061624164642,0.9661979166666668,0.8941908713692946,0.89375
S3,GMR-DataGated,10,42,DT,1.0,1.0,1.0,1.0
S3,GMR-DataGated,10,42,XGB,1.0000000000000002,1.0,1.0,1.0
S3,GMR-DataGated,10,0,KNN,1.0,1.0,1.0,1.0
S3,GMR-DataGated,10,0,RF,1.0,1.0,0.9979123173277662,0.9979166666666667
S3,GMR-DataGated,10,0,LR,0.9663703953126257,0.9650260416666667,0.8921465968586387,0.8927083333333333
S3,GMR-DataGated,10,0,DT,0.9916841004184102,0.99375,0.9937369519832986,0.99375
S3,GMR-DataGated,10,0,XGB,1.0,0.9999999999999999,1.0,1.0
S3,GMR-DataGated,10,1,KNN,1.0,1.0,1.0,1.0
S3,GMR-DataGated,10,1,RF,0.9999740932364286,0.9999739583333334,0.9968717413972888,0.996875
S3,GMR-DataGated,10,1,LR,0.9692431368128489,0.9672222222222223,0.8895966029723992,0.8916666666666666
S3,GMR-DataGated,10,1,DT,0.996875,0.996875,0.9968652037617555,0.996875
S3,GMR-DataGated,10,1,XGB,0.9993555057569388,0.9994704861111111,0.9979166666666667,0.9979166666666667
S3,GMR-DataGated,10,2,KNN,1.0,1.0,1.0,1.0
S3,GMR-DataGated,10,2,RF,1.0,1.0,1.0,1.0
S3,GMR-DataGated,10,2,LR,0.9669536629097569,0.9651128472222222,0.8981288981288982,0.8979166666666667
S3,GMR-DataGated,10,2,DT,0.9989583333333334,0.9989583333333334,0.9989572471324296,0.9989583333333334
S3,GMR-DataGated,10,2,XGB,1.0,1.0,0.9979123173277662,0.9979166666666667
S3,GMR-DataGated,10,3,KNN,1.0,1.0,1.0,1.0
S3,GMR-DataGated,10,3,RF,1.0,1.0,0.9989594172736732,0.9989583333333334
S3,GMR-DataGated,10,3,LR,0.9657319627480032,0.964140625,0.8881856540084389,0.8895833333333334
S3,GMR-DataGated,10,3,DT,0.997920997920998,0.9989583333333334,0.9989594172736732,0.9989583333333334
S3,GMR-DataGated,10,3,XGB,0.9999342327728591,0.9999348958333334,0.9979166666666667,0.9979166666666667
S3,GMR-DataGated,20,42,KNN,1.0,1.0,1.0,1.0
S3,GMR-DataGated,20,42,RF,1.0,1.0,1.0,1.0
S3,GMR-DataGated,20,42,LR,0.968061624164642,0.9661979166666668,0.8941908713692946,0.89375
S3,GMR-DataGated,20,42,DT,1.0,1.0,1.0,1.0
S3,GMR-DataGated,20,42,XGB,1.0000000000000002,1.0,1.0,1.0
S3,GMR-DataGated,20,0,KNN,1.0,1.0,1.0,1.0
S3,GMR-DataGated,20,0,RF,1.0,1.0,0.9979123173277662,0.9979166666666667
S3,GMR-DataGated,20,0,LR,0.9663703953126257,0.9650260416666667,0.8921465968586387,0.8927083333333333
S3,GMR-DataGated,20,0,DT,0.9916841004184102,0.99375,0.9937369519832986,0.99375
S3,GMR-DataGated,20,0,XGB,1.0,0.9999999999999999,1.0,1.0
S3,GMR-DataGated,20,1,KNN,1.0,1.0,1.0,1.0
S3,GMR-DataGated,20,1,RF,0.9999740932364286,0.9999739583333334,0.9968717413972888,0.996875
S3,GMR-DataGated,20,1,LR,0.9692431368128489,0.9672222222222223,0.8895966029723992,0.8916666666666666
S3,GMR-DataGated,20,1,DT,0.996875,0.996875,0.9968652037617555,0.996875
S3,GMR-DataGated,20,1,XGB,0.9993555057569388,0.9994704861111111,0.9979166666666667,0.9979166666666667
S3,GMR-DataGated,20,2,KNN,1.0,1.0,1.0,1.0
S3,GMR-DataGated,20,2,RF,1.0,1.0,1.0,1.0
S3,GMR-DataGated,20,2,LR,0.9669536629097569,0.9651128472222222,0.8981288981288982,0.8979166666666667
S3,GMR-DataGated,20,2,DT,0.9989583333333334,0.9989583333333334,0.9989572471324296,0.9989583333333334
S3,GMR-DataGated,20,2,XGB,1.0,1.0,0.9979123173277662,0.9979166666666667
S3,GMR-DataGated,20,3,KNN,1.0,1.0,1.0,1.0
S3,GMR-DataGated,20,3,RF,1.0,1.0,0.9989594172736732,0.9989583333333334
S3,GMR-DataGated,20,3,LR,0.9657319627480032,0.964140625,0.8881856540084389,0.8895833333333334
S3,GMR-DataGated,20,3,DT,0.997920997920998,0.9989583333333334,0.9989594172736732,0.9989583333333334
S3,GMR-DataGated,20,3,XGB,0.9999342327728591,0.9999348958333334,0.9979166666666667,0.9979166666666667
S3,GMR-DataGated,50,42,KNN,1.0,1.0,1.0,1.0
S3,GMR-DataGated,50,42,RF,1.0,1.0,1.0,1.0
S3,GMR-DataGated,50,42,LR,0.968061624164642,0.9661979166666668,0.8941908713692946,0.89375
S3,GMR-DataGated,50,42,DT,1.0,1.0,1.0,1.0
S3,GMR-DataGated,50,42,XGB,1.0000000000000002,1.0,1.0,1.0
S3,GMR-DataGated,50,0,KNN,1.0,1.0,1.0,1.0
S3,GMR-DataGated,50,0,RF,1.0,1.0,0.9979123173277662,0.9979166666666667
S3,GMR-DataGated,50,0,LR,0.9663703953126257,0.9650260416666667,0.8921465968586387,0.8927083333333333
S3,GMR-DataGated,50,0,DT,0.9916841004184102,0.99375,0.9937369519832986,0.99375
S3,GMR-DataGated,50,0,XGB,1.0,0.9999999999999999,1.0,1.0
S3,GMR-DataGated,50,1,KNN,1.0,1.0,1.0,1.0
S3,GMR-DataGated,50,1,RF,0.9999740932364286,0.9999739583333334,0.9968717413972888,0.996875
S3,GMR-DataGated,50,1,LR,0.9692431368128489,0.9672222222222223,0.8895966029723992,0.8916666666666666
S3,GMR-DataGated,50,1,DT,0.996875,0.996875,0.9968652037617555,0.996875
S3,GMR-DataGated,50,1,XGB,0.9993555057569388,0.9994704861111111,0.9979166666666667,0.9979166666666667
S3,GMR-DataGated,50,2,KNN,1.0,1.0,1.0,1.0
S3,GMR-DataGated,50,2,RF,1.0,1.0,1.0,1.0
S3,GMR-DataGated,50,2,LR,0.9669536629097569,0.9651128472222222,0.8981288981288982,0.8979166666666667
S3,GMR-DataGated,50,2,DT,0.9989583333333334,0.9989583333333334,0.9989572471324296,0.9989583333333334
S3,GMR-DataGated,50,2,XGB,1.0,1.0,0.9979123173277662,0.9979166666666667
S3,GMR-DataGated,50,3,KNN,1.0,1.0,1.0,1.0
S3,GMR-DataGated,50,3,RF,1.0,1.0,0.9989594172736732,0.9989583333333334
S3,GMR-DataGated,50,3,LR,0.9657319627480032,0.964140625,0.8881856540084389,0.8895833333333334
S3,GMR-DataGated,50,3,DT,0.997920997920998,0.9989583333333334,0.9989594172736732,0.9989583333333334
S3,GMR-DataGated,50,3,XGB,0.9999342327728591,0.9999348958333334,0.9979166666666667,0.9979166666666667
S3,GMR-ModelAgnostic,5,42,KNN,1.0,1.0,1.0,1.0
S3,GMR-ModelAgnostic,5,42,RF,1.0,1.0,1.0,1.0
S3,GMR-ModelAgnostic,5,42,LR,0.968061624164642,0.9661979166666668,0.8941908713692946,0.89375
S3,GMR-ModelAgnostic,5,42,DT,1.0,1.0,1.0,1.0
S3,GMR-ModelAgnostic,5,42,XGB,1.0000000000000002,1.0,1.0,1.0
S3,GMR-ModelAgnostic,5,0,KNN,1.0,1.0,1.0,1.0
S3,GMR-ModelAgnostic,5,0,RF,1.0,1.0,0.9979123173277662,0.9979166666666667
S3,GMR-ModelAgnostic,5,0,LR,0.9663703953126257,0.9650260416666667,0.8921465968586387,0.8927083333333333
S3,GMR-ModelAgnostic,5,0,DT,0.9916841004184102,0.99375,0.9937369519832986,0.99375
S3,GMR-ModelAgnostic,5,0,XGB,1.0,0.9999999999999999,1.0,1.0
S3,GMR-ModelAgnostic,5,1,KNN,1.0,1.0,1.0,1.0
S3,GMR-ModelAgnostic,5,1,RF,0.9999740932364286,0.9999739583333334,0.9968717413972888,0.996875
S3,GMR-ModelAgnostic,5,1,LR,0.9692431368128489,0.9672222222222223,0.8895966029723992,0.8916666666666666
S3,GMR-ModelAgnostic,5,1,DT,0.996875,0.996875,0.9968652037617555,0.996875
S3,GMR-ModelAgnostic,5,1,XGB,0.9993555057569388,0.9994704861111111,0.9979166666666667,0.9979166666666667
S3,GMR-ModelAgnostic,5,2,KNN,1.0,1.0,1.0,1.0
S3,GMR-ModelAgnostic,5,2,RF,1.0,1.0,1.0,1.0
S3,GMR-ModelAgnostic,5,2,LR,0.9669536629097569,0.9651128472222222,0.8981288981288982,0.8979166666666667
S3,GMR-ModelAgnostic,5,2,DT,0.9989583333333334,0.9989583333333334,0.9989572471324296,0.9989583333333334
S3,GMR-ModelAgnostic,5,2,XGB,1.0,1.0,0.9979123173277662,0.9979166666666667
S3,GMR-ModelAgnostic,5,3,KNN,1.0,1.0,1.0,1.0
S3,GMR-ModelAgnostic,5,3,RF,1.0,1.0,0.9989594172736732,0.9989583333333334
S3,GMR-ModelAgnostic,5,3,LR,0.9657319627480032,0.964140625,0.8881856540084389,0.8895833333333334
S3,GMR-ModelAgnostic,5,3,DT,0.997920997920998,0.9989583333333334,0.9989594172736732,0.9989583333333334
S3,GMR-ModelAgnostic,5,3,XGB,0.9999342327728591,0.9999348958333334,0.9979166666666667,0.9979166666666667
S3,GMR-ModelAgnostic,10,42,KNN,1.0,1.0,1.0,1.0
S3,GMR-ModelAgnostic,10,42,RF,1.0,1.0,1.0,1.0
S3,GMR-ModelAgnostic,10,42,LR,0.968061624164642,0.9661979166666668,0.8941908713692946,0.89375
S3,GMR-ModelAgnostic,10,42,DT,1.0,1.0,1.0,1.0
S3,GMR-ModelAgnostic,10,42,XGB,1.0000000000000002,1.0,1.0,1.0
S3,GMR-ModelAgnostic,10,0,KNN,1.0,1.0,1.0,1.0
S3,GMR-ModelAgnostic,10,0,RF,1.0,1.0,0.9979123173277662,0.9979166666666667
S3,GMR-ModelAgnostic,10,0,LR,0.9663703953126257,0.9650260416666667,0.8921465968586387,0.8927083333333333
S3,GMR-ModelAgnostic,10,0,DT,0.9916841004184102,0.99375,0.9937369519832986,0.99375
S3,GMR-ModelAgnostic,10,0,XGB,1.0,0.9999999999999999,1.0,1.0
S3,GMR-ModelAgnostic,10,1,KNN,1.0,1.0,1.0,1.0
S3,GMR-ModelAgnostic,10,1,RF,0.9999740932364286,0.9999739583333334,0.9968717413972888,0.996875
S3,GMR-ModelAgnostic,10,1,LR,0.9692431368128489,0.9672222222222223,0.8895966029723992,0.8916666666666666
S3,GMR-ModelAgnostic,10,1,DT,0.996875,0.996875,0.9968652037617555,0.996875
S3,GMR-ModelAgnostic,10,1,XGB,0.9993555057569388,0.9994704861111111,0.9979166666666667,0.9979166666666667
S3,GMR-ModelAgnostic,10,2,KNN,1.0,1.0,1.0,1.0
S3,GMR-ModelAgnostic,10,2,RF,1.0,1.0,1.0,1.0
S3,GMR-ModelAgnostic,10,2,LR,0.9669536629097569,0.9651128472222222,0.8981288981288982,0.8979166666666667
S3,GMR-ModelAgnostic,10,2,DT,0.9989583333333334,0.9989583333333334,0.9989572471324296,0.9989583333333334
S3,GMR-ModelAgnostic,10,2,XGB,1.0,1.0,0.9979123173277662,0.9979166666666667
S3,GMR-ModelAgnostic,10,3,KNN,1.0,1.0,1.0,1.0
S3,GMR-ModelAgnostic,10,3,RF,1.0,1.0,0.9989594172736732,0.9989583333333334
S3,GMR-ModelAgnostic,10,3,LR,0.9657319627480032,0.964140625,0.8881856540084389,0.8895833333333334
S3,GMR-ModelAgnostic,10,3,DT,0.997920997920998,0.9989583333333334,0.9989594172736732,0.9989583333333334
S3,GMR-ModelAgnostic,10,3,XGB,0.9999342327728591,0.9999348958333334,0.9979166666666667,0.9979166666666667
S3,GMR-ModelAgnostic,20,42,KNN,1.0,1.0,1.0,1.0
S3,GMR-ModelAgnostic,20,42,RF,1.0,1.0,1.0,1.0
S3,GMR-ModelAgnostic,20,42,LR,0.968061624164642,0.9661979166666668,0.8941908713692946,0.89375
S3,GMR-ModelAgnostic,20,42,DT,1.0,1.0,1.0,1.0
S3,GMR-ModelAgnostic,20,42,XGB,1.0000000000000002,1.0,1.0,1.0
S3,GMR-ModelAgnostic,20,0,KNN,1.0,1.0,1.0,1.0
S3,GMR-ModelAgnostic,20,0,RF,1.0,1.0,0.9979123173277662,0.9979166666666667
S3,GMR-ModelAgnostic,20,0,LR,0.9663703953126257,0.9650260416666667,0.8921465968586387,0.8927083333333333
S3,GMR-ModelAgnostic,20,0,DT,0.9916841004184102,0.99375,0.9937369519832986,0.99375
S3,GMR-ModelAgnostic,20,0,XGB,1.0,0.9999999999999999,1.0,1.0
S3,GMR-ModelAgnostic,20,1,KNN,1.0,1.0,1.0,1.0
S3,GMR-ModelAgnostic,20,1,RF,0.9999740932364286,0.9999739583333334,0.9968717413972888,0.996875
S3,GMR-ModelAgnostic,20,1,LR,0.9692431368128489,0.9672222222222223,0.8895966029723992,0.8916666666666666
S3,GMR-ModelAgnostic,20,1,DT,0.996875,0.996875,0.9968652037617555,0.996875
S3,GMR-ModelAgnostic,20,1,XGB,0.9993555057569388,0.9994704861111111,0.9979166666666667,0.9979166666666667
S3,GMR-ModelAgnostic,20,2,KNN,1.0,1.0,1.0,1.0
S3,GMR-ModelAgnostic,20,2,RF,1.0,1.0,1.0,1.0
S3,GMR-ModelAgnostic,20,2,LR,0.9669536629097569,0.9651128472222222,0.8981288981288982,0.8979166666666667
S3,GMR-ModelAgnostic,20,2,DT,0.9989583333333334,0.9989583333333334,0.9989572471324296,0.9989583333333334
S3,GMR-ModelAgnostic,20,2,XGB,1.0,1.0,0.9979123173277662,0.9979166666666667
S3,GMR-ModelAgnostic,20,3,KNN,1.0,1.0,1.0,1.0
S3,GMR-ModelAgnostic,20,3,RF,1.0,1.0,0.9989594172736732,0.9989583333333334
S3,GMR-ModelAgnostic,20,3,LR,0.9657319627480032,0.964140625,0.8881856540084389,0.8895833333333334
S3,GMR-ModelAgnostic,20,3,DT,0.997920997920998,0.9989583333333334,0.9989594172736732,0.9989583333333334
S3,GMR-ModelAgnostic,20,3,XGB,0.9999342327728591,0.9999348958333334,0.9979166666666667,0.9979166666666667
S3,GMR-ModelAgnostic,50,42,KNN,1.0,1.0,1.0,1.0
S3,GMR-ModelAgnostic,50,42,RF,1.0,1.0,1.0,1.0
S3,GMR-ModelAgnostic,50,42,LR,0.968061624164642,0.9661979166666668,0.8941908713692946,0.89375
S3,GMR-ModelAgnostic,50,42,DT,1.0,1.0,1.0,1.0
S3,GMR-ModelAgnostic,50,42,XGB,1.0000000000000002,1.0,1.0,1.0
S3,GMR-ModelAgnostic,50,0,KNN,1.0,1.0,1.0,1.0
S3,GMR-ModelAgnostic,50,0,RF,1.0,1.0,0.9979123173277662,0.9979166666666667
S3,GMR-ModelAgnostic,50,0,LR,0.9663703953126257,0.9650260416666667,0.8921465968586387,0.8927083333333333
S3,GMR-ModelAgnostic,50,0,DT,0.9916841004184102,0.99375,0.9937369519832986,0.99375
S3,GMR-ModelAgnostic,50,0,XGB,1.0,0.9999999999999999,1.0,1.0
S3,GMR-ModelAgnostic,50,1,KNN,1.0,1.0,1.0,1.0
S3,GMR-ModelAgnostic,50,1,RF,0.9999740932364286,0.9999739583333334,0.9968717413972888,0.996875
S3,GMR-ModelAgnostic,50,1,LR,0.9692431368128489,0.9672222222222223,0.8895966029723992,0.8916666666666666
S3,GMR-ModelAgnostic,50,1,DT,0.996875,0.996875,0.9968652037617555,0.996875
S3,GMR-ModelAgnostic,50,1,XGB,0.9993555057569388,0.9994704861111111,0.9979166666666667,0.9979166666666667
S3,GMR-ModelAgnostic,50,2,KNN,1.0,1.0,1.0,1.0
S3,GMR-ModelAgnostic,50,2,RF,1.0,1.0,1.0,1.0
S3,GMR-ModelAgnostic,50,2,LR,0.9669536629097569,0.9651128472222222,0.8981288981288982,0.8979166666666667
S3,GMR-ModelAgnostic,50,2,DT,0.9989583333333334,0.9989583333333334,0.9989572471324296,0.9989583333333334
S3,GMR-ModelAgnostic,50,2,XGB,1.0,1.0,0.9979123173277662,0.9979166666666667
S3,GMR-ModelAgnostic,50,3,KNN,1.0,1.0,1.0,1.0
S3,GMR-ModelAgnostic,50,3,RF,1.0,1.0,0.9989594172736732,0.9989583333333334
S3,GMR-ModelAgnostic,50,3,LR,0.9657319627480032,0.964140625,0.8881856540084389,0.8895833333333334
S3,GMR-ModelAgnostic,50,3,DT,0.997920997920998,0.9989583333333334,0.9989594172736732,0.9989583333333334
S3,GMR-ModelAgnostic,50,3,XGB,0.9999342327728591,0.9999348958333334,0.9979166666666667,0.9979166666666667
S3,GMR-Competitive,5,42,KNN,1.0,1.0,1.0,1.0
S3,GMR-Competitive,5,42,RF,1.0,1.0,1.0,1.0
S3,GMR-Competitive,5,42,LR,0.968061624164642,0.9661979166666668,0.8941908713692946,0.89375
S3,GMR-Competitive,5,42,DT,1.0,1.0,1.0,1.0
S3,GMR-Competitive,5,42,XGB,1.0000000000000002,1.0,1.0,1.0
S3,GMR-Competitive,5,0,KNN,1.0,1.0,1.0,1.0
S3,GMR-Competitive,5,0,RF,1.0,1.0,0.9979123173277662,0.9979166666666667
S3,GMR-Competitive,5,0,LR,0.9663703953126257,0.9650260416666667,0.8921465968586387,0.8927083333333333
S3,GMR-Competitive,5,0,DT,0.9916841004184102,0.99375,0.9937369519832986,0.99375
S3,GMR-Competitive,5,0,XGB,1.0,0.9999999999999999,1.0,1.0
S3,GMR-Competitive,5,1,KNN,1.0,1.0,1.0,1.0
S3,GMR-Competitive,5,1,RF,0.9999740932364286,0.9999739583333334,0.9968717413972888,0.996875
S3,GMR-Competitive,5,1,LR,0.9692431368128489,0.9672222222222223,0.8895966029723992,0.8916666666666666
S3,GMR-Competitive,5,1,DT,0.996875,0.996875,0.9968652037617555,0.996875
S3,GMR-Competitive,5,1,XGB,0.9993555057569388,0.9994704861111111,0.9979166666666667,0.9979166666666667
S3,GMR-Competitive,5,2,KNN,1.0,1.0,1.0,1.0
S3,GMR-Competitive,5,2,RF,1.0,1.0,1.0,1.0
S3,GMR-Competitive,5,2,LR,0.9669536629097569,0.9651128472222222,0.8981288981288982,0.8979166666666667
S3,GMR-Competitive,5,2,DT,0.9989583333333334,0.9989583333333334,0.9989572471324296,0.9989583333333334
S3,GMR-Competitive,5,2,XGB,1.0,1.0,0.9979123173277662,0.9979166666666667
S3,GMR-Competitive,5,3,KNN,1.0,1.0,1.0,1.0
S3,GMR-Competitive,5,3,RF,1.0,1.0,0.9989594172736732,0.9989583333333334
S3,GMR-Competitive,5,3,LR,0.9657319627480032,0.964140625,0.8881856540084389,0.8895833333333334
S3,GMR-Competitive,5,3,DT,0.997920997920998,0.9989583333333334,0.9989594172736732,0.9989583333333334
S3,GMR-Competitive,5,3,XGB,0.9999342327728591,0.9999348958333334,0.9979166666666667,0.9979166666666667
S3,GMR-Competitive,10,42,KNN,1.0,1.0,1.0,1.0
S3,GMR-Competitive,10,42,RF,1.0,1.0,1.0,1.0
S3,GMR-Competitive,10,42,LR,0.968061624164642,0.9661979166666668,0.8941908713692946,0.89375
S3,GMR-Competitive,10,42,DT,1.0,1.0,1.0,1.0
S3,GMR-Competitive,10,42,XGB,1.0000000000000002,1.0,1.0,1.0
S3,GMR-Competitive,10,0,KNN,1.0,1.0,1.0,1.0
S3,GMR-Competitive,10,0,RF,1.0,1.0,0.9979123173277662,0.9979166666666667
S3,GMR-Competitive,10,0,LR,0.9663703953126257,0.9650260416666667,0.8921465968586387,0.8927083333333333
S3,GMR-Competitive,10,0,DT,0.9916841004184102,0.99375,0.9937369519832986,0.99375
S3,GMR-Competitive,10,0,XGB,1.0,0.9999999999999999,1.0,1.0
S3,GMR-Competitive,10,1,KNN,1.0,1.0,1.0,1.0
S3,GMR-Competitive,10,1,RF,0.9999740932364286,0.9999739583333334,0.9968717413972888,0.996875
S3,GMR-Competitive,10,1,LR,0.9692431368128489,0.9672222222222223,0.8895966029723992,0.8916666666666666
S3,GMR-Competitive,10,1,DT,0.996875,0.996875,0.9968652037617555,0.996875
S3,GMR-Competitive,10,1,XGB,0.9993555057569388,0.9994704861111111,0.9979166666666667,0.9979166666666667
S3,GMR-Competitive,10,2,KNN,1.0,1.0,1.0,1.0
S3,GMR-Competitive,10,2,RF,1.0,1.0,1.0,1.0
S3,GMR-Competitive,10,2,LR,0.9669536629097569,0.9651128472222222,0.8981288981288982,0.8979166666666667
S3,GMR-Competitive,10,2,DT,0.9989583333333334,0.9989583333333334,0.9989572471324296,0.9989583333333334
S3,GMR-Competitive,10,2,XGB,1.0,1.0,0.9979123173277662,0.9979166666666667
S3,GMR-Competitive,10,3,KNN,1.0,1.0,1.0,1.0
S3,GMR-Competitive,10,3,RF,1.0,1.0,0.9989594172736732,0.9989583333333334
S3,GMR-Competitive,10,3,LR,0.9657319627480032,0.964140625,0.8881856540084389,0.8895833333333334
S3,GMR-Competitive,10,3,DT,0.997920997920998,0.9989583333333334,0.9989594172736732,0.9989583333333334
S3,GMR-Competitive,10,3,XGB,0.9999342327728591,0.9999348958333334,0.9979166666666667,0.9979166666666667
S3,GMR-Competitive,20,42,KNN,1.0,1.0,1.0,1.0
S3,GMR-Competitive,20,42,RF,1.0,1.0,1.0,1.0
S3,GMR-Competitive,20,42,LR,0.968061624164642,0.9661979166666668,0.8941908713692946,0.89375
S3,GMR-Competitive,20,42,DT,1.0,1.0,1.0,1.0
S3,GMR-Competitive,20,42,XGB,1.0000000000000002,1.0,1.0,1.0
S3,GMR-Competitive,20,0,KNN,1.0,1.0,1.0,1.0
S3,GMR-Competitive,20,0,RF,1.0,1.0,0.9979123173277662,0.9979166666666667
S3,GMR-Competitive,20,0,LR,0.9663703953126257,0.9650260416666667,0.8921465968586387,0.8927083333333333
S3,GMR-Competitive,20,0,DT,0.9916841004184102,0.99375,0.9937369519832986,0.99375
S3,GMR-Competitive,20,0,XGB,1.0,0.9999999999999999,1.0,1.0
S3,GMR-Competitive,20,1,KNN,1.0,1.0,1.0,1.0
S3,GMR-Competitive,20,1,RF,0.9999740932364286,0.9999739583333334,0.9968717413972888,0.996875
S3,GMR-Competitive,20,1,LR,0.9692431368128489,0.9672222222222223,0.8895966029723992,0.8916666666666666
S3,GMR-Competitive,20,1,DT,0.996875,0.996875,0.9968652037617555,0.996875
S3,GMR-Competitive,20,1,XGB,0.9993555057569388,0.9994704861111111,0.9979166666666667,0.9979166666666667
S3,GMR-Competitive,20,2,KNN,1.0,1.0,1.0,1.0
S3,GMR-Competitive,20,2,RF,1.0,1.0,1.0,1.0
S3,GMR-Competitive,20,2,LR,0.9669536629097569,0.9651128472222222,0.8981288981288982,0.8979166666666667
S3,GMR-Competitive,20,2,DT,0.9989583333333334,0.9989583333333334,0.9989572471324296,0.9989583333333334
S3,GMR-Competitive,20,2,XGB,1.0,1.0,0.9979123173277662,0.9979166666666667
S3,GMR-Competitive,20,3,KNN,1.0,1.0,1.0,1.0
S3,GMR-Competitive,20,3,RF,1.0,1.0,0.9989594172736732,0.9989583333333334
S3,GMR-Competitive,20,3,LR,0.9657319627480032,0.964140625,0.8881856540084389,0.8895833333333334
S3,GMR-Competitive,20,3,DT,0.997920997920998,0.9989583333333334,0.9989594172736732,0.9989583333333334
S3,GMR-Competitive,20,3,XGB,0.9999342327728591,0.9999348958333334,0.9979166666666667,0.9979166666666667
S3,GMR-Competitive,50,42,KNN,1.0,1.0,1.0,1.0
S3,GMR-Competitive,50,42,RF,1.0,1.0,1.0,1.0
S3,GMR-Competitive,50,42,LR,0.968061624164642,0.9661979166666668,0.8941908713692946,0.89375
S3,GMR-Competitive,50,42,DT,1.0,1.0,1.0,1.0
S3,GMR-Competitive,50,42,XGB,1.0000000000000002,1.0,1.0,1.0
S3,GMR-Competitive,50,0,KNN,1.0,1.0,1.0,1.0
S3,GMR-Competitive,50,0,RF,1.0,1.0,0.9979123173277662,0.9979166666666667
S3,GMR-Competitive,50,0,LR,0.9663703953126257,0.9650260416666667,0.8921465968586387,0.8927083333333333
S3,GMR-Competitive,50,0,DT,0.9916841004184102,0.99375,0.9937369519832986,0.99375
S3,GMR-Competitive,50,0,XGB,1.0,0.9999999999999999,1.0,1.0
S3,GMR-Competitive,50,1,KNN,1.0,1.0,1.0,1.0
S3,GMR-Competitive,50,1,RF,0.9999740932364286,0.9999739583333334,0.9968717413972888,0.996875
S3,GMR-Competitive,50,1,LR,0.9692431368128489,0.9672222222222223,0.8895966029723992,0.8916666666666666
S3,GMR-Competitive,50,1,DT,0.996875,0.996875,0.9968652037617555,0.996875
S3,GMR-Competitive,50,1,XGB,0.9993555057569388,0.9994704861111111,0.9979166666666667,0.9979166666666667
S3,GMR-Competitive,50,2,KNN,1.0,1.0,1.0,1.0
S3,GMR-Competitive,50,2,RF,1.0,1.0,1.0,1.0
S3,GMR-Competitive,50,2,LR,0.9669536629097569,0.9651128472222222,0.8981288981288982,0.8979166666666667
S3,GMR-Competitive,50,2,DT,0.9989583333333334,0.9989583333333334,0.9989572471324296,0.9989583333333334
S3,GMR-Competitive,50,2,XGB,1.0,1.0,0.9979123173277662,0.9979166666666667
S3,GMR-Competitive,50,3,KNN,1.0,1.0,1.0,1.0
S3,GMR-Competitive,50,3,RF,1.0,1.0,0.9989594172736732,0.9989583333333334
S3,GMR-Competitive,50,3,LR,0.9657319627480032,0.964140625,0.8881856540084389,0.8895833333333334
S3,GMR-Competitive,50,3,DT,0.997920997920998,0.9989583333333334,0.9989594172736732,0.9989583333333334
S3,GMR-Competitive,50,3,XGB,0.9999342327728591,0.9999348958333334,0.9979166666666667,0.9979166666666667
S4,GMR-Bidirectional,5,42,KNN,0.9032990056245871,0.9683749999999999,0.9113924050632911,0.9425
S4,GMR-Bidirectional,5,42,RF,0.9886384146092105,0.99775,0.926829268292683,0.965
S4,GMR-Bidirectional,5,42,LR,0.5105505079769157,0.51325,0.2733812949640288,0.5375
S4,GMR-Bidirectional,5,42,DT,0.8678571428571428,0.965,0.926829268292683,0.965
S4,GMR-Bidirectional,5,42,XGB,0.9812191828485781,0.9959375,0.9024390243902439,0.95
S4,GMR-Bidirectional,5,0,KNN,0.9158877153503678,0.9688125,0.9135802469135802,0.9525
S4,GMR-Bidirectional,5,0,RF,0.8967138995612118,0.9756875,0.9113924050632911,0.9425
S4,GMR-Bidirectional,5,0,LR,0.41159395998993203,0.47775,0.22950819672131148,0.505
S4,GMR-Bidirectional,5,0,DT,0.7500000000000001,0.9199999999999999,0.8536585365853658,0.9199999999999999
S4,GMR-Bidirectional,5,0,XGB,0.9564360783576924,0.99225,0.9,0.94
S4,GMR-Bidirectional,5,1,KNN,0.8921094533044063,0.9875625,0.9195402298850575,0.9824999999999999
S4,GMR-Bidirectional,5,1,RF,0.8980010631344555,0.9861875,0.9176470588235294,0.9724999999999999
S4,GMR-Bidirectional,5,1,LR,0.5122888074544926,0.547625,0.2900763358778626,0.5575
S4,GMR-Bidirectional,5,1,DT,0.813209219858156,0.9674999999999999,0.896551724137931,0.9675
S4,GMR-Bidirectional,5,1,XGB,0.9629468027181992,0.9931875,0.9176470588235294,0.9724999999999999
S4,GMR-Bidirectional,5,2,KNN,0.9230309848732268,0.9698125,0.9135802469135802,0.9525
S4,GMR-Bidirectional,5,2,RF,0.932930710763986,0.965875,0.891566265060241,0.9475
S4,GMR-Bidirectional,5,2,LR,0.5364247849714541,0.557375,0.29411764705882354,0.56
S4,GMR-Bidirectional,5,2,DT,0.7677845528455285,0.9225,0.8641975308641975,0.9225
S4,GMR-Bidirectional,5,2,XGB,0.9280063761301595,0.9768749999999999,0.8780487804878049,0.935
S4,GMR-Bidirectional,5,3,KNN,0.8292734735903616,0.9402499999999999,0.8571428571428571,0.9025
S4,GMR-Bidirectional,5,3,RF,0.8881095027407773,0.9504375,0.8571428571428571,0.9025
S4,GMR-Bidirectional,5,3,LR,0.5955800113099092,0.6703750000000002,0.37037037037037035,0.6375
S4,GMR-Bidirectional,5,3,DT,0.7660256410256411,0.9125,0.8607594936708861,0.9125
S4,GMR-Bidirectional,5,3,XGB,0.9310061963877765,0.982,0.868421052631579,0.905
S4,GMR-Bidirectional,10,42,KNN,0.8445412774360144,0.9498540450375313,0.85,0.8840700583819849
S4,GMR-Bidirectional,10,42,RF,0.838292950187713,0.9660133444537115,0.7906976744186046,0.8771893244370308
S4,GMR-Bidirectional,10,42,LR,0.4210936916967536,0.5658882402001669,0.21666666666666667,0.6005004170141786
S4,GMR-Bidirectional,10,42,DT,0.630770944741533,0.8363219349457881,0.7692307692307693,0.8363219349457882
S4,GMR-Bidirectional,10,42,XGB,0.8091667095203604,0.9801918265221018,0.7441860465116279,0.8521684737281068
S4,GMR-Bidirectional,10,0,KNN,0.874134199134199,0.9512093411175979,0.8888888888888888,0.9476647206005004
S4,GMR-Bidirectional,10,0,RF,0.8875447878262401,0.9685154295246039,0.9090909090909091,0.9499582985821518
S4,GMR-Bidirectional,10,0,LR,0.3199741509247794,0.47602168473728107,0.16071428571428573,0.5187656380316931
S4,GMR-Bidirectional,10,0,DT,0.7465909090909091,0.963511259382819,0.8571428571428571,0.963511259382819
S4,GMR-Bidirectional,10,0,XGB,0.9626246228518957,0.99395329441201,0.8888888888888888,0.9476647206005004
S4,GMR-Bidirectional,10,1,KNN,0.8844276094276095,0.9702877397831526,0.8,0.8590492076730609
S4,GMR-Bidirectional,10,1,RF,0.8599175176512684,0.9859257714762303,0.7906976744186046,0.8771893244370308
S4,GMR-Bidirectional,10,1,LR,0.42108551106902536,0.5656797331109258,0.19642857142857142,0.5688073394495412
S4,GMR-Bidirectional,10,1,DT,0.6303030303030303,0.8953294412010009,0.782608695652174,0.8953294412010009
S4,GMR-Bidirectional,10,1,XGB,0.8369691713974868,0.9835279399499584,0.7906976744186046,0.8771893244370308
S4,GMR-Bidirectional,10,2,KNN,0.8029479578392622,0.9247289407839867,0.7027027027027027,0.7908673894912428
S4,GMR-Bidirectional,10,2,RF,0.8615561206470295,0.942347789824854,0.8095238095238095,0.8794829024186822
S4,GMR-Bidirectional,10,2,LR,0.273743150865987,0.46663886572143454,0.15841584158415842,0.5189741451209341
S4,GMR-Bidirectional,10,2,DT,0.6463744588744589,0.8771893244370309,0.7906976744186046,0.8771893244370308
S4,GMR-Bidirectional,10,2,XGB,0.9221335576422826,0.9908256880733944,0.7906976744186046,0.8771893244370308
S4,GMR-Bidirectional,10,3,KNN,0.8460227272727272,0.9495412844036697,0.8571428571428571,0.9045037531276063
S4,GMR-Bidirectional,10,3,RF,0.8553637677649535,0.9673686405337782,0.8571428571428571,0.9045037531276063
S4,GMR-Bidirectional,10,3,LR,0.4513034451794521,0.5377397831526272,0.2018348623853211,0.5756880733944953
S4,GMR-Bidirectional,10,3,DT,0.6776515151515151,0.8794829024186821,0.8095238095238095,0.8794829024186822
S4,GMR-Bidirectional,10,3,XGB,0.8403216448551836,0.9830066722268558,0.8837209302325582,0.927231025854879
S4,GMR-Bidirectional,20,42,KNN,0.6935966810966812,0.8612544660579595,0.8,0.8614529575228265
S4,GMR-Bidirectional,20,42,RF,0.7690157065157066,0.9458118300913061,0.8,0.8614529575228265
S4,GMR-Bidirectional,20,42,LR,0.3305819545948788,0.5379118697895989,0.10309278350515463,0.5504168320762207
S4,GMR-Bidirectional,20,42,DT,0.3496753246753247,0.722905915045653,0.5555555555555556,0.722905915045653
S4,GMR-Bidirectional,20,42,XGB,0.8004624163715073,0.981738785232235,0.8,0.8614529575228265
S4,GMR-Bidirectional,20,0,KNN,0.7502164502164502,0.9043271139341009,0.6666666666666666,0.7705438666137356
S4,GMR-Bidirectional,20,0,RF,0.8036255411255412,0.9430329495831679,0.6666666666666666,0.7705438666137356
S4,GMR-Bidirectional,20,0,LR,0.1480325132073543,0.4299325129019452,0.08888888888888889,0.518062723302898
S4,GMR-Bidirectional,20,0,DT,0.5734848484848485,0.8159984120682809,0.7368421052631579,0.815998412068281
S4,GMR-Bidirectional,20,0,XGB,0.9406926406926406,0.9964271536323939,0.8571428571428571,0.906907502977372
S4,GMR-Bidirectional,20,1,KNN,0.8147727272727272,0.9499801508535133,0.7368421052631579,0.815998412068281
S4,GMR-Bidirectional,20,1,RF,0.8150143973673385,0.9886859865025803,0.5555555555555556,0.722905915045653
S4,GMR-Bidirectional,20,1,LR,0.21024547866727336,0.32671695117109967,0.038461538461538464,0.39221913457721314
S4,GMR-Bidirectional,20,1,DT,0.4600524475524476,0.852719333068678,0.6666666666666666,0.852719333068678
S4,GMR-Bidirectional,20,1,XGB,0.7994017094017094,0.9863040889241762,0.7619047619047619,0.8592695514092894
S4,GMR-Bidirectional,20,2,KNN,0.7343073593073594,0.9031361651448988,0.6666666666666666,0.7705438666137356
S4,GMR-Bidirectional,20,2,RF,0.7709298871063577,0.9360857483128227,0.7,0.813815005954744
S4,GMR-Bidirectional,20,2,LR,0.3634334370658821,0.5164747915839618,0.09900990099009901,0.5416832076220722
S4,GMR-Bidirectional,20,2,DT,0.5414256198347107,0.8570861452957522,0.7272727272727273,0.8570861452957523
S4,GMR-Bidirectional,20,2,XGB,0.8023482199618563,0.9597062326319968,0.6666666666666666,0.8116315998412068
S4,GMR-Bidirectional,20,3,KNN,0.8095582447855174,0.9509726081778483,0.6666666666666666,0.7705438666137356
S4,GMR-Bidirectional,20,3,RF,0.8618741765480897,0.9464073044859072,0.7777777777777778,0.8181818181818181
S4,GMR-Bidirectional,20,3,LR,0.12880150035435894,0.3687971417229059,0.06593406593406594,0.46824136562127827
S4,GMR-Bidirectional,20,3,DT,0.4621212121212121,0.8116315998412067,0.6666666666666666,0.8116315998412068
S4,GMR-Bidirectional,20,3,XGB,0.881720790389521,0.9916633584755856,0.7368421052631579,0.815998412068281
S4,GMR-Bidirectional,50,42,KNN,0.2432692307692308,0.6812765957446809,0.3333333333333333,0.6
S4,GMR-Bidirectional,50,42,RF,0.44362745098039214,0.7706382978723405,0.5714285714285714,0.7
S4,GMR-Bidirectional,50,42,LR,0.0803958175817939,0.4059574468085107,0.05,0.5446808510638298
S4,GMR-Bidirectional,50,42,DT,0.17250000000000004,0.6936170212765957,0.4,0.6936170212765957
S4,GMR-Bidirectional,50,42,XGB,0.40345864661654135,0.9540425531914893,0.3333333333333333,0.6
S4,GMR-Bidirectional,50,0,KNN,0.5641666666666667,0.8906382978723404,0.5714285714285714,0.7
S4,GMR-Bidirectional,50,0,RF,0.4628787878787879,0.7731914893617021,0.5,0.6978723404255319
S4,GMR-Bidirectional,50,0,LR,0.2178993530210988,0.46468085106382984,0.0392156862745098,0.4978723404255319
S4,GMR-Bidirectional,50,0,DT,0.2791666666666667,0.6978723404255319,0.5,0.6978723404255319
S4,GMR-Bidirectional,50,0,XGB,0.546693657219973,0.9395744680851063,0.4,0.6936170212765957
S4,GMR-Bidirectional,50,1,KNN,0.8666666666666667,0.9957446808510639,0.3333333333333333,0.6
S4,GMR-Bidirectional,50,1,RF,0.7892857142857144,0.9940425531914894,0.6666666666666666,0.7978723404255319
S4,GMR-Bidirectional,50,1,LR,0.41612654012654016,0.622127659574468,0.039603960396039604,0.5
S4,GMR-Bidirectional,50,1,DT,0.21250000000000002,0.6957446808510638,0.4444444444444444,0.6957446808510639
S4,GMR-Bidirectional,50,1,XGB,0.8261904761904761,0.9957446808510638,0.6,0.7957446808510638
S4,GMR-Bidirectional,50,2,KNN,0.41250000000000003,0.6961702127659575,0.5714285714285714,0.7
S4,GMR-Bidirectional,50,2,RF,0.5712254901960785,0.8795744680851064,0.3333333333333333,0.6
S4,GMR-Bidirectional,50,2,LR,0.11926159602497054,0.3965957446808511,0.05194805194805195,0.5510638297872341
S4,GMR-Bidirectional,50,2,DT,0.08333333333333333,0.5957446808510638,0.25,0.5957446808510638
S4,GMR-Bidirectional,50,2,XGB,0.8583333333333332,0.9957446808510638,0.5714285714285714,0.7
S4,GMR-Bidirectional,50,3,KNN,0.6341666666666667,0.8940425531914894,0.5714285714285714,0.7
S4,GMR-Bidirectional,50,3,RF,0.6477124183006536,0.9846808510638299,0.5714285714285714,0.7
S4,GMR-Bidirectional,50,3,LR,0.054711426342800795,0.5293617021276597,0.04878048780487805,0.5404255319148936
S4,GMR-Bidirectional,50,3,DT,0.21250000000000002,0.6957446808510638,0.4444444444444444,0.6957446808510639
S4,GMR-Bidirectional,50,3,XGB,0.7797979797979797,0.9906382978723404,0.5714285714285714,0.7
S4,GMR-DataGated,5,42,KNN,0.9043510543510543,0.9688125,0.9113924050632911,0.9425
S4,GMR-DataGated,5,42,RF,0.9816050866273389,0.9968125,0.926829268292683,0.965
S4,GMR-DataGated,5,42,LR,0.5053398641458464,0.508,0.26573426573426573,0.5275
S4,GMR-DataGated,5,42,DT,0.8472560975609756,0.9525,0.9135802469135802,0.9525
S4,GMR-DataGated,5,42,XGB,0.9841518847006653,0.9964999999999999,0.891566265060241,0.9475
S4,GMR-DataGated,5,0,KNN,0.9148662173202615,0.9688749999999999,0.9,0.94
S4,GMR-DataGated,5,0,RF,0.9387957277009712,0.9881249999999999,0.8974358974358975,0.9299999999999999
S4,GMR-DataGated,5,0,LR,0.39341423879259174,0.468375,0.22950819672131148,0.505
S4,GMR-DataGated,5,0,DT,0.6931910569105691,0.8925,0.8148148148148148,0.8925
S4,GMR-DataGated,5,0,XGB,0.9528929953529895,0.9916250000000001,0.8641975308641975,0.9225
S4,GMR-DataGated,5,1,KNN,0.8855252225312247,0.98675,0.9069767441860465,0.97
S4,GMR-DataGated,5,1,RF,0.8798471235906276,0.9856875,0.9047619047619048,0.96
S4,GMR-DataGated,5,1,LR,0.5113837163146663,0.547875,0.2900763358778626,0.5575
S4,GMR-DataGated,5,1,DT,0.806910569105691,0.9374999999999999,0.8888888888888888,0.9375
S4,GMR-DataGated,5,1,XGB,0.955505820965736,0.9920625,0.9047619047619048,0.96
S4,GMR-DataGated,5,2,KNN,0.9050066600066601,0.958125,0.9113924050632911,0.9425
S4,GMR-DataGated,5,2,RF,0.9331348463785423,0.9659374999999999,0.891566265060241,0.9475
S4,GMR-DataGated,5,2,LR,0.5188173351547799,0.5521250000000001,0.3007518796992481,0.5675
S4,GMR-DataGated,5,2,DT,0.7855263157894737,0.9149999999999999,0.8717948717948718,0.915
S4,GMR-DataGated,5,2,XGB,0.9401367936258844,0.984125,0.891566265060241,0.9475
S4,GMR-DataGated,5,3,KNN,0.8286314133894779,0.940125,0.8421052631578947,0.89
S4,GMR-DataGated,5,3,RF,0.8973133046540582,0.9592499999999999,0.8461538461538461,0.8999999999999999
S4,GMR-DataGated,5,3,LR,0.5911796810636587,0.668625,0.37037037037037035,0.6375
S4,GMR-DataGated,5,3,DT,0.7456140350877193,0.8999999999999999,0.8461538461538461,0.8999999999999999
S4,GMR-DataGated,5,3,XGB,0.9085915232146524,0.9542499999999999,0.8831168831168831,0.9175
S4,GMR-DataGated,10,42,KNN,0.812367190382248,0.9279608006672226,0.85,0.8840700583819849
S4,GMR-DataGated,10,42,RF,0.8156449691814784,0.9446413678065054,0.8,0.8590492076730609
S4,GMR-DataGated,10,42,LR,0.3978047922331075,0.5229357798165137,0.15517241379310345,0.5095913261050876
S4,GMR-DataGated,10,42,DT,0.6714646464646464,0.8590492076730609,0.8,0.8590492076730609
S4,GMR-DataGated,10,42,XGB,0.8612035432364591,0.9838407005838199,0.7692307692307693,0.8363219349457882
S4,GMR-DataGated,10,0,KNN,0.874134199134199,0.9514178482068391,0.8888888888888888,0.9476647206005004
S4,GMR-DataGated,10,0,RF,0.86015955070979,0.9675771476230192,0.9090909090909091,0.9499582985821518
S4,GMR-DataGated,10,0,LR,0.31818388427820754,0.47539616346955793,0.15789473684210525,0.5141784820683903
S4,GMR-DataGated,10,0,DT,0.7751456876456877,0.9658048373644704,0.875,0.9658048373644704
S4,GMR-DataGated,10,0,XGB,0.9626246228518957,0.99395329441201,0.8888888888888888,0.9476647206005004
S4,GMR-DataGated,10,1,KNN,0.8734126984126984,0.9492285237698082,0.8421052631578947,0.8636363636363636
S4,GMR-DataGated,10,1,RF,0.902352326748112,0.9890533778148457,0.7804878048780488,0.8567556296914095
S4,GMR-DataGated,10,1,LR,0.37508189812660586,0.5016680567139283,0.1834862385321101,0.5506672226855713
S4,GMR-DataGated,10,1,DT,0.6463744588744589,0.8771893244370309,0.7906976744186046,0.8771893244370308
S4,GMR-DataGated,10,1,XGB,0.8918260456089099,0.9871768140116765,0.75,0.8340283569641367
S4,GMR-DataGated,10,2,KNN,0.7667650531286896,0.9026271893244371,0.6666666666666666,0.76814011676397
S4,GMR-DataGated,10,2,RF,0.8391550202854031,0.9218098415346122,0.7567567567567568,0.8158882402001668
S4,GMR-DataGated,10,2,LR,0.2826010802083598,0.4718515429524604,0.16666666666666666,0.530442035029191
S4,GMR-DataGated,10,2,DT,0.5901515151515151,0.8135946622185154,0.7368421052631579,0.8135946622185155
S4,GMR-DataGated,10,2,XGB,0.9050622569800144,0.9908256880733946,0.7692307692307693,0.8363219349457882
S4,GMR-DataGated,10,3,KNN,0.8136857707509882,0.9273352793994996,0.8571428571428571,0.9045037531276063
S4,GMR-DataGated,10,3,RF,0.8029502379372819,0.9428690575479567,0.8205128205128205,0.8613427856547122
S4,GMR-DataGated,10,3,LR,0.4245251787069169,0.5214762301918265,0.19047619047619047,0.5598415346121768
S4,GMR-DataGated,10,3,DT,0.6714646464646464,0.8590492076730609,0.8,0.8590492076730609
S4,GMR-DataGated,10,3,XGB,0.8930005452421643,0.9795663052543786,0.8571428571428571,0.9045037531276063
S4,GMR-DataGated,20,42,KNN,0.6935966810966812,0.8612544660579595,0.8,0.8614529575228265
S4,GMR-DataGated,20,42,RF,0.6601133714770079,0.8985708614529576,0.7272727272727273,0.8570861452957523
S4,GMR-DataGated,20,42,LR,0.3161120514220601,0.5168717745136959,0.09803921568627451,0.5394998015085352
S4,GMR-DataGated,20,42,DT,0.5734848484848485,0.8159984120682809,0.7368421052631579,0.815998412068281
S4,GMR-DataGated,20,42,XGB,0.7806027306027307,0.9404525605398968,0.6956521739130435,0.8549027391822152
S4,GMR-DataGated,20,0,KNN,0.7195707070707071,0.8622469233822946,0.6666666666666666,0.7705438666137356
S4,GMR-DataGated,20,0,RF,0.7949549846288976,0.9418420007939659,0.7368421052631579,0.815998412068281
S4,GMR-DataGated,20,0,LR,0.15171276893199243,0.42993251290194523,0.0975609756097561,0.5355299722111949
S4,GMR-DataGated,20,0,DT,0.6530303030303031,0.8181818181818181,0.7777777777777778,0.8181818181818181
S4,GMR-DataGated,20,0,XGB,0.9386724386724387,0.9956331877729258,0.8421052631578947,0.8636363636363636
S4,GMR-DataGated,20,1,KNN,0.7987357339630067,0.9501786423183802,0.6666666666666666,0.7705438666137356
S4,GMR-DataGated,20,1,RF,0.8254791504791505,0.9884874950377134,0.5555555555555556,0.722905915045653
S4,GMR-DataGated,20,1,LR,0.21234824036527938,0.36085748312822546,0.05714285714285714,0.4376736800317586
S4,GMR-DataGated,20,1,DT,0.4299242424242424,0.7683604605001985,0.631578947368421,0.7683604605001985
S4,GMR-DataGated,20,1,XGB,0.8037851250766852,0.9845176657403732,0.5882352941176471,0.7250893211591901
S4,GMR-DataGated,20,2,KNN,0.773255280073462,0.906113537117904,0.6666666666666666,0.7705438666137356
S4,GMR-DataGated,20,2,RF,0.80093103082915,0.9414450178642318,0.7368421052631579,0.815998412068281
S4,GMR-DataGated,20,2,LR,0.36216592824973226,0.5136959110758237,0.09615384615384616,0.5351329892814609
S4,GMR-DataGated,20,2,DT,0.5734848484848485,0.8159984120682809,0.7368421052631579,0.815998412068281
S4,GMR-DataGated,20,2,XGB,0.7907690348866819,0.9708217546645495,0.631578947368421,0.7683604605001985
S4,GMR-DataGated,20,3,KNN,0.7190771349862259,0.9045256053989679,0.4,0.6341802302500992
S4,GMR-DataGated,20,3,RF,0.8174242424242426,0.9039301310043669,0.7058823529411765,0.7727272727272727
S4,GMR-DataGated,20,3,LR,0.12251110964501483,0.3084557364033347,0.024096385542168676,0.3904327113934101
S4,GMR-DataGated,20,3,DT,0.4621212121212121,0.8116315998412067,0.6666666666666666,0.8116315998412068
S4,GMR-DataGated,20,3,XGB,0.8364304812834225,0.9892814608971814,0.5882352941176471,0.7250893211591901
S4,GMR-DataGated,50,42,KNN,0.2569444444444445,0.6880851063829786,0.3333333333333333,0.6
S4,GMR-DataGated,50,42,RF,0.44166666666666665,0.7740425531914894,0.5714285714285714,0.7
S4,GMR-DataGated,50,42,LR,0.08377965087162195,0.3982978723404256,0.05194805194805195,0.5510638297872341
S4,GMR-DataGated,50,42,DT,0.21250000000000002,0.6957446808510638,0.4444444444444444,0.6957446808510639
S4,GMR-DataGated,50,42,XGB,0.3879120879120879,0.9523404255319149,0.2222222222222222,0.5936170212765958
S4,GMR-DataGated,50,0,KNN,0.5641666666666667,0.8906382978723404,0.5714285714285714,0.7
S4,GMR-DataGated,50,0,RF,0.37916666666666665,0.7706382978723404,0.5,0.6978723404255319
S4,GMR-DataGated,50,0,LR,0.25090486688950525,0.4434042553191489,0.04081632653061224,0.5063829787234042
S4,GMR-DataGated,50,0,DT,0.2791666666666667,0.6978723404255319,0.5,0.6978723404255319
S4,GMR-DataGated,50,0,XGB,0.5934782608695652,0.9719148936170212,0.4,0.6936170212765957
S4,GMR-DataGated,50,1,KNN,0.8769230769230769,0.996595744680851,0.3333333333333333,0.6
S4,GMR-DataGated,50,1,RF,0.8392857142857142,0.9948936170212767,0.75,0.8
S4,GMR-DataGated,50,1,LR,0.4144465560396774,0.588936170212766,0.0380952380952381,0.49148936170212765
S4,GMR-DataGated,50,1,DT,0.21250000000000002,0.6957446808510638,0.4444444444444444,0.6957446808510639
S4,GMR-DataGated,50,1,XGB,0.7961904761904761,0.9948936170212767,0.5,0.6978723404255319
S4,GMR-DataGated,50,2,KNN,0.41250000000000003,0.6974468085106382,0.5714285714285714,0.7
S4,GMR-DataGated,50,2,RF,0.6113095238095239,0.8859574468085106,0.3333333333333333,0.6
S4,GMR-DataGated,50,2,LR,0.2153474529189586,0.3982978723404256,0.029850746268656716,0.47021276595744677
S4,GMR-DataGated,50,2,DT,0.21666666666666667,0.6,0.3333333333333333,0.6
S4,GMR-DataGated,50,2,XGB,0.7722222222222221,0.9897872340425533,0.5714285714285714,0.7
S4,GMR-DataGated,50,3,KNN,0.668452380952381,0.8965957446808511,0.5714285714285714,0.7
S4,GMR-DataGated,50,3,RF,0.5680555555555555,0.8838297872340426,0.5714285714285714,0.7
S4,GMR-DataGated,50,3,LR,0.07124000367753207,0.5293617021276595,0.05405405405405406,0.5574468085106383
S4,GMR-DataGated,50,3,DT,0.36833333333333335,0.7957446808510639,0.6,0.7957446808510638
S4,GMR-DataGated,50,3,XGB,0.7285714285714284,0.9714893617021276,0.5714285714285714,0.7
S4,GMR-ModelAgnostic,5,42,KNN,0.9043510543510543,0.9688125,0.9113924050632911,0.9425
S4,GMR-ModelAgnostic,5,42,RF,0.9860590353139312,0.997125,0.9135802469135802,0.9525
S4,GMR-ModelAgnostic,5,42,LR,0.5015518770820937,0.504125,0.26573426573426573,0.5275
S4,GMR-ModelAgnostic,5,42,DT,0.8472560975609756,0.9525,0.9135802469135802,0.9525
S4,GMR-ModelAgnostic,5,42,XGB,0.9834574402562207,0.9964375,0.9024390243902439,0.95
S4,GMR-ModelAgnostic,5,0,KNN,0.9165599842579308,0.9691875,0.9135802469135802,0.9525
S4,GMR-ModelAgnostic,5,0,RF,0.9273862253212946,0.9778125,0.9113924050632911,0.9425
S4,GMR-ModelAgnostic,5,0,LR,0.4022513496263629,0.472125,0.22950819672131148,0.505
S4,GMR-ModelAgnostic,5,0,DT,0.6931910569105691,0.8925,0.8148148148148148,0.8925
S4,GMR-ModelAgnostic,5,0,XGB,0.9609366464360848,0.9930625,0.9135802469135802,0.9525
S4,GMR-ModelAgnostic,5,1,KNN,0.8855252225312247,0.98675,0.9069767441860465,0.97
S4,GMR-ModelAgnostic,5,1,RF,0.914391701872082,0.98825,0.9285714285714286,0.975
S4,GMR-ModelAgnostic,5,1,LR,0.5100058190382881,0.5485,0.2900763358778626,0.5575
S4,GMR-ModelAgnostic,5,1,DT,0.806910569105691,0.9374999999999999,0.8888888888888888,0.9375
S4,GMR-ModelAgnostic,5,1,XGB,0.9546995863884716,0.9919375,0.9176470588235294,0.9724999999999999
S4,GMR-ModelAgnostic,5,2,KNN,0.9069848855824466,0.9579374999999999,0.9135802469135802,0.9525
S4,GMR-ModelAgnostic,5,2,RF,0.9331254185135398,0.9661875,0.9024390243902439,0.95
S4,GMR-ModelAgnostic,5,2,LR,0.5393294156646109,0.55825,0.29411764705882354,0.56
S4,GMR-ModelAgnostic,5,2,DT,0.8060897435897436,0.9275,0.8860759493670886,0.9275
S4,GMR-ModelAgnostic,5,2,XGB,0.9188513862986775,0.9785625,0.8780487804878049,0.935
S4,GMR-ModelAgnostic,5,3,KNN,0.8286429634010279,0.9401875,0.8571428571428571,0.9025
S4,GMR-ModelAgnostic,5,3,RF,0.8954515110150769,0.95125,0.8717948717948718,0.915
S4,GMR-ModelAgnostic,5,3,LR,0.5909385079978667,0.668375,0.37037037037037035,0.6375
S4,GMR-ModelAgnostic,5,3,DT,0.7660256410256411,0.9125,0.8607594936708861,0.9125
S4,GMR-ModelAgnostic,5,3,XGB,0.927920872719687,0.982,0.8831168831168831,0.9175
S4,GMR-ModelAgnostic,10,42,KNN,0.8445412774360144,0.9498540450375313,0.85,0.8840700583819849
S4,GMR-ModelAgnostic,10,42,RF,0.8165973607949311,0.9441201000834029,0.8695652173913043,0.945371142618849
S4,GMR-ModelAgnostic,10,42,LR,0.4094855244719234,0.5464970809007506,0.1694915254237288,0.5300250208507089
S4,GMR-ModelAgnostic,10,42,DT,0.753030303030303,0.9045037531276064,0.8571428571428571,0.9045037531276063
S4,GMR-ModelAgnostic,10,42,XGB,0.8048224554354937,0.9782110091743119,0.7906976744186046,0.8771893244370308
S4,GMR-ModelAgnostic,10,0,KNN,0.874134199134199,0.9512093411175979,0.8888888888888888,0.9476647206005004
S4,GMR-ModelAgnostic,10,0,RF,0.899892631049764,0.9693494578815681,0.9090909090909091,0.9499582985821518
S4,GMR-ModelAgnostic,10,0,LR,0.32280627685836216,0.47831526271893243,0.16071428571428573,0.5187656380316931
S4,GMR-ModelAgnostic,10,0,DT,0.7751456876456877,0.9658048373644704,0.875,0.9658048373644704
S4,GMR-ModelAgnostic,10,0,XGB,0.9582956185228914,0.9937447873227689,0.8888888888888888,0.9476647206005004
S4,GMR-ModelAgnostic,10,1,KNN,0.8648654059779379,0.9480817347789825,0.8205128205128205,0.8613427856547122
S4,GMR-ModelAgnostic,10,1,RF,0.8851835136602143,0.9870725604670558,0.75,0.8340283569641367
S4,GMR-ModelAgnostic,10,1,LR,0.38824543671575673,0.5233527939949958,0.2037037037037037,0.5779816513761468
S4,GMR-ModelAgnostic,10,1,DT,0.6303030303030303,0.8953294412010009,0.782608695652174,0.8953294412010009
S4,GMR-ModelAgnostic,10,1,XGB,0.8594790695747633,0.9850917431192661,0.8095238095238095,0.8794829024186822
S4,GMR-ModelAgnostic,10,2,KNN,0.8043831168831168,0.9246246872393662,0.7027027027027027,0.7908673894912428
S4,GMR-ModelAgnostic,10,2,RF,0.8327599002539193,0.9220183486238532,0.8292682926829268,0.8817764804003336
S4,GMR-ModelAgnostic,10,2,LR,0.2727391091865367,0.4643452877397831,0.18181818181818182,0.5485821517931609
S4,GMR-ModelAgnostic,10,2,DT,0.7122208931419458,0.8817764804003336,0.8292682926829268,0.8817764804003336
S4,GMR-ModelAgnostic,10,2,XGB,0.9228769766328397,0.9896788990825688,0.8,0.8590492076730609
S4,GMR-ModelAgnostic,10,3,KNN,0.8160216293368467,0.9273352793994997,0.8571428571428571,0.9045037531276063
S4,GMR-ModelAgnostic,10,3,RF,0.8693155165555252,0.9675771476230193,0.8,0.8590492076730609
S4,GMR-ModelAgnostic,10,3,LR,0.42877417015521085,0.5218932443703086,0.18018018018018017,0.5460800667222685
S4,GMR-ModelAgnostic,10,3,DT,0.7122208931419458,0.8817764804003336,0.8292682926829268,0.8817764804003336
S4,GMR-ModelAgnostic,10,3,XGB,0.9282830196996753,0.9817556296914095,0.8636363636363636,0.9249374478732277
S4,GMR-ModelAgnostic,20,42,KNN,0.6935966810966812,0.8612544660579595,0.8,0.8614529575228265
S4,GMR-ModelAgnostic,20,42,RF,0.7183384797021162,0.8983723699880906,0.7272727272727273,0.8570861452957523
S4,GMR-ModelAgnostic,20,42,LR,0.3151620927288641,0.5148868598650258,0.10204081632653061,0.5482334259626837
S4,GMR-ModelAgnostic,20,42,DT,0.2109848484848485,0.6730845573640334,0.42105263157894735,0.6730845573640334
S4,GMR-ModelAgnostic,20,42,XGB,0.8318542568542568,0.9867010718539103,0.7272727272727273,0.8570861452957523
S4,GMR-ModelAgnostic,20,0,KNN,0.7769283746556475,0.906510520047638,0.6666666666666666,0.7705438666137356
S4,GMR-ModelAgnostic,20,0,RF,0.8303547415776519,0.9847161572052402,0.7368421052631579,0.815998412068281
S4,GMR-ModelAgnostic,20,0,LR,0.14798595455675703,0.42874156411274306,0.09090909090909091,0.5224295355299722
S4,GMR-ModelAgnostic,20,0,DT,0.5662878787878788,0.7727272727272727,0.7058823529411765,0.7727272727272727
S4,GMR-ModelAgnostic,20,0,XGB,0.9113636363636364,0.9928543072647876,0.7777777777777778,0.8181818181818181
S4,GMR-ModelAgnostic,20,1,KNN,0.7758116883116883,0.9489876935291782,0.6666666666666666,0.7705438666137356
S4,GMR-ModelAgnostic,20,1,RF,0.8080358894318929,0.9882890035728463,0.5882352941176471,0.7250893211591901
S4,GMR-ModelAgnostic,20,1,LR,0.21231704301081505,0.36046050019849146,0.07142857142857142,0.4700277888050814
S4,GMR-ModelAgnostic,20,1,DT,0.4037878787878788,0.7250893211591902,0.5882352941176471,0.7250893211591901
S4,GMR-ModelAgnostic,20,1,XGB,0.8216640430276794,0.9876935291782454,0.6666666666666666,0.7705438666137356
S4,GMR-ModelAgnostic,20,2,KNN,0.7432983682983683,0.9039301310043669,0.6666666666666666,0.7705438666137356
S4,GMR-ModelAgnostic,20,2,RF,0.728828873147055,0.9362842397776896,0.7272727272727273,0.8570861452957523
S4,GMR-ModelAgnostic,20,2,LR,0.3680595702034526,0.5442635966653434,0.10309278350515463,0.5504168320762207
S4,GMR-ModelAgnostic,20,2,DT,0.5116161616161616,0.8138150059547439,0.7,0.813815005954744
S4,GMR-ModelAgnostic,20,2,XGB,0.7949873427146155,0.9660579595077411,0.6666666666666666,0.8116315998412068
S4,GMR-ModelAgnostic,20,3,KNN,0.8076298701298701,0.9507741167129813,0.6666666666666666,0.7705438666137356
S4,GMR-ModelAgnostic,20,3,RF,0.8560185185185186,0.945017864231838,0.8421052631578947,0.8636363636363636
S4,GMR-ModelAgnostic,20,3,LR,0.1284273323279244,0.3672092100039699,0.06593406593406594,0.46824136562127827
S4,GMR-ModelAgnostic,20,3,DT,0.4621212121212121,0.8116315998412067,0.6666666666666666,0.8116315998412068
S4,GMR-ModelAgnostic,20,3,XGB,0.8553971281244008,0.9868995633187773,0.7368421052631579,0.815998412068281
S4,GMR-ModelAgnostic,50,42,KNN,0.24886363636363637,0.6846808510638298,0.3333333333333333,0.6
S4,GMR-ModelAgnostic,50,42,RF,0.43991228070175437,0.7706382978723405,0.5714285714285714,0.7
S4,GMR-ModelAgnostic,50,42,LR,0.07046334177543997,0.40936170212765965,0.04938271604938271,0.5425531914893618
S4,GMR-ModelAgnostic,50,42,DT,0.21250000000000002,0.6957446808510638,0.4444444444444444,0.6957446808510639
S4,GMR-ModelAgnostic,50,42,XGB,0.43333333333333335,0.9544680851063829,0.3333333333333333,0.6
S4,GMR-ModelAgnostic,50,0,KNN,0.475,0.7914893617021277,0.5714285714285714,0.7
S4,GMR-ModelAgnostic,50,0,RF,0.43333333333333335,0.7668085106382978,0.5,0.6978723404255319
S4,GMR-ModelAgnostic,50,0,LR,0.22193878282199592,0.45957446808510644,0.03508771929824561,0.4723404255319149
S4,GMR-ModelAgnostic,50,0,DT,0.2791666666666667,0.6978723404255319,0.5,0.6978723404255319
S4,GMR-ModelAgnostic,50,0,XGB,0.5127777777777778,0.9225531914893618,0.4,0.6936170212765957
S4,GMR-ModelAgnostic,50,1,KNN,0.7333333333333334,0.9914893617021278,0.3333333333333333,0.6
S4,GMR-ModelAgnostic,50,1,RF,0.7297979797979799,0.9902127659574468,0.5714285714285714,0.7
S4,GMR-ModelAgnostic,50,1,LR,0.29457653457653454,0.6978723404255318,0.0594059405940594,0.602127659574468
S4,GMR-ModelAgnostic,50,1,DT,0.21250000000000002,0.6957446808510638,0.4444444444444444,0.6957446808510639
S4,GMR-ModelAgnostic,50,1,XGB,0.7595238095238095,0.9948936170212765,0.5,0.6978723404255319
S4,GMR-ModelAgnostic,50,2,KNN,0.41250000000000003,0.6961702127659575,0.5714285714285714,0.7
S4,GMR-ModelAgnostic,50,2,RF,0.42833333333333334,0.7821276595744682,0.3333333333333333,0.6
S4,GMR-ModelAgnostic,50,2,LR,0.2159972556388357,0.4,0.02631578947368421,0.451063829787234
S4,GMR-ModelAgnostic,50,2,DT,0.08333333333333333,0.5957446808510638,0.25,0.5957446808510638
S4,GMR-ModelAgnostic,50,2,XGB,0.7797979797979797,0.9906382978723405,0.5714285714285714,0.7
S4,GMR-ModelAgnostic,50,3,KNN,0.6541666666666667,0.8957446808510638,0.5714285714285714,0.7
S4,GMR-ModelAgnostic,50,3,RF,0.5983716475095786,0.9740425531914894,0.5714285714285714,0.7
S4,GMR-ModelAgnostic,50,3,LR,0.05459043822969731,0.5293617021276595,0.024390243902439025,0.4382978723404255
S4,GMR-ModelAgnostic,50,3,DT,0.2791666666666667,0.6978723404255319,0.5,0.6978723404255319
S4,GMR-ModelAgnostic,50,3,XGB,0.7287878787878788,0.983404255319149,0.5714285714285714,0.7
S4,GMR-Competitive,5,42,KNN,0.9022947772947774,0.9681875,0.9113924050632911,0.9425
S4,GMR-Competitive,5,42,RF,0.9886659840446748,0.997625,0.925,0.9550000000000001
S4,GMR-Competitive,5,42,LR,0.5108905442675682,0.5155000000000001,0.28368794326241137,0.5475
S4,GMR-Competitive,5,42,DT,0.8678571428571428,0.965,0.926829268292683,0.965
S4,GMR-Competitive,5,42,XGB,0.9840112846488532,0.9964375,0.9024390243902439,0.95
S4,GMR-Competitive,5,0,KNN,0.9721883468834689,0.9950625,0.9135802469135802,0.9525
S4,GMR-Competitive,5,0,RF,0.9148806797542703,0.9894375,0.925,0.9550000000000001
S4,GMR-Competitive,5,0,LR,0.41530251700482707,0.481875,0.23140495867768596,0.5075000000000001
S4,GMR-Competitive,5,0,DT,0.7903409090909091,0.9450000000000001,0.8809523809523809,0.9450000000000001
S4,GMR-Competitive,5,0,XGB,0.9660975256995809,0.9934375,0.9113924050632911,0.9425
S4,GMR-Competitive,5,1,KNN,0.8916958041958042,0.987625,0.9090909090909091,0.98
S4,GMR-Competitive,5,1,RF,0.882276200451735,0.9864375,0.9090909090909091,0.98
S4,GMR-Competitive,5,1,LR,0.49736081051784736,0.5575,0.3,0.565
S4,GMR-Competitive,5,1,DT,0.7903409090909091,0.9450000000000001,0.8809523809523809,0.9450000000000001
S4,GMR-Competitive,5,1,XGB,0.9456017034409321,0.9911249999999999,0.896551724137931,0.9675
S4,GMR-Competitive,5,2,KNN,0.9384474706164602,0.9816875,0.9135802469135802,0.9525
S4,GMR-Competitive,5,2,RF,0.9545034497315449,0.9801875,0.891566265060241,0.9475
S4,GMR-Competitive,5,2,LR,0.5427753894060927,0.560375,0.2898550724637681,0.5549999999999999
S4,GMR-Competitive,5,2,DT,0.8273809523809523,0.9500000000000001,0.9024390243902439,0.95
S4,GMR-Competitive,5,2,XGB,0.9311317940109617,0.9815624999999999,0.8674698795180723,0.9325
S4,GMR-Competitive,5,3,KNN,0.8445304448699047,0.9515,0.8571428571428571,0.9025
S4,GMR-Competitive,5,3,RF,0.9131729640791106,0.9611874999999999,0.8717948717948718,0.915
S4,GMR-Competitive,5,3,LR,0.6027706290244262,0.680125,0.36764705882352944,0.635
S4,GMR-Competitive,5,3,DT,0.7677845528455285,0.9225,0.8641975308641975,0.9225
S4,GMR-Competitive,5,3,XGB,0.9331871207236889,0.9774375000000001,0.9113924050632911,0.9425
S4,GMR-Competitive,10,42,KNN,0.8742395762132605,0.9720600500417014,0.8780487804878049,0.9067973311092578
S4,GMR-Competitive,10,42,RF,0.8509810770038043,0.9683069224353629,0.8,0.8590492076730609
S4,GMR-Competitive,10,42,LR,0.44772447722128345,0.597789824854045,0.21311475409836064,0.5959132610508757
S4,GMR-Competitive,10,42,DT,0.6374401913875598,0.8567556296914095,0.7804878048780488,0.8567556296914095
S4,GMR-Competitive,10,42,XGB,0.8373776518613105,0.9796705587989992,0.7619047619047619,0.8544620517097581
S4,GMR-Competitive,10,0,KNN,0.9174242424242424,0.9532944120100083,0.8888888888888888,0.9476647206005004
S4,GMR-Competitive,10,0,RF,0.9544815033451398,0.9743536280233529,0.875,0.9658048373644704
S4,GMR-Competitive,10,0,LR,0.3508351602050308,0.4916597164303586,0.17857142857142858,0.5437864887406172
S4,GMR-Competitive,10,0,DT,0.6688636363636363,0.9180567139282736,0.8085106382978723,0.9180567139282736
S4,GMR-Competitive,10,0,XGB,0.9555287788281338,0.9933277731442869,0.875,0.9658048373644704
S4,GMR-Competitive,10,1,KNN,0.8834887334887336,0.9697664720600501,0.8,0.8590492076730609
S4,GMR-Competitive,10,1,RF,0.8399209522713159,0.9868640533778149,0.8095238095238095,0.8794829024186822
S4,GMR-Competitive,10,1,LR,0.40735571429283424,0.5442035029190992,0.18803418803418803,0.5573394495412844
S4,GMR-Competitive,10,1,DT,0.6569828722002635,0.8976230191826524,0.8,0.8976230191826522
S4,GMR-Competitive,10,1,XGB,0.8599167438238057,0.9830066722268557,0.8444444444444444,0.9226438698915763
S4,GMR-Competitive,10,2,KNN,0.8297796032053903,0.9463094245204338,0.7027027027027027,0.7908673894912428
S4,GMR-Competitive,10,2,RF,0.8624627991078878,0.9644495412844037,0.8095238095238095,0.8794829024186822
S4,GMR-Competitive,10,2,LR,0.28353478228837536,0.4726855713094245,0.1553398058252427,0.5143869891576314
S4,GMR-Competitive,10,2,DT,0.6068181818181819,0.8544620517097582,0.7619047619047619,0.8544620517097581
S4,GMR-Competitive,10,2,XGB,0.9262440172015876,0.9914512093411176,0.7906976744186046,0.8771893244370308
S4,GMR-Competitive,10,3,KNN,0.8348657024793389,0.9484987489574646,0.8181818181818182,0.8999165971643036
S4,GMR-Competitive,10,3,RF,0.8609597947332188,0.9692452043369475,0.9302325581395349,0.9522518765638032
S4,GMR-Competitive,10,3,LR,0.45014232425338163,0.5354462051709759,0.2018348623853211,0.5756880733944953
S4,GMR-Competitive,10,3,DT,0.6068181818181819,0.8544620517097582,0.7619047619047619,0.8544620517097581
S4,GMR-Competitive,10,3,XGB,0.8607593006337485,0.9713302752293579,0.8695652173913043,0.945371142618849
S4,GMR-Competitive,20,42,KNN,0.7783411033411034,0.906113537117904,0.8,0.8614529575228265
S4,GMR-Competitive,20,42,RF,0.8223665223665224,0.9890829694323143,0.7368421052631579,0.815998412068281
S4,GMR-Competitive,20,42,LR,0.3392647265707534,0.5466454942437475,0.11538461538461539,0.5827709408495434
S4,GMR-Competitive,20,42,DT,0.3090909090909091,0.720722508932116,0.5263157894736842,0.7207225089321159
S4,GMR-Competitive,20,42,XGB,0.8482730232730233,0.9900754267566495,0.7368421052631579,0.815998412068281
S4,GMR-Competitive,20,0,KNN,0.710619351408825,0.8997618102421597,0.6666666666666666,0.7705438666137356
S4,GMR-Competitive,20,0,RF,0.8080901744187748,0.980944819372767,0.7058823529411765,0.7727272727272727
S4,GMR-Competitive,20,0,LR,0.15866852602926512,0.4426359666534339,0.10638297872340426,0.556967050416832
S4,GMR-Competitive,20,0,DT,0.3844696969696969,0.7661770543866614,0.6,0.7661770543866613
S4,GMR-Competitive,20,0,XGB,0.8996326905417815,0.9936482731242556,0.7368421052631579,0.815998412068281
S4,GMR-Competitive,20,1,KNN,0.8266774891774891,0.9503771337832474,0.6666666666666666,0.7705438666137356
S4,GMR-Competitive,20,1,RF,0.8428793428793429,0.9908693926161175,0.631578947368421,0.7683604605001985
S4,GMR-Competitive,20,1,LR,0.21057962561661625,0.3326716951171099,0.0392156862745098,0.3965859468042874
S4,GMR-Competitive,20,1,DT,0.3928030303030303,0.6818181818181819,0.5333333333333333,0.6818181818181819
S4,GMR-Competitive,20,1,XGB,0.839170930080021,0.9886859865025804,0.5,0.6796347757046447
S4,GMR-Competitive,20,2,KNN,0.7888044887376437,0.9475982532751093,0.6666666666666666,0.7705438666137356
S4,GMR-Competitive,20,2,RF,0.7134888702472435,0.9352917824533546,0.7,0.813815005954744
S4,GMR-Competitive,20,2,LR,0.36643466716718476,0.5359269551409289,0.10416666666666667,0.5526002381897578
S4,GMR-Competitive,20,2,DT,0.4621212121212121,0.8116315998412067,0.6666666666666666,0.8116315998412068
S4,GMR-Competitive,20,2,XGB,0.801701195417773,0.9102818578801112,0.6666666666666666,0.8116315998412068
S4,GMR-Competitive,20,3,KNN,0.8095582447855174,0.9509726081778483,0.6666666666666666,0.7705438666137356
S4,GMR-Competitive,20,3,RF,0.8709575997125405,0.9910678840809846,0.7058823529411765,0.7727272727272727
S4,GMR-Competitive,20,3,LR,0.1284273323279244,0.3672092100039699,0.06521739130434782,0.46605795950774115
S4,GMR-Competitive,20,3,DT,0.5734848484848485,0.8159984120682809,0.7368421052631579,0.815998412068281
S4,GMR-Competitive,20,3,XGB,0.8926628926628928,0.9924573243350536,0.7368421052631579,0.815998412068281
S4,GMR-Competitive,50,42,KNN,0.29404761904761906,0.7804255319148936,0.3333333333333333,0.6
S4,GMR-Competitive,50,42,RF,0.4837719298245614,0.8672340425531915,0.5714285714285714,0.7
S4,GMR-Competitive,50,42,LR,0.06593035306901912,0.40936170212765965,0.04597701149425287,0.5297872340425531
S4,GMR-Competitive,50,42,DT,0.17250000000000004,0.6936170212765957,0.4,0.6936170212765957
S4,GMR-Competitive,50,42,XGB,0.447965367965368,0.9617021276595745,0.25,0.5957446808510638
S4,GMR-Competitive,50,0,KNN,0.5375000000000001,0.8880851063829787,0.5714285714285714,0.7
S4,GMR-Competitive,50,0,RF,0.44583333333333336,0.7646808510638299,0.5714285714285714,0.7
S4,GMR-Competitive,50,0,LR,0.21835825224849892,0.46808510638297873,0.04040404040404041,0.5042553191489362
S4,GMR-Competitive,50,0,DT,0.2791666666666667,0.6978723404255319,0.5,0.6978723404255319
S4,GMR-Competitive,50,0,XGB,0.5572294372294373,0.9234042553191489,0.5,0.6978723404255319
S4,GMR-Competitive,50,1,KNN,0.8666666666666667,0.9957446808510639,0.3333333333333333,0.6
S4,GMR-Competitive,50,1,RF,0.8583333333333332,0.9957446808510639,0.75,0.8
S4,GMR-Competitive,50,1,LR,0.4154888420415797,0.6110638297872341,0.041666666666666664,0.5106382978723405
S4,GMR-Competitive,50,1,DT,0.17250000000000004,0.6936170212765957,0.4,0.6936170212765957
S4,GMR-Competitive,50,1,XGB,0.7226190476190475,0.9931914893617021,0.6,0.7957446808510638
S4,GMR-Competitive,50,2,KNN,0.41250000000000003,0.6961702127659575,0.5714285714285714,0.7
S4,GMR-Competitive,50,2,RF,0.7375,0.8906382978723405,0.3333333333333333,0.6
S4,GMR-Competitive,50,2,LR,0.21686057743462386,0.4008510638297872,0.05194805194805195,0.5510638297872341
S4,GMR-Competitive,50,2,DT,0.8041666666666667,0.9,0.8888888888888888,0.9
S4,GMR-Competitive,50,2,XGB,0.9666666666666668,0.9991489361702127,0.5714285714285714,0.7
S4,GMR-Competitive,50,3,KNN,0.6268939393939394,0.8931914893617021,0.5714285714285714,0.7
S4,GMR-Competitive,50,3,RF,0.6987878787878787,0.9829787234042553,0.5714285714285714,0.7
S4,GMR-Competitive,50,3,LR,0.056266449375538444,0.5259574468085106,0.046511627906976744,0.5319148936170213
S4,GMR-Competitive,50,3,DT,0.21250000000000002,0.6957446808510638,0.4444444444444444,0.6957446808510639
S4,GMR-Competitive,50,3,XGB,0.6997979797979799,0.9893617021276596,0.5714285714285714,0.7
S5,GMR-Bidirectional,5,42,KNN,1.0,1.0,1.0,1.0
S5,GMR-Bidirectional,5,42,RF,1.0,1.0,0.96875,0.9696969696969697
S5,GMR-Bidirectional,5,42,LR,1.0,1.0,0.9850746268656716,0.9970059880239521
S5,GMR-Bidirectional,5,42,DT,0.8420918866080156,0.9334059154418437,0.90625,0.9334059154418436
S5,GMR-Bidirectional,5,42,XGB,1.0,1.0,1.0,1.0
S5,GMR-Bidirectional,5,0,KNN,1.0,1.0,0.9846153846153847,0.9848484848484849
S5,GMR-Bidirectional,5,0,RF,0.9999999999999998,1.0,0.9523809523809523,0.9545454545454546
S5,GMR-Bidirectional,5,0,LR,1.0,1.0,1.0,1.0
S5,GMR-Bidirectional,5,0,DT,0.7917554858934169,0.9031028851388133,0.8709677419354839,0.9031028851388133
S5,GMR-Bidirectional,5,0,XGB,0.999108734402852,0.9998185447287244,0.96875,0.9696969696969697
S5,GMR-Bidirectional,5,1,KNN,1.0,1.0,1.0,1.0
S5,GMR-Bidirectional,5,1,RF,1.0,1.0,0.9846153846153847,0.9848484848484849
S5,GMR-Bidirectional,5,1,LR,1.0,1.0,1.0,1.0
S5,GMR-Bidirectional,5,1,DT,0.8169191919191919,0.9182544002903285,0.8888888888888888,0.9182544002903285
S5,GMR-Bidirectional,5,1,XGB,0.9999999999999999,1.0,1.0,1.0
S5,GMR-Bidirectional,5,2,KNN,0.9934479934479934,0.9992741789148976,0.9354838709677419,0.9393939393939394
S5,GMR-Bidirectional,5,2,RF,1.0,1.0,0.9846153846153847,0.9848484848484849
S5,GMR-Bidirectional,5,2,LR,1.0,1.0,1.0,1.0
S5,GMR-Bidirectional,5,2,DT,0.8436568386568387,0.9698784249682454,0.9142857142857143,0.9698784249682453
S5,GMR-Bidirectional,5,2,XGB,1.0,0.9999999999999999,0.9846153846153847,0.9848484848484849
S5,GMR-Bidirectional,5,3,KNN,0.9967239967239967,0.9996370894574488,0.9523809523809523,0.9545454545454546
S5,GMR-Bidirectional,5,3,RF,1.0,0.9999999999999999,0.9180327868852459,0.9242424242424243
S5,GMR-Bidirectional,5,3,LR,1.0,1.0,0.9846153846153847,0.9848484848484849
S5,GMR-Bidirectional,5,3,DT,0.8164015151515152,0.9304119034657957,0.8923076923076924,0.9304119034657956
S5,GMR-Bidirectional,5,3,XGB,0.9948773448773449,0.9989112683723461,0.9354838709677419,0.9393939393939394
S5,GMR-Bidirectional,10,42,KNN,1.0,1.0,0.9714285714285714,0.9722222222222222
S5,GMR-Bidirectional,10,42,RF,1.0,1.0,0.9714285714285714,0.9722222222222222
S5,GMR-Bidirectional,10,42,LR,1.0,1.0,1.0,1.0
S5,GMR-Bidirectional,10,42,DT,0.6102380952380952,0.9001831501831502,0.7692307692307693,0.9001831501831502
S5,GMR-Bidirectional,10,42,XGB,0.997076023391813,0.9996947496947497,0.9714285714285714,0.9722222222222222
S5,GMR-Bidirectional,10,0,KNN,0.9920634920634921,0.9995421245421245,0.9090909090909091,0.9166666666666667
S5,GMR-Bidirectional,10,0,RF,0.9970760233918129,0.9998473748473748,0.875,0.8888888888888888
S5,GMR-Bidirectional,10,0,LR,1.0,1.0,1.0,1.0
S5,GMR-Bidirectional,10,0,DT,0.546604938271605,0.8473748473748474,0.7222222222222222,0.8473748473748474
S5,GMR-Bidirectional,10,0,XGB,0.9944444444444447,0.9993894993894994,0.9411764705882353,0.9444444444444444
S5,GMR-Bidirectional,10,1,KNN,0.9463580246913579,0.9719169719169719,0.875,0.8888888888888888
S5,GMR-Bidirectional,10,1,RF,1.0,0.9999999999999999,0.9090909090909091,0.9166666666666667
S5,GMR-Bidirectional,10,1,LR,1.0,1.0,1.0,1.0
S5,GMR-Bidirectional,10,1,DT,0.6509259259259259,0.8556166056166057,0.7878787878787878,0.8556166056166057
S5,GMR-Bidirectional,10,1,XGB,1.0000000000000002,1.0,0.8387096774193549,0.8611111111111112
S5,GMR-Bidirectional,10,2,KNN,1.0,1.0,0.9714285714285714,0.9722222222222222
S5,GMR-Bidirectional,10,2,RF,1.0,1.0,0.8387096774193549,0.8611111111111112
S5,GMR-Bidirectional,10,2,LR,1.0,1.0,0.9714285714285714,0.9722222222222222
S5,GMR-Bidirectional,10,2,DT,0.745925925925926,0.8861416361416361,0.8484848484848485,0.8861416361416361
S5,GMR-Bidirectional,10,2,XGB,0.9944444444444445,0.9993894993894993,0.9411764705882353,0.9444444444444444
S5,GMR-Bidirectional,10,3,KNN,0.9494444444444444,0.9720695970695971,0.9714285714285714,0.9722222222222222
S5,GMR-Bidirectional,10,3,RF,1.0,1.0,0.9411764705882353,0.9444444444444444
S5,GMR-Bidirectional,10,3,LR,1.0,1.0,0.9714285714285714,0.9722222222222222
S5,GMR-Bidirectional,10,3,DT,0.7585380116959064,0.9362026862026861,0.8648648648648649,0.9362026862026862
S5,GMR-Bidirectional,10,3,XGB,1.0000000000000002,1.0,0.9714285714285714,0.9722222222222222
S5,GMR-Bidirectional,20,42,KNN,0.8938888888888888,0.9444444444444444,0.875,0.8888888888888888
S5,GMR-Bidirectional,20,42,RF,1.0,1.0,0.875,0.8888888888888888
S5,GMR-Bidirectional,20,42,LR,1.0,1.0,1.0,1.0
S5,GMR-Bidirectional,20,42,DT,0.6816666666666666,0.8333333333333333,0.8,0.8333333333333333
S5,GMR-Bidirectional,20,42,XGB,1.0000000000000002,1.0,0.875,0.8888888888888888
S5,GMR-Bidirectional,20,0,KNN,1.0,1.0,0.9411764705882353,0.9444444444444444
S5,GMR-Bidirectional,20,0,RF,1.0,1.0,0.8,0.8333333333333333
S5,GMR-Bidirectional,20,0,LR,1.0,1.0,1.0,1.0
S5,GMR-Bidirectional,20,0,DT,0.5544444444444444,0.8810354857475277,0.7368421052631579,0.8810354857475277
S5,GMR-Bidirectional,20,0,XGB,1.0000000000000002,1.0,0.9411764705882353,0.9444444444444444
S5,GMR-Bidirectional,20,1,KNN,1.0,1.0,0.9411764705882353,0.9444444444444444
S5,GMR-Bidirectional,20,1,RF,1.0,1.0,0.875,0.8888888888888888
S5,GMR-Bidirectional,20,1,LR,1.0,1.0,1.0,1.0
S5,GMR-Bidirectional,20,1,DT,0.6514646464646464,0.9365910413030832,0.8,0.9365910413030831
S5,GMR-Bidirectional,20,1,XGB,1.0000000000000002,1.0,0.9411764705882353,0.9444444444444444
S5,GMR-Bidirectional,20,2,KNN,0.8938888888888888,0.9444444444444444,0.875,0.8888888888888888
S5,GMR-Bidirectional,20,2,RF,1.0000000000000002,1.0,0.8,0.8333333333333333
S5,GMR-Bidirectional,20,2,LR,1.0,1.0,1.0,1.0
S5,GMR-Bidirectional,20,2,DT,0.6905555555555556,0.8862710878417684,0.8235294117647058,0.8862710878417686
S5,GMR-Bidirectional,20,2,XGB,1.0,1.0,1.0,1.0
S5,GMR-Bidirectional,20,3,KNN,0.9777777777777777,0.9994182664339732,0.8,0.8333333333333333
S5,GMR-Bidirectional,20,3,RF,1.0000000000000002,1.0,0.9411764705882353,0.9444444444444444
S5,GMR-Bidirectional,20,3,LR,1.0,1.0,1.0,1.0
S5,GMR-Bidirectional,20,3,DT,0.6149382716049383,0.8836532867946479,0.7777777777777778,0.883653286794648
S5,GMR-Bidirectional,20,3,XGB,1.0,1.0,0.9411764705882353,0.9444444444444444
S5,GMR-Bidirectional,50,42,KNN,1.0,1.0,0.8571428571428571,0.875
S5,GMR-Bidirectional,50,42,RF,1.0,1.0,0.6666666666666666,0.75
S5,GMR-Bidirectional,50,42,LR,1.0,1.0,1.0,1.0
S5,GMR-Bidirectional,50,42,DT,0.51,0.75,0.6666666666666666,0.75
S5,GMR-Bidirectional,50,42,XGB,1.0,1.0,0.8571428571428571,0.875
S5,GMR-Bidirectional,50,0,KNN,1.0,1.0,0.6666666666666666,0.75
S5,GMR-Bidirectional,50,0,RF,1.0,1.0,0.6666666666666666,0.75
S5,GMR-Bidirectional,50,0,LR,1.0,1.0,1.0,1.0
S5,GMR-Bidirectional,50,0,DT,0.755,0.875,0.8571428571428571,0.875
S5,GMR-Bidirectional,50,0,XGB,0.95,0.9987244897959183,0.8571428571428571,0.875
S5,GMR-Bidirectional,50,1,KNN,1.0,1.0,0.6666666666666666,0.75
S5,GMR-Bidirectional,50,1,RF,1.0,1.0,0.0,0.5
S5,GMR-Bidirectional,50,1,LR,1.0,1.0,1.0,1.0
S5,GMR-Bidirectional,50,1,DT,0.51,0.75,0.6666666666666666,0.75
S5,GMR-Bidirectional,50,1,XGB,1.0,1.0,1.0,1.0
S5,GMR-Bidirectional,50,2,KNN,0.8500000000000001,0.9980867346938777,0.4,0.625
S5,GMR-Bidirectional,50,2,RF,1.0,1.0,0.4,0.625
S5,GMR-Bidirectional,50,2,LR,1.0,1.0,1.0,1.0
S5,GMR-Bidirectional,50,2,DT,0.51,0.75,0.6666666666666666,0.75
S5,GMR-Bidirectional,50,2,XGB,1.0,1.0,0.4,0.625
S5,GMR-Bidirectional,50,3,KNN,1.0,1.0,0.8571428571428571,0.875
S5,GMR-Bidirectional,50,3,RF,1.0,1.0,0.6666666666666666,0.75
S5,GMR-Bidirectional,50,3,LR,1.0,1.0,1.0,1.0
S5,GMR-Bidirectional,50,3,DT,0.5675,0.8724489795918368,0.75,0.8724489795918368
S5,GMR-Bidirectional,50,3,XGB,1.0,1.0,0.4,0.625
S5,GMR-DataGated,5,42,KNN,1.0,1.0,1.0,1.0
S5,GMR-DataGated,5,42,RF,0.9999999999999999,0.9999999999999999,0.96875,0.9696969696969697
S5,GMR-DataGated,5,42,LR,1.0,1.0,0.9850746268656716,0.9970059880239521
S5,GMR-DataGated,5,42,DT,0.9240909090909091,0.9545454545454546,0.9523809523809523,0.9545454545454546
S5,GMR-DataGated,5,42,XGB,0.9999999999999999,1.0,1.0,1.0
S5,GMR-DataGated,5,0,KNN,1.0,1.0,0.9846153846153847,0.9848484848484849
S5,GMR-DataGated,5,0,RF,0.9999999999999998,1.0,0.9523809523809523,0.9545454545454546
S5,GMR-DataGated,5,0,LR,1.0,1.0,1.0,1.0
S5,GMR-DataGated,5,0,DT,0.7917554858934169,0.9031028851388133,0.8709677419354839,0.9031028851388133
S5,GMR-DataGated,5,0,XGB,1.0,1.0,0.9846153846153847,0.9848484848484849
S5,GMR-DataGated,5,1,KNN,1.0,1.0,1.0,1.0
S5,GMR-DataGated,5,1,RF,1.0,1.0,0.96875,0.9696969696969697
S5,GMR-DataGated,5,1,LR,1.0,1.0,1.0,1.0
S5,GMR-DataGated,5,1,DT,0.7666017316017316,0.8879513699872982,0.8524590163934426,0.8879513699872981
S5,GMR-DataGated,5,1,XGB,1.0,1.0,0.9846153846153847,0.9848484848484849
S5,GMR-DataGated,5,2,KNN,0.9934479934479934,0.9992741789148976,0.9354838709677419,0.9393939393939394
S5,GMR-DataGated,5,2,RF,1.0,1.0,0.9846153846153847,0.9848484848484849
S5,GMR-DataGated,5,2,LR,1.0,1.0,1.0,1.0
S5,GMR-DataGated,5,2,DT,0.8436568386568387,0.9698784249682454,0.9142857142857143,0.9698784249682453
S5,GMR-DataGated,5,2,XGB,0.999108734402852,0.9998185447287243,0.9846153846153847,0.9848484848484849
S5,GMR-DataGated,5,3,KNN,0.9967239967239967,0.9996370894574488,0.9523809523809523,0.9545454545454546
S5,GMR-DataGated,5,3,RF,1.0,1.0,0.9523809523809523,0.9545454545454546
S5,GMR-DataGated,5,3,LR,1.0,1.0,0.9846153846153847,0.9848484848484849
S5,GMR-DataGated,5,3,DT,0.8169191919191919,0.9182544002903285,0.8888888888888888,0.9182544002903285
S5,GMR-DataGated,5,3,XGB,0.9964858670741022,0.9992741789148976,0.9354838709677419,0.9393939393939394
S5,GMR-DataGated,10,42,KNN,1.0,1.0,0.9714285714285714,0.9722222222222222
S5,GMR-DataGated,10,42,RF,1.0000000000000002,1.0,0.9090909090909091,0.9166666666666667
S5,GMR-DataGated,10,42,LR,1.0,1.0,1.0,1.0
S5,GMR-DataGated,10,42,DT,0.8483333333333334,0.9166666666666667,0.9090909090909091,0.9166666666666667
S5,GMR-DataGated,10,42,XGB,0.997076023391813,0.9996947496947497,0.9714285714285714,0.9722222222222222
S5,GMR-DataGated,10,0,KNN,0.9941520467836258,0.9996947496947497,0.875,0.8888888888888888
S5,GMR-DataGated,10,0,RF,1.0,1.0,0.875,0.8888888888888888
S5,GMR-DataGated,10,0,LR,1.0,1.0,1.0,1.0
S5,GMR-DataGated,10,0,DT,0.6966666666666667,0.8333333333333333,0.8,0.8333333333333333
S5,GMR-DataGated,10,0,XGB,0.9861111111111112,0.9981684981684982,0.9090909090909091,0.9166666666666667
S5,GMR-DataGated,10,1,KNN,0.9463580246913579,0.9719169719169719,0.875,0.8888888888888888
S5,GMR-DataGated,10,1,RF,1.0,1.0,0.8387096774193549,0.8611111111111112
S5,GMR-DataGated,10,1,LR,1.0,1.0,1.0,1.0
S5,GMR-DataGated,10,1,DT,0.79625,0.913919413919414,0.8823529411764706,0.913919413919414
S5,GMR-DataGated,10,1,XGB,0.997076023391813,0.9996947496947498,0.8387096774193549,0.8611111111111112
S5,GMR-DataGated,10,2,KNN,1.0,1.0,0.9714285714285714,0.9722222222222222
S5,GMR-DataGated,10,2,RF,1.0,1.0,0.8387096774193549,0.8611111111111112
S5,GMR-DataGated,10,2,LR,1.0,1.0,0.9714285714285714,0.9722222222222222
S5,GMR-DataGated,10,2,DT,0.5930994152046783,0.875152625152625,0.7567567567567568,0.8751526251526252
S5,GMR-DataGated,10,2,XGB,0.9898989898989901,0.9987789987789989,0.9411764705882353,0.9444444444444444
S5,GMR-DataGated,10,3,KNN,0.9494444444444444,0.9720695970695971,0.9714285714285714,0.9722222222222222
S5,GMR-DataGated,10,3,RF,1.0,0.9999999999999999,0.9714285714285714,0.9722222222222222
S5,GMR-DataGated,10,3,LR,1.0,1.0,0.9714285714285714,0.9722222222222222
S5,GMR-DataGated,10,3,DT,0.5951851851851853,0.8028083028083028,0.7333333333333333,0.8028083028083028
S5,GMR-DataGated,10,3,XGB,0.9944444444444445,0.9993894993894994,0.9411764705882353,0.9444444444444444
S5,GMR-DataGated,20,42,KNN,0.8938888888888888,0.9444444444444444,0.875,0.8888888888888888
S5,GMR-DataGated,20,42,RF,1.0,1.0,0.8,0.8333333333333333
S5,GMR-DataGated,20,42,LR,1.0,1.0,0.9411764705882353,0.9444444444444444
S5,GMR-DataGated,20,42,DT,0.6816666666666666,0.8333333333333333,0.8,0.8333333333333333
S5,GMR-DataGated,20,42,XGB,0.9888888888888892,0.9994182664339732,0.875,0.8888888888888888
S5,GMR-DataGated,20,0,KNN,1.0,1.0,0.9411764705882353,0.9444444444444444
S5,GMR-DataGated,20,0,RF,1.0,1.0,0.6153846153846154,0.7222222222222222
S5,GMR-DataGated,20,0,LR,1.0,1.0,1.0,1.0
S5,GMR-DataGated,20,0,DT,0.36333333333333334,0.6666666666666666,0.5,0.6666666666666666
S5,GMR-DataGated,20,0,XGB,1.0000000000000002,1.0,0.7142857142857143,0.7777777777777778
S5,GMR-DataGated,20,1,KNN,1.0,1.0,0.9411764705882353,0.9444444444444444
S5,GMR-DataGated,20,1,RF,1.0,1.0,0.7142857142857143,0.7777777777777778
S5,GMR-DataGated,20,1,LR,1.0,1.0,1.0,1.0
S5,GMR-DataGated,20,1,DT,0.6514646464646464,0.9365910413030832,0.8,0.9365910413030831
S5,GMR-DataGated,20,1,XGB,1.0,1.0,0.9411764705882353,0.9444444444444444
S5,GMR-DataGated,20,2,KNN,0.893888888888889,0.9444444444444444,0.875,0.8888888888888888
S5,GMR-DataGated,20,2,RF,1.0,1.0,0.8,0.8333333333333333
S5,GMR-DataGated,20,2,LR,1.0,1.0,1.0,1.0
S5,GMR-DataGated,20,2,DT,0.6149382716049383,0.8836532867946479,0.7777777777777778,0.883653286794648
S5,GMR-DataGated,20,2,XGB,1.0,0.9999999999999999,1.0,1.0
S5,GMR-DataGated,20,3,KNN,0.9777777777777777,0.9994182664339732,0.7142857142857143,0.7777777777777778
S5,GMR-DataGated,20,3,RF,1.0000000000000002,1.0,0.9411764705882353,0.9444444444444444
S5,GMR-DataGated,20,3,LR,1.0,1.0,1.0,1.0
S5,GMR-DataGated,20,3,DT,0.6905555555555556,0.8862710878417684,0.8235294117647058,0.8862710878417686
S5,GMR-DataGated,20,3,XGB,1.0000000000000002,1.0,0.875,0.8888888888888888
S5,GMR-DataGated,50,42,KNN,1.0,1.0,0.8571428571428571,0.875
S5,GMR-DataGated,50,42,RF,1.0,1.0,0.6666666666666666,0.75
S5,GMR-DataGated,50,42,LR,1.0,1.0,1.0,1.0
S5,GMR-DataGated,50,42,DT,0.51,0.75,0.6666666666666666,0.75
S5,GMR-DataGated,50,42,XGB,1.0,1.0,0.6666666666666666,0.75
S5,GMR-DataGated,50,0,KNN,1.0,1.0,0.6666666666666666,0.75
S5,GMR-DataGated,50,0,RF,1.0,0.9999999999999999,0.6666666666666666,0.75
S5,GMR-DataGated,50,0,LR,1.0,1.0,1.0,1.0
S5,GMR-DataGated,50,0,DT,0.51,0.75,0.6666666666666666,0.75
S5,GMR-DataGated,50,0,XGB,1.0,1.0,0.8571428571428571,0.875
S5,GMR-DataGated,50,1,KNN,1.0,1.0,0.6666666666666666,0.75
S5,GMR-DataGated,50,1,RF,1.0,1.0,0.0,0.5
S5,GMR-DataGated,50,1,LR,1.0,1.0,1.0,1.0
S5,GMR-DataGated,50,1,DT,0.3433333333333333,0.7474489795918368,0.5714285714285714,0.7474489795918368
S5,GMR-DataGated,50,1,XGB,1.0,1.0,0.6666666666666666,0.75
S5,GMR-DataGated,50,2,KNN,0.755,0.875,0.4,0.625
S5,GMR-DataGated,50,2,RF,1.0,1.0,0.0,0.5
S5,GMR-DataGated,50,2,LR,1.0,1.0,1.0,1.0
S5,GMR-DataGated,50,2,DT,0.51,0.75,0.6666666666666666,0.75
S5,GMR-DataGated,50,2,XGB,0.95,0.9987244897959183,0.4,0.625
S5,GMR-DataGated,50,3,KNN,1.0,1.0,0.6666666666666666,0.75
S5,GMR-DataGated,50,3,RF,1.0,1.0,0.6666666666666666,0.75
S5,GMR-DataGated,50,3,LR,1.0,1.0,1.0,1.0
S5,GMR-DataGated,50,3,DT,0.5675,0.8724489795918368,0.75,0.8724489795918368
S5,GMR-DataGated,50,3,XGB,1.0,1.0,0.4,0.625
S5,GMR-ModelAgnostic,5,42,KNN,1.0,1.0,1.0,1.0
S5,GMR-ModelAgnostic,5,42,RF,1.0,1.0,0.96875,0.9696969696969697
S5,GMR-ModelAgnostic,5,42,LR,1.0,1.0,0.9850746268656716,0.9970059880239521
S5,GMR-ModelAgnostic,5,42,DT,0.8420918866080156,0.9334059154418437,0.90625,0.9334059154418436
S5,GMR-ModelAgnostic,5,42,XGB,1.0,1.0,1.0,1.0
S5,GMR-ModelAgnostic,5,0,KNN,1.0,1.0,0.9846153846153847,0.9848484848484849
S5,GMR-ModelAgnostic,5,0,RF,0.9999999999999998,1.0,0.9523809523809523,0.9545454545454546
S5,GMR-ModelAgnostic,5,0,LR,1.0,1.0,1.0,1.0
S5,GMR-ModelAgnostic,5,0,DT,0.7917554858934169,0.9031028851388133,0.8709677419354839,0.9031028851388133
S5,GMR-ModelAgnostic,5,0,XGB,0.999108734402852,0.9998185447287244,0.96875,0.9696969696969697
S5,GMR-ModelAgnostic,5,1,KNN,1.0,1.0,1.0,1.0
S5,GMR-ModelAgnostic,5,1,RF,1.0,1.0,0.9846153846153847,0.9848484848484849
S5,GMR-ModelAgnostic,5,1,LR,1.0,1.0,1.0,1.0
S5,GMR-ModelAgnostic,5,1,DT,0.8169191919191919,0.9182544002903285,0.8888888888888888,0.9182544002903285
S5,GMR-ModelAgnostic,5,1,XGB,0.9999999999999999,1.0,1.0,1.0
S5,GMR-ModelAgnostic,5,2,KNN,0.9934479934479934,0.9992741789148976,0.9354838709677419,0.9393939393939394
S5,GMR-ModelAgnostic,5,2,RF,0.9999999999999999,1.0,0.96875,0.9696969696969697
S5,GMR-ModelAgnostic,5,2,LR,1.0,1.0,1.0,1.0
S5,GMR-ModelAgnostic,5,2,DT,0.868421052631579,0.9850299401197604,0.9295774647887324,0.9850299401197604
S5,GMR-ModelAgnostic,5,2,XGB,0.999108734402852,0.9998185447287244,0.9846153846153847,0.9848484848484849
S5,GMR-ModelAgnostic,5,3,KNN,0.9967239967239967,0.9996370894574488,0.9523809523809523,0.9545454545454546
S5,GMR-ModelAgnostic,5,3,RF,1.0,0.9999999999999999,0.9180327868852459,0.9242424242424243
S5,GMR-ModelAgnostic,5,3,LR,1.0,1.0,0.9846153846153847,0.9848484848484849
S5,GMR-ModelAgnostic,5,3,DT,0.8164015151515152,0.9304119034657957,0.8923076923076924,0.9304119034657956
S5,GMR-ModelAgnostic,5,3,XGB,0.9948773448773449,0.9989112683723461,0.9354838709677419,0.9393939393939394
S5,GMR-ModelAgnostic,10,42,KNN,1.0,1.0,0.9714285714285714,0.9722222222222222
S5,GMR-ModelAgnostic,10,42,RF,1.0,1.0,0.9411764705882353,0.9444444444444444
S5,GMR-ModelAgnostic,10,42,LR,1.0,1.0,1.0,1.0
S5,GMR-ModelAgnostic,10,42,DT,0.7502941176470589,0.9111721611721613,0.8571428571428571,0.9111721611721613
S5,GMR-ModelAgnostic,10,42,XGB,1.0,0.9999999999999999,0.9411764705882353,0.9444444444444444
S5,GMR-ModelAgnostic,10,0,KNN,0.9941520467836258,0.9996947496947497,0.9090909090909091,0.9166666666666667
S5,GMR-ModelAgnostic,10,0,RF,0.997076023391813,0.9996947496947497,0.875,0.8888888888888888
S5,GMR-ModelAgnostic,10,0,LR,1.0,1.0,1.0,1.0
S5,GMR-ModelAgnostic,10,0,DT,0.79625,0.913919413919414,0.8823529411764706,0.913919413919414
S5,GMR-ModelAgnostic,10,0,XGB,0.997076023391813,0.9996947496947497,0.9411764705882353,0.9444444444444444
S5,GMR-ModelAgnostic,10,1,KNN,0.9463580246913579,0.9719169719169719,0.875,0.8888888888888888
S5,GMR-ModelAgnostic,10,1,RF,1.0,0.9999999999999999,0.9090909090909091,0.9166666666666667
S5,GMR-ModelAgnostic,10,1,LR,1.0,1.0,1.0,1.0
S5,GMR-ModelAgnostic,10,1,DT,0.6509259259259259,0.8556166056166057,0.7878787878787878,0.8556166056166057
S5,GMR-ModelAgnostic,10,1,XGB,1.0000000000000002,1.0,0.8387096774193549,0.8611111111111112
S5,GMR-ModelAgnostic,10,2,KNN,1.0,1.0,0.9714285714285714,0.9722222222222222
S5,GMR-ModelAgnostic,10,2,RF,1.0,1.0,0.8387096774193549,0.8611111111111112
S5,GMR-ModelAgnostic,10,2,LR,1.0,1.0,0.9714285714285714,0.9722222222222222
S5,GMR-ModelAgnostic,10,2,DT,0.5930994152046783,0.875152625152625,0.7567567567567568,0.8751526251526252
S5,GMR-ModelAgnostic,10,2,XGB,0.9898989898989901,0.9987789987789989,0.9411764705882353,0.9444444444444444
S5,GMR-ModelAgnostic,10,3,KNN,0.9494444444444444,0.9720695970695971,0.9714285714285714,0.9722222222222222
S5,GMR-ModelAgnostic,10,3,RF,1.0,1.0,0.9411764705882353,0.9444444444444444
S5,GMR-ModelAgnostic,10,3,LR,1.0,1.0,0.9714285714285714,0.9722222222222222
S5,GMR-ModelAgnostic,10,3,DT,0.7585380116959064,0.9362026862026861,0.8648648648648649,0.9362026862026862
S5,GMR-ModelAgnostic,10,3,XGB,1.0000000000000002,1.0,0.9714285714285714,0.9722222222222222
S5,GMR-ModelAgnostic,20,42,KNN,0.8938888888888888,0.9444444444444444,0.875,0.8888888888888888
S5,GMR-ModelAgnostic,20,42,RF,1.0,1.0,0.875,0.8888888888888888
S5,GMR-ModelAgnostic,20,42,LR,1.0,1.0,1.0,1.0
S5,GMR-ModelAgnostic,20,42,DT,0.6816666666666666,0.8333333333333333,0.8,0.8333333333333333
S5,GMR-ModelAgnostic,20,42,XGB,1.0000000000000002,1.0,0.875,0.8888888888888888
S5,GMR-ModelAgnostic,20,0,KNN,0.9888888888888888,0.9997091332169866,0.9411764705882353,0.9444444444444444
S5,GMR-ModelAgnostic,20,0,RF,1.0000000000000002,1.0,0.36363636363636365,0.6111111111111112
S5,GMR-ModelAgnostic,20,0,LR,1.0,1.0,1.0,1.0
S5,GMR-ModelAgnostic,20,0,DT,0.36333333333333334,0.6666666666666666,0.5,0.6666666666666666
S5,GMR-ModelAgnostic,20,0,XGB,1.0000000000000002,0.9999999999999999,0.875,0.8888888888888888
S5,GMR-ModelAgnostic,20,1,KNN,1.0,1.0,0.9411764705882353,0.9444444444444444
S5,GMR-ModelAgnostic,20,1,RF,1.0,1.0,0.875,0.8888888888888888
S5,GMR-ModelAgnostic,20,1,LR,1.0,1.0,1.0,1.0
S5,GMR-ModelAgnostic,20,1,DT,0.6514646464646464,0.9365910413030832,0.8,0.9365910413030831
S5,GMR-ModelAgnostic,20,1,XGB,1.0000000000000002,1.0,0.9411764705882353,0.9444444444444444
S5,GMR-ModelAgnostic,20,2,KNN,0.8938888888888888,0.9444444444444444,0.875,0.8888888888888888
S5,GMR-ModelAgnostic,20,2,RF,1.0,1.0,0.8,0.8333333333333333
S5,GMR-ModelAgnostic,20,2,LR,1.0,1.0,1.0,1.0
S5,GMR-ModelAgnostic,20,2,DT,0.7877777777777778,0.8888888888888888,0.875,0.8888888888888888
S5,GMR-ModelAgnostic,20,2,XGB,1.0,1.0,1.0,1.0
S5,GMR-ModelAgnostic,20,3,KNN,0.9777777777777777,0.9994182664339732,0.8,0.8333333333333333
S5,GMR-ModelAgnostic,20,3,RF,1.0000000000000002,1.0,0.9411764705882353,0.9444444444444444
S5,GMR-ModelAgnostic,20,3,LR,1.0,1.0,1.0,1.0
S5,GMR-ModelAgnostic,20,3,DT,0.6149382716049383,0.8836532867946479,0.7777777777777778,0.883653286794648
S5,GMR-ModelAgnostic,20,3,XGB,1.0,1.0,0.9411764705882353,0.9444444444444444
S5,GMR-ModelAgnostic,50,42,KNN,1.0,1.0,0.8571428571428571,0.875
S5,GMR-ModelAgnostic,50,42,RF,1.0,1.0,0.6666666666666666,0.75
S5,GMR-ModelAgnostic,50,42,LR,1.0,1.0,1.0,1.0
S5,GMR-ModelAgnostic,50,42,DT,0.51,0.75,0.6666666666666666,0.75
S5,GMR-ModelAgnostic,50,42,XGB,1.0,1.0,0.8571428571428571,0.875
S5,GMR-ModelAgnostic,50,0,KNN,1.0,1.0,0.6666666666666666,0.75
S5,GMR-ModelAgnostic,50,0,RF,1.0,1.0,0.6666666666666666,0.75
S5,GMR-ModelAgnostic,50,0,LR,1.0,1.0,1.0,1.0
S5,GMR-ModelAgnostic,50,0,DT,0.51,0.75,0.6666666666666666,0.75
S5,GMR-ModelAgnostic,50,0,XGB,0.95,0.9987244897959183,0.8571428571428571,0.875
S5,GMR-ModelAgnostic,50,1,KNN,1.0,1.0,0.6666666666666666,0.75
S5,GMR-ModelAgnostic,50,1,RF,1.0,0.9999999999999999,0.0,0.5
S5,GMR-ModelAgnostic,50,1,LR,1.0,1.0,1.0,1.0
S5,GMR-ModelAgnostic,50,1,DT,0.51,0.75,0.6666666666666666,0.75
S5,GMR-ModelAgnostic,50,1,XGB,1.0,1.0,0.4,0.625
S5,GMR-ModelAgnostic,50,2,KNN,0.8500000000000001,0.9980867346938777,0.4,0.625
S5,GMR-ModelAgnostic,50,2,RF,1.0,1.0,0.4,0.625
S5,GMR-ModelAgnostic,50,2,LR,1.0,1.0,1.0,1.0
S5,GMR-ModelAgnostic,50,2,DT,0.51,0.75,0.6666666666666666,0.75
S5,GMR-ModelAgnostic,50,2,XGB,0.8928571428571428,0.9961734693877551,0.6666666666666666,0.75
S5,GMR-ModelAgnostic,50,3,KNN,1.0,1.0,0.8571428571428571,0.875
S5,GMR-ModelAgnostic,50,3,RF,1.0,1.0,0.4,0.625
S5,GMR-ModelAgnostic,50,3,LR,1.0,1.0,1.0,1.0
S5,GMR-ModelAgnostic,50,3,DT,0.755,0.875,0.8571428571428571,0.875
S5,GMR-ModelAgnostic,50,3,XGB,1.0,1.0,0.4,0.625
S5,GMR-Competitive,5,42,KNN,1.0,1.0,1.0,1.0
S5,GMR-Competitive,5,42,RF,1.0,1.0,0.9846153846153847,0.9848484848484849
S5,GMR-Competitive,5,42,LR,1.0,1.0,0.9850746268656716,0.9970059880239521
S5,GMR-Competitive,5,42,DT,0.8164015151515152,0.9304119034657957,0.8923076923076924,0.9304119034657956
S5,GMR-Competitive,5,42,XGB,0.9999999999999999,1.0,1.0,1.0
S5,GMR-Competitive,5,0,KNN,1.0,1.0,0.9846153846153847,0.9848484848484849
S5,GMR-Competitive,5,0,RF,0.9999999999999998,1.0,0.9523809523809523,0.9545454545454546
S5,GMR-Competitive,5,0,LR,1.0,1.0,1.0,1.0
S5,GMR-Competitive,5,0,DT,0.7917554858934169,0.9031028851388133,0.8709677419354839,0.9031028851388133
S5,GMR-Competitive,5,0,XGB,0.999108734402852,0.9998185447287244,0.96875,0.9696969696969697
S5,GMR-Competitive,5,1,KNN,1.0,1.0,1.0,1.0
S5,GMR-Competitive,5,1,RF,1.0,1.0,0.9846153846153847,0.9848484848484849
S5,GMR-Competitive,5,1,LR,1.0,1.0,1.0,1.0
S5,GMR-Competitive,5,1,DT,0.8442267502612331,0.9212484122663764,0.9032258064516129,0.9212484122663763
S5,GMR-Competitive,5,1,XGB,1.0,1.0,0.9846153846153847,0.9848484848484849
S5,GMR-Competitive,5,2,KNN,0.9934479934479934,0.9992741789148976,0.9354838709677419,0.9393939393939394
S5,GMR-Competitive,5,2,RF,1.0,1.0,0.96875,0.9696969696969697
S5,GMR-Competitive,5,2,LR,1.0,1.0,1.0,1.0
S5,GMR-Competitive,5,2,DT,0.7913734115347019,0.9152603883142806,0.875,0.9152603883142805
S5,GMR-Competitive,5,2,XGB,0.999108734402852,0.9998185447287243,0.9846153846153847,0.9848484848484849
S5,GMR-Competitive,5,3,KNN,0.9967239967239967,0.9996370894574488,0.9523809523809523,0.9545454545454546
S5,GMR-Competitive,5,3,RF,1.0,0.9999999999999999,0.9180327868852459,0.9242424242424243
S5,GMR-Competitive,5,3,LR,1.0,1.0,0.9846153846153847,0.9848484848484849
S5,GMR-Competitive,5,3,DT,0.8164015151515152,0.9304119034657957,0.8923076923076924,0.9304119034657956
S5,GMR-Competitive,5,3,XGB,0.9948773448773449,0.9989112683723461,0.9354838709677419,0.9393939393939394
S5,GMR-Competitive,10,42,KNN,1.0,1.0,0.9714285714285714,0.9722222222222222
S5,GMR-Competitive,10,42,RF,1.0,1.0,0.9714285714285714,0.9722222222222222
S5,GMR-Competitive,10,42,LR,1.0,1.0,1.0,1.0
S5,GMR-Competitive,10,42,DT,0.6102380952380952,0.9001831501831502,0.7692307692307693,0.9001831501831502
S5,GMR-Competitive,10,42,XGB,0.997076023391813,0.9996947496947497,0.9714285714285714,0.9722222222222222
S5,GMR-Competitive,10,0,KNN,0.9920634920634921,0.9995421245421245,0.9090909090909091,0.9166666666666667
S5,GMR-Competitive,10,0,RF,1.0000000000000002,1.0,0.875,0.8888888888888888
S5,GMR-Competitive,10,0,LR,1.0,1.0,1.0,1.0
S5,GMR-Competitive,10,0,DT,0.5951851851851853,0.8028083028083028,0.7333333333333333,0.8028083028083028
S5,GMR-Competitive,10,0,XGB,0.9944444444444445,0.9993894993894993,0.9411764705882353,0.9444444444444444
S5,GMR-Competitive,10,1,KNN,0.9463580246913579,0.9719169719169719,0.875,0.8888888888888888
S5,GMR-Competitive,10,1,RF,0.9944444444444447,0.9993894993894994,0.875,0.8888888888888888
S5,GMR-Competitive,10,1,LR,1.0,1.0,1.0,1.0
S5,GMR-Competitive,10,1,DT,0.5633333333333334,0.8250915750915749,0.7272727272727273,0.825091575091575
S5,GMR-Competitive,10,1,XGB,0.9970760233918128,0.9996947496947497,0.875,0.8888888888888888
S5,GMR-Competitive,10,2,KNN,1.0,1.0,0.9714285714285714,0.9722222222222222
S5,GMR-Competitive,10,2,RF,1.0000000000000002,1.0,0.8387096774193549,0.8611111111111112
S5,GMR-Competitive,10,2,LR,1.0,1.0,1.0,1.0
S5,GMR-Competitive,10,2,DT,0.6605228758169934,0.8806471306471305,0.8,0.8806471306471306
S5,GMR-Competitive,10,2,XGB,0.9879227053140098,0.9984737484737484,0.9411764705882353,0.9444444444444444
S5,GMR-Competitive,10,3,KNN,0.9494444444444444,0.9720695970695971,0.9714285714285714,0.9722222222222222
S5,GMR-Competitive,10,3,RF,0.997076023391813,0.9996947496947497,0.9090909090909091,0.9166666666666667
S5,GMR-Competitive,10,3,LR,0.9970760233918128,0.9996947496947497,0.9714285714285714,0.9722222222222222
S5,GMR-Competitive,10,3,DT,0.7094444444444445,0.9084249084249084,0.8333333333333334,0.9084249084249084
S5,GMR-Competitive,10,3,XGB,0.997076023391813,0.9996947496947497,0.9411764705882353,0.9444444444444444
S5,GMR-Competitive,20,42,KNN,0.8938888888888888,0.9444444444444444,0.875,0.8888888888888888
S5,GMR-Competitive,20,42,RF,1.0,1.0,0.875,0.8888888888888888
S5,GMR-Competitive,20,42,LR,1.0,1.0,1.0,1.0
S5,GMR-Competitive,20,42,DT,0.5864285714285714,0.8307155322862129,0.75,0.830715532286213
S5,GMR-Competitive,20,42,XGB,0.9765432098765432,0.9988365328679465,0.875,0.8888888888888888
S5,GMR-Competitive,20,0,KNN,1.0,1.0,0.9411764705882353,0.9444444444444444
S5,GMR-Competitive,20,0,RF,1.0000000000000002,1.0,0.875,0.8888888888888888
S5,GMR-Competitive,20,0,LR,1.0,1.0,1.0,1.0
S5,GMR-Competitive,20,0,DT,0.7161111111111111,0.9392088423502035,0.8421052631578947,0.9392088423502036
S5,GMR-Competitive,20,0,XGB,1.0000000000000002,1.0,0.875,0.8888888888888888
S5,GMR-Competitive,20,1,KNN,1.0,1.0,0.9411764705882353,0.9444444444444444
S5,GMR-Competitive,20,1,RF,1.0,1.0,0.875,0.8888888888888888
S5,GMR-Competitive,20,1,LR,1.0,1.0,1.0,1.0
S5,GMR-Competitive,20,1,DT,0.6514646464646464,0.9365910413030832,0.8,0.9365910413030831
S5,GMR-Competitive,20,1,XGB,1.0,1.0,0.9411764705882353,0.9444444444444444
S5,GMR-Competitive,20,2,KNN,0.8938888888888888,0.9444444444444444,0.875,0.8888888888888888
S5,GMR-Competitive,20,2,RF,1.0000000000000002,1.0,0.875,0.8888888888888888
S5,GMR-Competitive,20,2,LR,1.0,1.0,1.0,1.0
S5,GMR-Competitive,20,2,DT,0.4168253968253969,0.7725421756835369,0.625,0.7725421756835369
S5,GMR-Competitive,20,2,XGB,1.0,1.0,1.0,1.0
S5,GMR-Competitive,20,3,KNN,0.9595959595959596,0.9988365328679465,0.8,0.8333333333333333
S5,GMR-Competitive,20,3,RF,1.0,1.0,0.9411764705882353,0.9444444444444444
S5,GMR-Competitive,20,3,LR,1.0,1.0,1.0,1.0
S5,GMR-Competitive,20,3,DT,0.5544444444444444,0.8810354857475277,0.7368421052631579,0.8810354857475277
S5,GMR-Competitive,20,3,XGB,1.0000000000000002,1.0,0.9411764705882353,0.9444444444444444
S5,GMR-Competitive,50,42,KNN,1.0,1.0,0.8571428571428571,0.875
S5,GMR-Competitive,50,42,RF,1.0,1.0,0.6666666666666666,0.75
S5,GMR-Competitive,50,42,LR,1.0,1.0,1.0,1.0
S5,GMR-Competitive,50,42,DT,0.51,0.75,0.6666666666666666,0.75
S5,GMR-Competitive,50,42,XGB,1.0,1.0,0.8571428571428571,0.875
S5,GMR-Competitive,50,0,KNN,1.0,1.0,0.6666666666666666,0.75
S5,GMR-Competitive,50,0,RF,1.0,1.0,0.6666666666666666,0.75
S5,GMR-Competitive,50,0,LR,1.0,1.0,1.0,1.0
S5,GMR-Competitive,50,0,DT,0.51,0.75,0.6666666666666666,0.75
S5,GMR-Competitive,50,0,XGB,1.0,1.0,0.8571428571428571,0.875
S5,GMR-Competitive,50,1,KNN,1.0,1.0,0.6666666666666666,0.75
S5,GMR-Competitive,50,1,RF,1.0,1.0,0.4,0.625
S5,GMR-Competitive,50,1,LR,1.0,1.0,1.0,1.0
S5,GMR-Competitive,50,1,DT,0.51,0.75,0.6666666666666666,0.75
S5,GMR-Competitive,50,1,XGB,1.0,1.0,1.0,1.0
S5,GMR-Competitive,50,2,KNN,0.9,0.9987244897959184,0.4,0.625
S5,GMR-Competitive,50,2,RF,1.0,1.0,0.4,0.625
S5,GMR-Competitive,50,2,LR,1.0,1.0,1.0,1.0
S5,GMR-Competitive,50,2,DT,0.51,0.75,0.6666666666666666,0.75
S5,GMR-Competitive,50,2,XGB,0.8875,0.9974489795918366,0.4,0.625
S5,GMR-Competitive,50,3,KNN,1.0,1.0,0.8571428571428571,0.875
S5,GMR-Competitive,50,3,RF,1.0,1.0,0.4,0.625
S5,GMR-Competitive,50,3,LR,1.0,1.0,1.0,1.0
S5,GMR-Competitive,50,3,DT,0.26,0.7448979591836734,0.5,0.7448979591836735
S5,GMR-Competitive,50,3,XGB,1.0,1.0,0.8571428571428571,0.875
