dataset,method,ir,seed,classifier,auprc,auroc,f1,balanced_acc,ir_before,ir_after,n_train,n_test
S1,None,5,42,KNN,0.46393451845080763,0.7849126460719658,0.4657534246575342,0.6653361101469397,4.61849710982392,4.61849710982392,972,244
S1,None,5,42,RF,0.43597493260359027,0.8056808978363994,0.44155844155844154,0.6553858613907209,4.61849710982392,4.61849710982392,972,244
S1,None,5,42,LR,0.353557757144267,0.7532106907323846,0.43548387096774194,0.6796251301631377,4.61849710982392,4.61849710982392,972,244
S1,None,5,42,DT,0.23886568758852406,0.6119402985074626,0.36585365853658536,0.6147171121138494,4.61849710982392,4.61849710982392,972,244
S1,None,5,42,XGB,0.5182134680228347,0.8191021636006016,0.4864864864864865,0.6769640171236839,4.61849710982392,4.61849710982392,972,244
S1,None,5,0,KNN,0.527901958602513,0.8609857688302672,0.5194805194805194,0.6977322688881176,4.61849710982392,4.61849710982392,972,244
S1,None,5,0,RF,0.6206573351682244,0.8810598171931042,0.6024096385542169,0.7533842415827838,4.61849710982392,4.61849710982392,972,244
S1,None,5,0,LR,0.34198073140868324,0.7592849704963553,0.4262295081967213,0.6704847853754483,4.61849710982392,4.61849710982392,972,244
S1,None,5,0,DT,0.3246434184338821,0.6946083535809325,0.4943820224719101,0.6961124609510587,4.61849710982392,4.61849710982392,972,244
S1,None,5,0,XGB,0.5944077268890354,0.8712831192872844,0.5316455696202531,0.706872613675807,4.61849710982392,4.61849710982392,972,244
S1,None,5,1,KNN,0.5847409992472897,0.8254656947819043,0.5507246376811594,0.7035172972347565,4.61849710982392,4.61849710982392,972,244
S1,None,5,1,RF,0.5883442554913811,0.8321763276640055,0.5333333333333333,0.702707393266227,4.61849710982392,4.61849710982392,972,244
S1,None,5,1,LR,0.3438609973702879,0.7799375216938562,0.41739130434782606,0.6596667823672335,4.61849710982392,4.61849710982392,972,244
S1,None,5,1,DT,0.3434769167818056,0.7076825176443365,0.5111111111111111,0.7077403679278028,4.61849710982392,4.61849710982392,972,244
S1,None,5,1,XGB,0.5889236852925713,0.8471595510818003,0.5542168674698795,0.7251533032511859,4.61849710982392,4.61849710982392,972,244
S1,None,5,2,KNN,0.626128784200821,0.8803656137915076,0.6753246753246753,0.782425083882911,4.61849710982392,4.61849710982392,972,244
S1,None,5,2,RF,0.5995170048447218,0.8740599328936711,0.4857142857142857,0.6727987967141039,4.61849710982392,4.61849710982392,972,244
S1,None,5,2,LR,0.4496018562048108,0.7998380192062942,0.4925373134328358,0.739442323267384,4.61849710982392,4.61849710982392,972,244
S1,None,5,2,DT,0.2900590540546798,0.655848663658452,0.43902439024390244,0.6570635196112461,4.61849710982392,4.61849710982392,972,244
S1,None,5,2,XGB,0.6474933847665548,0.8657873423579775,0.4864864864864865,0.6769640171236839,4.61849710982392,4.61849710982392,972,244
S1,None,5,3,KNN,0.45314932700512567,0.7819622816151799,0.43478260869565216,0.6470554205715608,4.61849710982392,4.61849710982392,972,244
S1,None,5,3,RF,0.5055868530710345,0.798333911836168,0.4507042253521127,0.6561957653592503,4.61849710982392,4.61849710982392,972,244
S1,None,5,3,LR,0.3250505913867877,0.7228392919125304,0.4342105263157895,0.6946662038643989,4.61849710982392,4.61849710982392,972,244
S1,None,5,3,DT,0.2952298301988291,0.6727409464306375,0.47058823529411764,0.6778317713756797,4.61849710982392,4.61849710982392,972,244
S1,None,5,3,XGB,0.4922781678226092,0.8104824713641097,0.4533333333333333,0.6603609857688303,4.61849710982392,4.61849710982392,972,244
S1,None,10,42,KNN,0.39905262883296966,0.7960095294818343,0.45714285714285713,0.6647806233869367,9.276595744670983,9.276595744670983,966,242
S1,None,10,42,RF,0.27734820571034374,0.7600754417311892,0.3076923076923077,0.6076037323803851,9.276595744670983,9.276595744670983,966,242
S1,None,10,42,LR,0.25332597545269586,0.7955132023029581,0.35789473684210527,0.7439944411355965,9.276595744670983,9.276595744670983,966,242
S1,None,10,42,DT,0.12171578969997943,0.580405002977963,0.24,0.5824895771292435,9.276595744670983,9.276595744670983,966,242
S1,None,10,42,XGB,0.38779964655330834,0.8220170736549534,0.2926829268292683,0.6030375223347231,9.276595744670983,9.276595744670983,966,242
S1,None,10,0,KNN,0.28206543127491746,0.8344252531268612,0.2926829268292683,0.6030375223347231,9.276595744670983,9.276595744670983,966,242
S1,None,10,0,RF,0.3566223922412353,0.8719475878499107,0.43902439024390244,0.675104228707564,9.276595744670983,9.276595744670983,966,242
S1,None,10,0,LR,0.2538283923474622,0.7786380782211634,0.3157894736842105,0.6959499702203693,9.276595744670983,9.276595744670983,966,242
S1,None,10,0,DT,0.1779255000598874,0.6373833631129641,0.3404255319148936,0.6373833631129641,9.276595744670983,9.276595744670983,966,242
S1,None,10,0,XGB,0.33615751465111515,0.8681755012904507,0.3333333333333333,0.6247766527695057,9.276595744670983,9.276595744670983,966,242
S1,None,10,1,KNN,0.5473447501115485,0.8164582092515387,0.5555555555555556,0.7105419892793329,9.276595744670983,9.276595744670983,966,242
S1,None,10,1,RF,0.5435745283494386,0.8323406789755807,0.4864864864864865,0.6842366487988882,9.276595744670983,9.276595744670983,966,242
S1,None,10,1,LR,0.22209859053209435,0.7937264244590033,0.39215686274509803,0.8000794123486201,9.276595744670983,9.276595744670983,966,242
S1,None,10,1,DT,0.21793029105282072,0.6645820925153861,0.391304347826087,0.6636887035934088,9.276595744670983,9.276595744670983,966,242
S1,None,10,1,XGB,0.5375245295816282,0.8356164383561644,0.42105263157894735,0.6579313083184435,9.276595744670983,9.276595744670983,966,242
S1,None,10,2,KNN,0.33037318412812483,0.8110978757196744,0.35294117647058826,0.6190192574945403,9.276595744670983,9.276595744670983,966,242
S1,None,10,2,RF,0.3377944927825391,0.830156839388525,0.3783783783783784,0.6361921778836609,9.276595744670983,9.276595744670983,966,242
S1,None,10,2,LR,0.3044463026714811,0.8214214810403018,0.3711340206185567,0.7634504665475481,9.276595744670983,9.276595744670983,966,242
S1,None,10,2,DT,0.18085000199624707,0.6266626960492356,0.34146341463414637,0.6270597577923367,9.276595744670983,9.276595744670983,966,242
S1,None,10,2,XGB,0.37466397865447165,0.8821719277347627,0.3157894736842105,0.6098868374032161,9.276595744670983,9.276595744670983,966,242
S1,None,10,3,KNN,0.5270791981616921,0.8677784395473497,0.5,0.6865197538217193,9.276595744670983,9.276595744670983,966,242
S1,None,10,3,RF,0.47166516305436346,0.8764145324597976,0.5,0.7014095691880087,9.276595744670983,9.276595744670983,966,242
S1,None,10,3,LR,0.21665329369360375,0.7627556084971212,0.2909090909090909,0.6857256303355171,9.276595744670983,9.276595744670983,966,242
S1,None,10,3,DT,0.26453659976387245,0.7380385149890807,0.4727272727272727,0.7392297002183839,9.276595744670983,9.276595744670983,966,242
S1,None,10,3,XGB,0.5452086982232636,0.895473496128648,0.5106382978723404,0.7334723049434186,9.276595744670983,9.276595744670983,966,242
S1,None,20,42,KNN,0.3750942423995878,0.8002183406113536,0.35294117647058826,0.6206331877729258,18.65306122445173,18.65306122445173,963,241
S1,None,20,42,RF,0.3426666489163179,0.8386098981077148,0.3157894736842105,0.6162663755458515,18.65306122445173,18.65306122445173,963,241
S1,None,20,42,LR,0.19614590804744994,0.8628093158660843,0.2619047619047619,0.8251455604075691,18.65306122445173,18.65306122445173,963,241
S1,None,20,42,DT,0.14397619870908251,0.6823144104803494,0.35714285714285715,0.6843158660844251,18.65306122445173,18.65306122445173,963,241
S1,None,20,42,XGB,0.25468642423299287,0.8295123726346434,0.3333333333333333,0.6491994177583698,18.65306122445173,18.65306122445173,963,241
S1,None,20,0,KNN,0.0885694526773365,0.6371906841339157,0.10526315789473684,0.528566229985444,18.65306122445173,18.65306122445173,963,241
S1,None,20,0,RF,0.13853049941169618,0.7312590975254731,0.0,0.4847161572052402,18.65306122445173,18.65306122445173,963,241
S1,None,20,0,LR,0.09958882077862599,0.7390829694323144,0.15789473684210525,0.6233624454148472,18.65306122445173,18.65306122445173,963,241
S1,None,20,0,DT,0.05490241278623021,0.5241994177583698,0.09523809523809523,0.5241994177583698,18.65306122445173,18.65306122445173,963,241
S1,None,20,0,XGB,0.14360333336550357,0.8105895196506551,0.0,0.4868995633187773,18.65306122445173,18.65306122445173,963,241
S1,None,20,1,KNN,0.43638224130721476,0.8284206695778749,0.4,0.625,18.65306122445173,18.65306122445173,963,241
S1,None,20,1,RF,0.6006531459173049,0.8953784570596797,0.375,0.6228165938864629,18.65306122445173,18.65306122445173,963,241
S1,None,20,1,LR,0.19447346400932067,0.8508005822416302,0.2597402597402597,0.7965793304221251,18.65306122445173,18.65306122445173,963,241
S1,None,20,1,DT,0.28946230982019366,0.7017831149927221,0.5,0.701783114992722,18.65306122445173,18.65306122445173,963,241
S1,None,20,1,XGB,0.570456627488709,0.8582605531295487,0.5555555555555556,0.7061499272197962,18.65306122445173,18.65306122445173,963,241
S1,None,20,2,KNN,0.185593262201146,0.6697598253275109,0.14285714285714285,0.5394832605531296,18.65306122445173,18.65306122445173,963,241
S1,None,20,2,RF,0.2549050254268292,0.6994177583697235,0.13333333333333333,0.5372998544395924,18.65306122445173,18.65306122445173,963,241
S1,None,20,2,LR,0.14060659113266874,0.7689228529839884,0.23529411764705882,0.7285298398835516,18.65306122445173,18.65306122445173,963,241
S1,None,20,2,DT,0.0685771092669433,0.5647743813682679,0.18181818181818182,0.5658660844250364,18.65306122445173,18.65306122445173,963,241
S1,None,20,2,XGB,0.30175731441701237,0.8105895196506551,0.25,0.5789665211062591,18.65306122445173,18.65306122445173,963,241
S1,None,20,3,KNN,0.1466487638686809,0.7236171761280932,0.21052631578947367,0.5724163027656477,18.65306122445173,18.65306122445173,963,241
S1,None,20,3,RF,0.2254239604326348,0.7703784570596797,0.1111111111111111,0.5307496360989811,18.65306122445173,18.65306122445173,963,241
S1,None,20,3,LR,0.11500247004241948,0.7762008733624455,0.18691588785046728,0.7310771470160117,18.65306122445173,18.65306122445173,963,241
S1,None,20,3,DT,0.05490241278623021,0.5241994177583698,0.09523809523809523,0.5241994177583698,18.65306122445173,18.65306122445173,963,241
S1,None,20,3,XGB,0.2329955043087835,0.7960334788937409,0.13333333333333333,0.5372998544395924,18.65306122445173,18.65306122445173,963,241
S1,None,50,42,KNN,0.34532584818159634,0.8779661016949153,0.0,0.5,49.52631578921302,49.52631578921302,960,241
S1,None,50,42,RF,0.34581604426002766,0.8461864406779661,0.3333333333333333,0.6,49.52631578921302,49.52631578921302,960,241
S1,None,50,42,LR,0.1422551885626191,0.911864406779661,0.14285714285714285,0.8728813559322034,49.52631578921302,49.52631578921302,960,241
S1,None,50,42,DT,0.216597510373444,0.6,0.3333333333333333,0.6,49.52631578921302,49.52631578921302,960,241
S1,None,50,42,XGB,0.34053663570691434,0.9144067796610169,0.25,0.5957627118644068,49.52631578921302,49.52631578921302,960,241
S1,None,50,0,KNN,0.1263715998155832,0.8521186440677966,0.0,0.4978813559322034,49.52631578921302,49.52631578921302,960,241
S1,None,50,0,RF,0.17274319963116644,0.722457627118644,0.0,0.4978813559322034,49.52631578921302,49.52631578921302,960,241
S1,None,50,0,LR,0.048749248184244726,0.6601694915254237,0.05063291139240506,0.5474576271186441,49.52631578921302,49.52631578921302,960,241
S1,None,50,0,DT,0.04993084370677732,0.589406779661017,0.18181818181818182,0.589406779661017,49.52631578921302,49.52631578921302,960,241
S1,None,50,0,XGB,0.4008865550732056,0.7906779661016949,0.5,0.6978813559322035,49.52631578921302,49.52631578921302,960,241
S1,None,50,1,KNN,0.27888699048083965,0.776271186440678,0.3333333333333333,0.6,49.52631578921302,49.52631578921302,960,241
S1,None,50,1,RF,0.3645889380329215,0.8326271186440678,0.3333333333333333,0.6,49.52631578921302,49.52631578921302,960,241
S1,None,50,1,LR,0.06861836158487854,0.6889830508474576,0.10666666666666667,0.7601694915254238,49.52631578921302,49.52631578921302,960,241
S1,None,50,1,DT,0.11659751037344399,0.5978813559322034,0.2857142857142857,0.5978813559322034,49.52631578921302,49.52631578921302,960,241
S1,None,50,1,XGB,0.37931996512641675,0.9072033898305085,0.2857142857142857,0.5978813559322034,49.52631578921302,49.52631578921302,960,241
S1,None,50,2,KNN,0.2346703550023052,0.6720338983050846,0.3333333333333333,0.6,49.52631578921302,49.52631578921302,960,241
S1,None,50,2,RF,0.23328306152696054,0.6927966101694916,0.3333333333333333,0.6,49.52631578921302,49.52631578921302,960,241
S1,None,50,2,LR,0.0743572722520091,0.7576271186440678,0.10126582278481013,0.7516949152542374,49.52631578921302,49.52631578921302,960,241
S1,None,50,2,DT,0.05659751037344399,0.5915254237288136,0.2,0.5915254237288136,49.52631578921302,49.52631578921302,960,241
S1,None,50,2,XGB,0.21955942824355237,0.4936440677966102,0.2857142857142857,0.5978813559322034,49.52631578921302,49.52631578921302,960,241
S1,None,50,3,KNN,0.02712382616291767,0.559322033898305,0.0,0.5,49.52631578921302,49.52631578921302,960,241
S1,None,50,3,RF,0.062016703904670706,0.7110169491525424,0.0,0.4978813559322034,49.52631578921302,49.52631578921302,960,241
S1,None,50,3,LR,0.0982620320855615,0.7864406779661017,0.09411764705882353,0.7389830508474576,49.52631578921302,49.52631578921302,960,241
S1,None,50,3,DT,0.02074688796680498,0.4915254237288136,0.0,0.4915254237288136,49.52631578921302,49.52631578921302,960,241
S1,None,50,3,XGB,0.1328458428235959,0.7605932203389831,0.0,0.4936440677966102,49.52631578921302,49.52631578921302,960,241
S1,TomekLinks,5,42,KNN,0.47055935658134446,0.7832928381349069,0.475,0.6761541131551545,4.61849710982392,4.445086705199743,972,244
S1,TomekLinks,5,42,RF,0.4862386856823537,0.7878051602452851,0.43902439024390244,0.6570635196112461,4.61849710982392,4.445086705199743,972,244
S1,TomekLinks,5,42,LR,0.3529340053223153,0.7536734930001157,0.432,0.6771375679740831,4.61849710982392,4.445086705199743,972,244
S1,TomekLinks,5,42,DT,0.2205006989452281,0.5975355779243319,0.34408602150537637,0.6014693972000462,4.61849710982392,4.445086705199743,972,244
S1,TomekLinks,5,42,XGB,0.5015021429719554,0.8089783639939836,0.425,0.6479231748235567,4.61849710982392,4.445086705199743,972,244
S1,TomekLinks,5,0,KNN,0.5388705608537453,0.8616799722318639,0.5952380952380952,0.7508966793937291,4.61849710982392,4.317919075142013,972,244
S1,TomekLinks,5,0,RF,0.628792467441698,0.876721045933125,0.6292134831460674,0.7808052759458521,4.61849710982392,4.317919075142013,972,244
S1,TomekLinks,5,0,LR,0.34131140369858737,0.7592849704963555,0.42857142857142855,0.6746500057850284,4.61849710982392,4.317919075142013,972,244
S1,TomekLinks,5,0,DT,0.40784651641823333,0.7657063519611246,0.5957446808510638,0.7683674650005785,4.61849710982392,4.317919075142013,972,244
S1,TomekLinks,5,0,XGB,0.5905380031778802,0.8672335994446373,0.5714285714285714,0.7475992132361449,4.61849710982392,4.317919075142013,972,244
S1,TomekLinks,5,1,KNN,0.5746330801106428,0.8247714913803077,0.5974025974025974,0.7400786763855143,4.61849710982392,4.369942196529267,972,244
S1,TomekLinks,5,1,RF,0.590105273428359,0.8417794747194262,0.5581395348837209,0.7318060858498207,4.61849710982392,4.369942196529267,972,244
S1,TomekLinks,5,1,LR,0.3437572251069954,0.7801689228277218,0.42735042735042733,0.6688071271549231,4.61849710982392,4.369942196529267,972,244
S1,TomekLinks,5,1,DT,0.3719977125428898,0.7376489644799259,0.5473684210526316,0.737648964479926,4.61849710982392,4.369942196529267,972,244
S1,TomekLinks,5,1,XGB,0.5603045202697973,0.8409117204674303,0.5517241379310345,0.729318523660766,4.61849710982392,4.369942196529267,972,244
S1,TomekLinks,5,2,KNN,0.6191302109059469,0.8782830035867175,0.6153846153846154,0.7758301515677427,4.61849710982392,4.2832369942171775,972,244
S1,TomekLinks,5,2,RF,0.5940412123339657,0.8545065370820317,0.5882352941176471,0.7484091172046743,4.61849710982392,4.2832369942171775,972,244
S1,TomekLinks,5,2,LR,0.4496571526643761,0.8000694203401597,0.4888888888888889,0.7369547610783294,4.61849710982392,4.2832369942171775,972,244
S1,TomekLinks,5,2,DT,0.3457758292032024,0.7143931505264377,0.5161290322580645,0.7143931505264376,4.61849710982392,4.2832369942171775,972,244
S1,TomekLinks,5,2,XGB,0.6390031275549246,0.8682170542635659,0.5681818181818182,0.7409464306375102,4.61849710982392,4.2832369942171775,972,244
S1,TomekLinks,5,3,KNN,0.48980592949230706,0.783003586717575,0.525,0.7043850514867522,4.61849710982392,4.2947976878587895,972,244
S1,TomekLinks,5,3,RF,0.5579675668708846,0.8208955223880596,0.5714285714285714,0.7367812102279301,4.61849710982392,4.2947976878587895,972,244
S1,TomekLinks,5,3,LR,0.3235259776340622,0.7217979868101353,0.4444444444444444,0.7062941108411431,4.61849710982392,4.2947976878587895,972,244
S1,TomekLinks,5,3,DT,0.3326351992602266,0.7049635543214162,0.5111111111111111,0.7077403679278028,4.61849710982392,4.2947976878587895,972,244
S1,TomekLinks,5,3,XGB,0.5217752679399472,0.8259284970496356,0.475,0.6761541131551545,4.61849710982392,4.2947976878587895,972,244
S1,TomekLinks,10,42,KNN,0.41841876993824123,0.7959102640460591,0.45714285714285713,0.6647806233869367,9.276595744670983,9.042553191479742,966,242
S1,TomekLinks,10,42,RF,0.31483498434829066,0.7424061941631923,0.3,0.6053206273575541,9.276595744670983,9.042553191479742,966,242
S1,TomekLinks,10,42,LR,0.2531809850803856,0.795116140559857,0.35051546391752575,0.7394282310899345,9.276595744670983,9.042553191479742,966,242
S1,TomekLinks,10,42,DT,0.12614855500230993,0.5802064721064126,0.23529411764705882,0.5802064721064125,9.276595744670983,9.042553191479742,966,242
S1,TomekLinks,10,42,XGB,0.3759520302452523,0.7937264244590033,0.34782608695652173,0.6396664681357951,9.276595744670983,9.042553191479742,966,242
S1,TomekLinks,10,0,KNN,0.2799083159667642,0.827972999801469,0.3,0.6053206273575541,9.276595744670983,8.936170212756451,966,242
S1,TomekLinks,10,0,RF,0.33594438187276265,0.8676791741115744,0.4186046511627907,0.6705380186619019,9.276595744670983,8.936170212756451,966,242
S1,TomekLinks,10,0,LR,0.25285629180997715,0.7790351399642644,0.32989690721649484,0.7154059956323209,9.276595744670983,8.936170212756451,966,242
S1,TomekLinks,10,0,DT,0.18918353406607813,0.6683541790748461,0.37037037037037035,0.669446098868374,9.276595744670983,8.936170212756451,966,242
S1,TomekLinks,10,0,XGB,0.3931509521897308,0.8644034147309907,0.43478260869565216,0.6877109390510224,9.276595744670983,8.936170212756451,966,242
S1,TomekLinks,10,1,KNN,0.5801857406623288,0.8145721659718086,0.6190476190476191,0.7689100655151876,9.276595744670983,8.936170212756451,966,242
S1,TomekLinks,10,1,RF,0.5941685239999424,0.8259876910859638,0.55,0.7254318046456224,9.276595744670983,8.936170212756451,966,242
S1,TomekLinks,10,1,LR,0.22185784711642675,0.7935278935874529,0.3883495145631068,0.7977963073257892,9.276595744670983,8.936170212756451,966,242
S1,TomekLinks,10,1,DT,0.2474180798163968,0.7163986499900735,0.43636363636363634,0.7152074647607702,9.276595744670983,8.936170212756451,966,242
S1,TomekLinks,10,1,XGB,0.568352636391747,0.8438554695255112,0.55,0.7254318046456224,9.276595744670983,8.936170212756451,966,242
S1,TomekLinks,10,2,KNN,0.3641859187081229,0.808318443517967,0.4,0.6533650982727814,9.276595744670983,8.94680851062878,966,242
S1,TomekLinks,10,2,RF,0.37840945608720367,0.8074250545959897,0.42857142857142855,0.672821123684733,9.276595744670983,8.94680851062878,966,242
S1,TomekLinks,10,2,LR,0.3028638915513223,0.8208258884256502,0.3673469387755102,0.7611673615247171,9.276595744670983,8.94680851062878,966,242
S1,TomekLinks,10,2,DT,0.2252019879097884,0.7096486003573556,0.42105263157894735,0.7106412547151082,9.276595744670983,8.94680851062878,966,242
S1,TomekLinks,10,2,XGB,0.5029461268360175,0.876613063331348,0.4888888888888889,0.7140162795314671,9.276595744670983,8.94680851062878,966,242
S1,TomekLinks,10,3,KNN,0.5802660754899353,0.8711534643637087,0.6666666666666666,0.7929323009728013,9.276595744670983,8.840425531905488,966,242
S1,TomekLinks,10,3,RF,0.5519834180901569,0.8793924955330554,0.6521739130434783,0.8078221163390907,9.276595744670983,8.840425531905488,966,242
S1,TomekLinks,10,3,LR,0.21712235067939542,0.7639467937264245,0.30357142857142855,0.7051816557474687,9.276595744670983,8.840425531905488,966,242
S1,TomekLinks,10,3,DT,0.2976723927084308,0.778141751042287,0.5263157894736842,0.7827079610879492,9.276595744670983,8.840425531905488,966,242
S1,TomekLinks,10,3,XGB,0.5783811770938396,0.9071868175501291,0.5714285714285714,0.7769505658129839,9.276595744670983,8.840425531905488,966,242
S1,TomekLinks,20,42,KNN,0.3901269221381498,0.7987627365356622,0.35294117647058826,0.6206331877729258,18.65306122445173,18.2653061224117,963,241
S1,TomekLinks,20,42,RF,0.3540793433451171,0.8147743813682679,0.4,0.6579330422125181,18.65306122445173,18.2653061224117,963,241
S1,TomekLinks,20,42,LR,0.19642318169132977,0.8631732168850071,0.2619047619047619,0.8251455604075691,18.65306122445173,18.2653061224117,963,241
S1,TomekLinks,20,42,DT,0.13575912331099052,0.6470160116448326,0.32,0.6470160116448326,18.65306122445173,18.2653061224117,963,241
S1,TomekLinks,20,42,XGB,0.41245256324347473,0.8336972343522562,0.5384615384615384,0.7763828238719068,18.65306122445173,18.2653061224117,963,241
S1,TomekLinks,20,0,KNN,0.09154564315352696,0.6268195050946144,0.10526315789473684,0.528566229985444,18.65306122445173,18.34693877547276,963,241
S1,TomekLinks,20,0,RF,0.1543769838313643,0.7854803493449783,0.0,0.4868995633187773,18.65306122445173,18.34693877547276,963,241
S1,TomekLinks,20,0,LR,0.09943763548593126,0.7387190684133915,0.15384615384615385,0.618995633187773,18.65306122445173,18.34693877547276,963,241
S1,TomekLinks,20,0,DT,0.05321891110272853,0.5198326055312954,0.08695652173913043,0.5198326055312955,18.65306122445173,18.34693877547276,963,241
S1,TomekLinks,20,0,XGB,0.1697996645753954,0.8426128093158661,0.23076923076923078,0.6009825327510917,18.65306122445173,18.34693877547276,963,241
S1,TomekLinks,20,1,KNN,0.4618452042701777,0.8280567685589519,0.5,0.6666666666666666,18.65306122445173,18.34693877547276,963,241
S1,TomekLinks,20,1,RF,0.5996181996311665,0.8715429403202329,0.5555555555555556,0.7061499272197962,18.65306122445173,18.34693877547276,963,241
S1,TomekLinks,20,1,LR,0.19091334918722347,0.8497088791848618,0.2597402597402597,0.7965793304221251,18.65306122445173,18.34693877547276,963,241
S1,TomekLinks,20,1,DT,0.30637774704164744,0.7405385735080058,0.5454545454545454,0.7412663755458515,18.65306122445173,18.34693877547276,963,241
S1,TomekLinks,20,1,XGB,0.6269590553172643,0.8922852983988355,0.6666666666666666,0.7872998544395924,18.65306122445173,18.34693877547276,963,241
S1,TomekLinks,20,2,KNN,0.3173799256908849,0.7088791848617176,0.3333333333333333,0.6184497816593886,18.65306122445173,18.183673469350644,963,241
S1,TomekLinks,20,2,RF,0.3707187348136518,0.6981441048034935,0.4444444444444444,0.6622998544395924,18.65306122445173,18.183673469350644,963,241
S1,TomekLinks,20,2,LR,0.14060659113266874,0.7689228529839884,0.2318840579710145,0.7263464337700145,18.65306122445173,18.183673469350644,963,241
S1,TomekLinks,20,2,DT,0.12133604638791361,0.6453784570596798,0.32,0.6470160116448326,18.65306122445173,18.183673469350644,963,241
S1,TomekLinks,20,2,XGB,0.4160505593801931,0.7741994177583698,0.4,0.6579330422125181,18.65306122445173,18.183673469350644,963,241
S1,TomekLinks,20,3,KNN,0.19574688796680498,0.7292576419213974,0.36363636363636365,0.653566229985444,18.65306122445173,18.20408163261591,963,241
S1,TomekLinks,20,3,RF,0.23488029303224406,0.7561863173216885,0.3,0.6140829694323144,18.65306122445173,18.20408163261591,963,241
S1,TomekLinks,20,3,LR,0.11519111369456059,0.7769286754002911,0.18691588785046728,0.7310771470160117,18.65306122445173,18.20408163261591,963,241
S1,TomekLinks,20,3,DT,0.09984439834024897,0.605349344978166,0.25,0.605349344978166,18.65306122445173,18.20408163261591,963,241
S1,TomekLinks,20,3,XGB,0.23265898332948498,0.7842066957787481,0.2857142857142857,0.6118995633187774,18.65306122445173,18.20408163261591,963,241
S1,TomekLinks,50,42,KNN,0.42637159981558326,0.8809322033898306,0.3333333333333333,0.6,49.52631578921302,48.99999999974211,960,241
S1,TomekLinks,50,42,RF,0.4694827109266943,0.8559322033898306,0.2857142857142857,0.5978813559322034,49.52631578921302,48.99999999974211,960,241
S1,TomekLinks,50,42,LR,0.1422551885626191,0.911864406779661,0.14285714285714285,0.8728813559322034,49.52631578921302,48.99999999974211,960,241
S1,TomekLinks,50,42,DT,0.27911479944674966,0.6978813559322034,0.5,0.6978813559322035,49.52631578921302,48.99999999974211,960,241
S1,TomekLinks,50,42,XGB,0.3510822510822511,0.9203389830508475,0.4444444444444444,0.6957627118644067,49.52631578921302,48.99999999974211,960,241
S1,TomekLinks,50,0,KNN,0.148149377593361,0.8588983050847459,0.0,0.4978813559322034,49.52631578921302,49.21052631553047,960,241
S1,TomekLinks,50,0,RF,0.18123108601378968,0.7211864406779661,0.0,0.4978813559322034,49.52631578921302,49.21052631553047,960,241
S1,TomekLinks,50,0,LR,0.048799241935025876,0.6610169491525424,0.05,0.5453389830508475,49.52631578921302,49.21052631553047,960,241
S1,TomekLinks,50,0,DT,0.05659751037344399,0.5915254237288136,0.2,0.5915254237288136,49.52631578921302,49.21052631553047,960,241
S1,TomekLinks,50,0,XGB,0.2928415810768752,0.8487288135593221,0.4444444444444444,0.6957627118644067,49.52631578921302,49.21052631553047,960,241
S1,TomekLinks,50,1,KNN,0.4416320885200553,0.7809322033898305,0.3333333333333333,0.6,49.52631578921302,49.15789473658339,960,241
S1,TomekLinks,50,1,RF,0.3398777025551431,0.7495762711864408,0.3333333333333333,0.6,49.52631578921302,49.15789473658339,960,241
S1,TomekLinks,50,1,LR,0.06861836158487854,0.6889830508474576,0.10666666666666667,0.7601694915254238,49.52631578921302,49.15789473658339,960,241
S1,TomekLinks,50,1,DT,0.27911479944674966,0.6978813559322034,0.5,0.6978813559322035,49.52631578921302,49.15789473658339,960,241
S1,TomekLinks,50,1,XGB,0.4916216216216216,0.9228813559322034,0.2857142857142857,0.5978813559322034,49.52631578921302,49.15789473658339,960,241
S1,TomekLinks,50,2,KNN,0.09911479944674965,0.6677966101694915,0.25,0.5957627118644068,49.52631578921302,48.84210526290084,960,241
S1,TomekLinks,50,2,RF,0.22578146611341635,0.6127118644067796,0.3333333333333333,0.6,49.52631578921302,48.84210526290084,960,241
S1,TomekLinks,50,2,LR,0.07481339198730504,0.7593220338983051,0.10126582278481013,0.7516949152542374,49.52631578921302,48.84210526290084,960,241
S1,TomekLinks,50,2,DT,0.06659751037344398,0.5936440677966102,0.2222222222222222,0.5936440677966102,49.52631578921302,48.84210526290084,960,241
S1,TomekLinks,50,2,XGB,0.21975077108204044,0.5317796610169492,0.2222222222222222,0.5936440677966102,49.52631578921302,48.84210526290084,960,241
S1,TomekLinks,50,3,KNN,0.026597510373443985,0.5559322033898305,0.0,0.4978813559322034,49.52631578921302,48.84210526290084,960,241
S1,TomekLinks,50,3,RF,0.07408822887093253,0.7182203389830509,0.0,0.4957627118644068,49.52631578921302,48.84210526290084,960,241
S1,TomekLinks,50,3,LR,0.09866525789201311,0.7872881355932203,0.09411764705882353,0.7389830508474576,49.52631578921302,48.84210526290084,960,241
S1,TomekLinks,50,3,DT,0.02074688796680498,0.4809322033898305,0.0,0.4809322033898305,49.52631578921302,48.84210526290084,960,241
S1,TomekLinks,50,3,XGB,0.13394660894660892,0.7915254237288135,0.0,0.4915254237288136,49.52631578921302,48.84210526290084,960,241
S1,SMOTE,5,42,KNN,0.393615239311106,0.7881522619460835,0.5346534653465347,0.7368390605113966,4.61849710982392,0.9999999999998748,972,244
S1,SMOTE,5,42,RF,0.44205277496297707,0.8015735277102858,0.4807692307692308,0.7011454356126345,4.61849710982392,0.9999999999998748,972,244
S1,SMOTE,5,42,LR,0.353017340825844,0.7537891935670484,0.4426229508196721,0.6846002545412473,4.61849710982392,0.9999999999998748,972,244
S1,SMOTE,5,42,DT,0.30564586004921496,0.6878398704153651,0.46938775510204084,0.687839870415365,4.61849710982392,0.9999999999998748,972,244
S1,SMOTE,5,42,XGB,0.5199528731586475,0.830325118593081,0.5148514851485149,0.7227235913455976,4.61849710982392,0.9999999999998748,972,244
S1,SMOTE,5,0,KNN,0.4707536492159524,0.8406803193335646,0.5203252032520326,0.7526900381811871,4.61849710982392,0.9999999999998748,972,244
S1,SMOTE,5,0,RF,0.5234225259149412,0.8606965174129353,0.5504587155963303,0.7592849704963555,4.61849710982392,0.9999999999998748,972,244
S1,SMOTE,5,0,LR,0.341293263628519,0.759516371630221,0.42276422764227645,0.6679972231863935,4.61849710982392,0.9999999999998748,972,244
S1,SMOTE,5,0,DT,0.32734101904603374,0.7303019784796945,0.5087719298245614,0.7327316903852829,4.61849710982392,0.9999999999998748,972,244
S1,SMOTE,5,0,XGB,0.6014890549586067,0.8705889158856878,0.5714285714285714,0.780053222260789,4.61849710982392,0.9999999999998748,972,244
S1,SMOTE,5,1,KNN,0.46350295692588195,0.8153997454587527,0.5172413793103449,0.7418720351729724,4.61849710982392,0.9999999999998748,972,244
S1,SMOTE,5,1,RF,0.5386841116796153,0.8480273053337961,0.5523809523809524,0.7551197500867755,4.61849710982392,0.9999999999998748,972,244
S1,SMOTE,5,1,LR,0.3441424753115745,0.7813259284970496,0.42735042735042733,0.6688071271549231,4.61849710982392,0.9999999999998748,972,244
S1,SMOTE,5,1,DT,0.27982840880142934,0.6826911951868564,0.4482758620689655,0.6854101585097767,4.61849710982392,0.9999999999998748,972,244
S1,SMOTE,5,1,XGB,0.6124800254309614,0.8629526784681245,0.6274509803921569,0.8049288441513363,4.61849710982392,0.9999999999998748,972,244
S1,SMOTE,5,2,KNN,0.5674067979947719,0.887423348374407,0.6271186440677966,0.8357051949554553,4.61849710982392,0.9999999999998748,972,244
S1,SMOTE,5,2,RF,0.552335283941732,0.8626055767673263,0.5384615384615384,0.7434918431100312,4.61849710982392,0.9999999999998748,972,244
S1,SMOTE,5,2,LR,0.4510971800068718,0.8001851209070925,0.48854961832061067,0.7327895406687492,4.61849710982392,0.9999999999998748,972,244
S1,SMOTE,5,2,DT,0.3377262907381093,0.7310540321647576,0.5137614678899083,0.7310540321647576,4.61849710982392,0.9999999999998748,972,244
S1,SMOTE,5,2,XGB,0.637264758828713,0.8797871109568437,0.5555555555555556,0.7617725326854101,4.61849710982392,0.9999999999998748,972,244
S1,SMOTE,5,3,KNN,0.42816079206090646,0.777970612055999,0.48695652173913045,0.7161286590304292,4.61849710982392,0.9999999999998748,972,244
S1,SMOTE,5,3,RF,0.4732239626411619,0.8108874233483744,0.5048543689320388,0.7177484669674881,4.61849710982392,0.9999999999998748,972,244
S1,SMOTE,5,3,LR,0.32385400833901357,0.7222607890778665,0.4370860927152318,0.6971537660534537,4.61849710982392,0.9999999999998748,972,244
S1,SMOTE,5,3,DT,0.28186479192007213,0.677253268541016,0.4485981308411215,0.6795672798796715,4.61849710982392,0.9999999999998748,972,244
S1,SMOTE,5,3,XGB,0.49574604332383465,0.7981025107023024,0.46,0.6828647460372556,4.61849710982392,0.9999999999998748,972,244
S1,SMOTE,10,42,KNN,0.29614739295948034,0.8015683938852493,0.410958904109589,0.7461782807226524,9.276595744670983,0.9999999999998853,966,242
S1,SMOTE,10,42,RF,0.31563177554112776,0.8151677585864602,0.3611111111111111,0.7004169148302561,9.276595744670983,0.9999999999998853,966,242
S1,SMOTE,10,42,LR,0.2507133074676092,0.7941234862021045,0.35051546391752575,0.7394282310899345,9.276595744670983,0.9999999999998853,966,242
S1,SMOTE,10,42,DT,0.18262666187567372,0.6935675997617629,0.3466666666666667,0.693567599761763,9.276595744670983,0.9999999999998853,966,242
S1,SMOTE,10,42,XGB,0.3969658251940511,0.8225134008338296,0.4057971014492754,0.7312884653563629,9.276595744670983,0.9999999999998853,966,242
S1,SMOTE,10,0,KNN,0.2974483596888251,0.849811395672027,0.47368421052631576,0.8113956720270001,9.276595744670983,0.9999999999998853,966,242
S1,SMOTE,10,0,RF,0.29230308451780096,0.8555687909469922,0.3888888888888889,0.7244391502878698,9.276595744670983,0.9999999999998853,966,242
S1,SMOTE,10,0,LR,0.2455920964386256,0.7790351399642644,0.32989690721649484,0.7154059956323209,9.276595744670983,0.9999999999998853,966,242
S1,SMOTE,10,0,DT,0.17092210769562657,0.6774865991661703,0.34285714285714286,0.6809608894183046,9.276595744670983,0.9999999999998853,966,242
S1,SMOTE,10,0,XGB,0.3736722905789346,0.8647012110383164,0.3880597014925373,0.7118324399444114,9.276595744670983,0.9999999999998853,966,242
S1,SMOTE,10,1,KNN,0.43888924536157736,0.8198332340678975,0.4788732394366197,0.7987889616835417,9.276595744670983,0.9999999999998853,966,242
S1,SMOTE,10,1,RF,0.4076266409336583,0.8316458209251538,0.4307692307692308,0.7404208854476871,9.276595744670983,0.9999999999998853,966,242
S1,SMOTE,10,1,LR,0.2235232387011752,0.7945205479452054,0.39215686274509803,0.8000794123486201,9.276595744670983,0.9999999999998853,966,242
S1,SMOTE,10,1,DT,0.1664949894198906,0.6603136787770498,0.3188405797101449,0.6592217589835219,9.276595744670983,0.9999999999998853,966,242
S1,SMOTE,10,1,XGB,0.47185723718337663,0.8021639864999007,0.41935483870967744,0.7232479650585666,9.276595744670983,0.9999999999998853,966,242
S1,SMOTE,10,2,KNN,0.3111477278090917,0.834723049434187,0.43243243243243246,0.767917411157435,9.276595744670983,0.9999999999998853,966,242
S1,SMOTE,10,2,RF,0.3536240784800437,0.8622195751439349,0.44776119402985076,0.7598769108596386,9.276595744670983,0.9999999999998853,966,242
S1,SMOTE,10,2,LR,0.30457027992176666,0.8216200119118523,0.3673469387755102,0.7611673615247171,9.276595744670983,0.9999999999998853,966,242
S1,SMOTE,10,2,DT,0.24573058464041092,0.7561048243001787,0.4411764705882353,0.7575938058368077,9.276595744670983,0.9999999999998853,966,242
S1,SMOTE,10,2,XGB,0.3391369483599129,0.8627159023228111,0.417910447761194,0.735854675402025,9.276595744670983,0.9999999999998853,966,242
S1,SMOTE,10,3,KNN,0.4106681333050839,0.8741314274369665,0.4691358024691358,0.8240023823704585,9.276595744670983,0.9999999999998853,966,242
S1,SMOTE,10,3,RF,0.45756980519307,0.8889219773674807,0.4935064935064935,0.8331348024617828,9.276595744670983,0.9999999999998853,966,242
S1,SMOTE,10,3,LR,0.21684719206105635,0.7637482628548738,0.3090909090909091,0.7097478657931309,9.276595744670983,0.9999999999998853,966,242
S1,SMOTE,10,3,DT,0.2664321844163741,0.7890609489775661,0.4473684210526316,0.7873734365693865,9.276595744670983,0.9999999999998853,966,242
S1,SMOTE,10,3,XGB,0.4855962200191389,0.878499106611078,0.4155844155844156,0.7610680960889418,9.276595744670983,0.9999999999998853,966,242
S1,SMOTE,20,42,KNN,0.2138504250590773,0.8378820960698691,0.36363636363636365,0.8446142649199417,18.65306122445173,0.9999999999998905,963,241
S1,SMOTE,20,42,RF,0.27260440988511164,0.8981077147016012,0.38461538461538464,0.8511644832605532,18.65306122445173,0.9999999999998905,963,241
S1,SMOTE,20,42,LR,0.1978290486388866,0.8628093158660843,0.25882352941176473,0.822962154294032,18.65306122445173,0.9999999999998905,963,241
S1,SMOTE,20,42,DT,0.15334964712558072,0.7656477438136826,0.3137254901960784,0.7656477438136826,18.65306122445173,0.9999999999998905,963,241
S1,SMOTE,20,42,XGB,0.3781094893038624,0.8904657933042213,0.37037037037037035,0.8467976710334789,18.65306122445173,0.9999999999998905,963,241
S1,SMOTE,20,0,KNN,0.09659579275063396,0.6939592430858806,0.18867924528301888,0.629730713245997,18.65306122445173,0.9999999999998905,963,241
S1,SMOTE,20,0,RF,0.14318349008585446,0.8080422125181951,0.2127659574468085,0.6428311499272198,18.65306122445173,0.9999999999998905,963,241
S1,SMOTE,20,0,LR,0.09930211984976563,0.7398107714701601,0.15384615384615385,0.618995633187773,18.65306122445173,0.9999999999998905,963,241
S1,SMOTE,20,0,DT,0.08535194945983328,0.6384643377001457,0.20408163265306123,0.6384643377001455,18.65306122445173,0.9999999999998905,963,241
S1,SMOTE,20,0,XGB,0.1671262732129021,0.8249636098981077,0.17777777777777778,0.6033478893740902,18.65306122445173,0.9999999999998905,963,241
S1,SMOTE,20,1,KNN,0.3571353352733021,0.8520742358078603,0.34615384615384615,0.8073144104803494,18.65306122445173,0.9999999999998905,963,241
S1,SMOTE,20,1,RF,0.5864713451395286,0.8957423580786026,0.3333333333333333,0.741448326055313,18.65306122445173,0.9999999999998905,963,241
S1,SMOTE,20,1,LR,0.19100853289177327,0.8500727802037845,0.2597402597402597,0.7965793304221251,18.65306122445173,0.9999999999998905,963,241
S1,SMOTE,20,1,DT,0.14084492718249125,0.7327147016011646,0.30434782608695654,0.7327147016011645,18.65306122445173,0.9999999999998905,963,241
S1,SMOTE,20,1,XGB,0.4762958861519254,0.8578966521106258,0.36363636363636365,0.7809315866084425,18.65306122445173,0.9999999999998905,963,241
S1,SMOTE,20,2,KNN,0.16911829057927305,0.7936681222707425,0.27906976744186046,0.695414847161572,18.65306122445173,0.9999999999998905,963,241
S1,SMOTE,20,2,RF,0.2131962541019688,0.7805676855895196,0.2222222222222222,0.6229985443959243,18.65306122445173,0.9999999999998905,963,241
S1,SMOTE,20,2,LR,0.14175558138177538,0.7678311499272198,0.22535211267605634,0.7219796215429404,18.65306122445173,0.9999999999998905,963,241
S1,SMOTE,20,2,DT,0.0865283540802213,0.6208151382823871,0.21621621621621623,0.6208151382823872,18.65306122445173,0.9999999999998905,963,241
S1,SMOTE,20,2,XGB,0.28002768081940016,0.8027656477438136,0.21621621621621623,0.6208151382823872,18.65306122445173,0.9999999999998905,963,241
S1,SMOTE,20,3,KNN,0.17976847690963763,0.7893013100436681,0.32,0.7678311499272198,18.65306122445173,0.9999999999998905,963,241
S1,SMOTE,20,3,RF,0.2545404576639721,0.7834788937409025,0.32558139534883723,0.7392649199417758,18.65306122445173,0.9999999999998905,963,241
S1,SMOTE,20,3,LR,0.11962515338798048,0.7871179039301311,0.19801980198019803,0.7441775836972344,18.65306122445173,0.9999999999998905,963,241
S1,SMOTE,20,3,DT,0.08387020455703573,0.6362809315866085,0.2,0.6362809315866085,18.65306122445173,0.9999999999998905,963,241
S1,SMOTE,20,3,XGB,0.21345386253756732,0.8107714701601165,0.3333333333333333,0.741448326055313,18.65306122445173,0.9999999999998905,963,241
S1,SMOTE,50,42,KNN,0.15748271092669433,0.8457627118644069,0.18181818181818182,0.8258474576271186,49.52631578921302,0.9999999999998936,960,241
S1,SMOTE,50,42,RF,0.3962546407512557,0.8423728813559322,0.18604651162790697,0.8279661016949154,49.52631578921302,0.9999999999998936,960,241
S1,SMOTE,50,42,LR,0.1422551885626191,0.911864406779661,0.14285714285714285,0.8728813559322034,49.52631578921302,0.9999999999998936,960,241
S1,SMOTE,50,42,DT,0.104149377593361,0.840677966101695,0.21621621621621623,0.840677966101695,49.52631578921302,0.9999999999998936,960,241
S1,SMOTE,50,42,XGB,0.433469387755102,0.8652542372881356,0.21621621621621623,0.840677966101695,49.52631578921302,0.9999999999998936,960,241
S1,SMOTE,50,0,KNN,0.12669839720120413,0.827542372881356,0.14634146341463414,0.7300847457627119,49.52631578921302,0.9999999999998936,960,241
S1,SMOTE,50,0,RF,0.23370747067794567,0.8254237288135593,0.10526315789473684,0.6343220338983051,49.52631578921302,0.9999999999998936,960,241
S1,SMOTE,50,0,LR,0.047606376829117295,0.661864406779661,0.04938271604938271,0.5432203389830508,49.52631578921302,0.9999999999998936,960,241
S1,SMOTE,50,0,DT,0.037448132780082986,0.6364406779661017,0.10810810810810811,0.6364406779661017,49.52631578921302,0.9999999999998936,960,241
S1,SMOTE,50,0,XGB,0.36351935809767133,0.8008474576271186,0.11428571428571428,0.6406779661016949,49.52631578921302,0.9999999999998936,960,241
S1,SMOTE,50,1,KNN,0.08648057336854018,0.7296610169491526,0.16666666666666666,0.7406779661016949,49.52631578921302,0.9999999999998936,960,241
S1,SMOTE,50,1,RF,0.30251164010754805,0.8317796610169492,0.13333333333333333,0.6512711864406779,49.52631578921302,0.9999999999998936,960,241
S1,SMOTE,50,1,LR,0.06841634138285833,0.688135593220339,0.10666666666666667,0.7601694915254238,49.52631578921302,0.9999999999998936,960,241
S1,SMOTE,50,1,DT,0.05455339593797772,0.6639830508474576,0.16666666666666666,0.6639830508474576,49.52631578921302,0.9999999999998936,960,241
S1,SMOTE,50,1,XGB,0.2936916786916787,0.7533898305084745,0.18181818181818182,0.7470338983050847,49.52631578921302,0.9999999999998936,960,241
S1,SMOTE,50,2,KNN,0.04273384706579727,0.6296610169491526,0.10526315789473684,0.6343220338983051,49.52631578921302,0.9999999999998936,960,241
S1,SMOTE,50,2,RF,0.06108787083298049,0.6194915254237288,0.06451612903225806,0.5470338983050848,49.52631578921302,0.9999999999998936,960,241
S1,SMOTE,50,2,LR,0.07292982456140351,0.7483050847457627,0.1,0.7495762711864407,49.52631578921302,0.9999999999998936,960,241
S1,SMOTE,50,2,DT,0.024289818065751676,0.5470338983050848,0.06451612903225806,0.5470338983050848,49.52631578921302,0.9999999999998936,960,241
S1,SMOTE,50,2,XGB,0.22919855365603614,0.5758474576271186,0.06666666666666667,0.5491525423728814,49.52631578921302,0.9999999999998936,960,241
S1,SMOTE,50,3,KNN,0.054114799446749656,0.6338983050847458,0.13333333333333333,0.6512711864406779,49.52631578921302,0.9999999999998936,960,241
S1,SMOTE,50,3,RF,0.09388367711026921,0.7233050847457627,0.18181818181818182,0.6682203389830508,49.52631578921302,0.9999999999998936,960,241
S1,SMOTE,50,3,LR,0.09831986229606347,0.7872881355932203,0.0963855421686747,0.7432203389830508,49.52631578921302,0.9999999999998936,960,241
S1,SMOTE,50,3,DT,0.05455339593797772,0.6639830508474576,0.16666666666666666,0.6639830508474576,49.52631578921302,0.9999999999998936,960,241
S1,SMOTE,50,3,XGB,0.1320669535283993,0.7173728813559322,0.16666666666666666,0.6639830508474576,49.52631578921302,0.9999999999998936,960,241
S1,BorderlineSMOTE,5,42,KNN,0.36059588841644785,0.7806317250954531,0.5321100917431193,0.7451695013305565,4.61849710982392,0.9999999999998748,972,244
S1,BorderlineSMOTE,5,42,RF,0.38108693929036247,0.7957884993636468,0.5137614678899083,0.7310540321647576,4.61849710982392,0.9999999999998748,972,244
S1,BorderlineSMOTE,5,42,LR,0.3503805792267566,0.7571445100080991,0.4507042253521127,0.7054263565891472,4.61849710982392,0.9999999999998748,972,244
S1,BorderlineSMOTE,5,42,DT,0.31583768810227064,0.700161980793706,0.4897959183673469,0.701955339581164,4.61849710982392,0.9999999999998748,972,244
S1,BorderlineSMOTE,5,42,XGB,0.41001935869610073,0.8052180955686683,0.5178571428571429,0.7377068147633923,4.61849710982392,0.9999999999998748,972,244
S1,BorderlineSMOTE,5,0,KNN,0.4301138180528673,0.83194492653014,0.5573770491803278,0.7834085387018397,4.61849710982392,0.9999999999998748,972,244
S1,BorderlineSMOTE,5,0,RF,0.5301776548526154,0.8649774383894481,0.5454545454545454,0.7567974083073007,4.61849710982392,0.9999999999998748,972,244
S1,BorderlineSMOTE,5,0,LR,0.3402908517136475,0.761598981835011,0.42748091603053434,0.6763276640055537,4.61849710982392,0.9999999999998748,972,244
S1,BorderlineSMOTE,5,0,DT,0.3547083492184522,0.7415827837556404,0.5384615384615384,0.7434918431100312,4.61849710982392,0.9999999999998748,972,244
S1,BorderlineSMOTE,5,0,XGB,0.508904648562148,0.8610436191137337,0.5636363636363636,0.7709128774730996,4.61849710982392,0.9999999999998748,972,244
S1,BorderlineSMOTE,5,1,KNN,0.4298826461315997,0.8099618188129122,0.5299145299145299,0.7534999421497165,4.61849710982392,0.9999999999998748,972,244
S1,BorderlineSMOTE,5,1,RF,0.5200655690205024,0.8602337151452042,0.5825242718446602,0.7742103436306838,4.61849710982392,0.9999999999998748,972,244
S1,BorderlineSMOTE,5,1,LR,0.3413351783628736,0.7817887307647808,0.45161290322580644,0.6937405993289367,4.61849710982392,0.9999999999998748,972,244
S1,BorderlineSMOTE,5,1,DT,0.3192107062675114,0.710285780400324,0.49056603773584906,0.710285780400324,4.61849710982392,0.9999999999998748,972,244
S1,BorderlineSMOTE,5,1,XGB,0.5970394984754646,0.8607543676964018,0.5882352941176471,0.7766979058197385,4.61849710982392,0.9999999999998748,972,244
S1,BorderlineSMOTE,5,2,KNN,0.4718062909350126,0.8547379382158973,0.6050420168067226,0.8191021636006017,4.61849710982392,0.9999999999998748,972,244
S1,BorderlineSMOTE,5,2,RF,0.5029749757853252,0.845944695129006,0.5769230769230769,0.7717227814416291,4.61849710982392,0.9999999999998748,972,244
S1,BorderlineSMOTE,5,2,LR,0.4203760024894727,0.7960199004975125,0.4714285714285714,0.7245169501330557,4.61849710982392,0.9999999999998748,972,244
S1,BorderlineSMOTE,5,2,DT,0.30882314275572853,0.6944926530139998,0.4752475247524752,0.6944926530139998,4.61849710982392,0.9999999999998748,972,244
S1,BorderlineSMOTE,5,2,XGB,0.592448636145068,0.8654402406571791,0.5357142857142857,0.7518222839291913,4.61849710982392,0.9999999999998748,972,244
S1,BorderlineSMOTE,5,3,KNN,0.44149492202750173,0.8063172509545298,0.5309734513274337,0.7493347217401365,4.61849710982392,0.9999999999998748,972,244
S1,BorderlineSMOTE,5,3,RF,0.5032574526428494,0.8308457711442786,0.5,0.7110956843688534,4.61849710982392,0.9999999999998748,972,244
S1,BorderlineSMOTE,5,3,LR,0.31443303164721026,0.7192525743376142,0.44025157232704404,0.7054842068726137,4.61849710982392,0.9999999999998748,972,244
S1,BorderlineSMOTE,5,3,DT,0.3224448064326067,0.7169385629989588,0.4954128440366973,0.7169385629989586,4.61849710982392,0.9999999999998748,972,244
S1,BorderlineSMOTE,5,3,XGB,0.43015668806682916,0.8046395927340044,0.5321100917431193,0.7451695013305565,4.61849710982392,0.9999999999998748,972,244
S1,BorderlineSMOTE,10,42,KNN,0.2626407587787833,0.7686122692078619,0.38961038961038963,0.7370458606313282,9.276595744670983,0.9999999999998853,966,242
S1,BorderlineSMOTE,10,42,RF,0.27656521573993614,0.7840976771888029,0.3561643835616438,0.698133809807425,9.276595744670983,0.9999999999998853,966,242
S1,BorderlineSMOTE,10,42,LR,0.24982916512720396,0.7935278935874529,0.3619047619047619,0.7692078618225133,9.276595744670983,0.9999999999998853,966,242
S1,BorderlineSMOTE,10,42,DT,0.198158681191555,0.6946595195552909,0.375,0.6946595195552908,9.276595744670983,0.9999999999998853,966,242
S1,BorderlineSMOTE,10,42,XGB,0.32785611541991616,0.810601548540798,0.34782608695652173,0.6832439944411356,9.276595744670983,0.9999999999998853,966,242
S1,BorderlineSMOTE,10,0,KNN,0.30587384571873216,0.8425650188604327,0.4927536231884058,0.8033551717292038,9.276595744670983,0.9999999999998853,966,242
S1,BorderlineSMOTE,10,0,RF,0.33592151367333556,0.8742306928727417,0.4482758620689655,0.7323803851498908,9.276595744670983,0.9999999999998853,966,242
S1,BorderlineSMOTE,10,0,LR,0.24037066576492477,0.7804248560651181,0.32075471698113206,0.718880285884455,9.276595744670983,0.9999999999998853,966,242
S1,BorderlineSMOTE,10,0,DT,0.21936758893280633,0.7060750446694462,0.4067796610169492,0.7060750446694462,9.276595744670983,0.9999999999998853,966,242
S1,BorderlineSMOTE,10,0,XGB,0.34221215842320885,0.8528886241810602,0.39285714285714285,0.6889021242803256,9.276595744670983,0.9999999999998853,966,242
S1,BorderlineSMOTE,10,1,KNN,0.34804092631911054,0.7933293627159024,0.46875,0.7667262259281318,9.276595744670983,0.9999999999998853,966,242
S1,BorderlineSMOTE,10,1,RF,0.3902017017727938,0.8227119317053802,0.43636363636363634,0.7152074647607702,9.276595744670983,0.9999999999998853,966,242
S1,BorderlineSMOTE,10,1,LR,0.22185784711642675,0.7935278935874529,0.3925233644859813,0.8126861226920785,9.276595744670983,0.9999999999998853,966,242
S1,BorderlineSMOTE,10,1,DT,0.26134659942755895,0.7220567798292635,0.46153846153846156,0.7220567798292634,9.276595744670983,0.9999999999998853,966,242
S1,BorderlineSMOTE,10,1,XGB,0.4449713124558796,0.8256898947786381,0.4918032786885246,0.773575540996625,9.276595744670983,0.9999999999998853,966,242
S1,BorderlineSMOTE,10,2,KNN,0.30034221378094894,0.8201310303752234,0.417910447761194,0.735854675402025,9.276595744670983,0.9999999999998853,966,242
S1,BorderlineSMOTE,10,2,RF,0.33330399948768574,0.8291641850307724,0.4262295081967213,0.7255310700813976,9.276595744670983,0.9999999999998853,966,242
S1,BorderlineSMOTE,10,2,LR,0.2974591513366353,0.8186420488385944,0.34615384615384615,0.7474687313877308,9.276595744670983,0.9999999999998853,966,242
S1,BorderlineSMOTE,10,2,DT,0.20197628458498024,0.696942624578122,0.38095238095238093,0.6969426245781218,9.276595744670983,0.9999999999998853,966,242
S1,BorderlineSMOTE,10,2,XGB,0.3361825094110355,0.8633114949374627,0.39344262295081966,0.701508834623784,9.276595744670983,0.9999999999998853,966,242
S1,BorderlineSMOTE,10,3,KNN,0.42133148192770703,0.8669843160611475,0.5294117647058824,0.8296605122096485,9.276595744670983,0.9999999999998853,966,242
S1,BorderlineSMOTE,10,3,RF,0.4945141610604483,0.8962676196148501,0.47619047619047616,0.7690093309509629,9.276595744670983,0.9999999999998853,966,242
S1,BorderlineSMOTE,10,3,LR,0.2192961611388754,0.7669247567996824,0.3177570093457944,0.7165971808616239,9.276595744670983,0.9999999999998853,966,242
S1,BorderlineSMOTE,10,3,DT,0.26200801030647747,0.764145324597975,0.46875,0.7667262259281318,9.276595744670983,0.9999999999998853,966,242
S1,BorderlineSMOTE,10,3,XGB,0.5784676256953531,0.9103633114949375,0.53125,0.8147706968433591,9.276595744670983,0.9999999999998853,966,242
S1,BorderlineSMOTE,20,42,KNN,0.2711286883356385,0.8249636098981077,0.4090909090909091,0.8247816593886463,18.65306122445173,0.9999999999998905,963,241
S1,BorderlineSMOTE,20,42,RF,0.3222848361893459,0.895924308588064,0.45,0.8335152838427948,18.65306122445173,0.9999999999998905,963,241
S1,BorderlineSMOTE,20,42,LR,0.19715345397412098,0.8598981077147015,0.27848101265822783,0.8360625909752547,18.65306122445173,0.9999999999998905,963,241
S1,BorderlineSMOTE,20,42,DT,0.2771159594877972,0.8708151382823873,0.46511627906976744,0.8708151382823872,18.65306122445173,0.9999999999998905,963,241
S1,BorderlineSMOTE,20,42,XGB,0.4069818726811198,0.8657205240174672,0.42857142857142855,0.8291484716157205,18.65306122445173,0.9999999999998905,963,241
S1,BorderlineSMOTE,20,0,KNN,0.10500920817310859,0.6792212518195051,0.2631578947368421,0.6624818049490538,18.65306122445173,0.9999999999998905,963,241
S1,BorderlineSMOTE,20,0,RF,0.1739746143750514,0.8298762736535662,0.35294117647058826,0.715065502183406,18.65306122445173,0.9999999999998905,963,241
S1,BorderlineSMOTE,20,0,LR,0.1002096039091563,0.7419941775836972,0.17073170731707318,0.6541120815138283,18.65306122445173,0.9999999999998905,963,241
S1,BorderlineSMOTE,20,0,DT,0.09986168741355464,0.6317321688500728,0.25,0.6317321688500728,18.65306122445173,0.9999999999998905,963,241
S1,BorderlineSMOTE,20,0,XGB,0.1857403705520963,0.8660844250363902,0.29411764705882354,0.6712154294032023,18.65306122445173,0.9999999999998905,963,241
S1,BorderlineSMOTE,20,1,KNN,0.6142109532929035,0.8462518195050946,0.5,0.8422489082969432,18.65306122445173,0.9999999999998905,963,241
S1,BorderlineSMOTE,20,1,RF,0.6598343012273957,0.9430494905385736,0.4444444444444444,0.730349344978166,18.65306122445173,0.9999999999998905,963,241
S1,BorderlineSMOTE,20,1,LR,0.21187681458797758,0.8569868995633187,0.2191780821917808,0.717612809315866,18.65306122445173,0.9999999999998905,963,241
S1,BorderlineSMOTE,20,1,DT,0.22489626556016598,0.730349344978166,0.4444444444444444,0.730349344978166,18.65306122445173,0.9999999999998905,963,241
S1,BorderlineSMOTE,20,1,XGB,0.6086401175457263,0.86608442503639,0.5517241379310345,0.8136826783114992,18.65306122445173,0.9999999999998905,963,241
S1,BorderlineSMOTE,20,2,KNN,0.19827857440744917,0.7811135371179039,0.3684210526315789,0.7501819505094615,18.65306122445173,0.9999999999998905,963,241
S1,BorderlineSMOTE,20,2,RF,0.22284887485379146,0.7903930131004367,0.2857142857142857,0.6690320232896653,18.65306122445173,0.9999999999998905,963,241
S1,BorderlineSMOTE,20,2,LR,0.14128061044309476,0.7678311499272199,0.22535211267605634,0.7219796215429404,18.65306122445173,0.9999999999998905,963,241
S1,BorderlineSMOTE,20,2,DT,0.1196253532984545,0.6690320232896653,0.2857142857142857,0.6690320232896653,18.65306122445173,0.9999999999998905,963,241
S1,BorderlineSMOTE,20,2,XGB,0.27318571003697645,0.824235807860262,0.22857142857142856,0.6251819505094615,18.65306122445173,0.9999999999998905,963,241
S1,BorderlineSMOTE,20,3,KNN,0.19027422352384132,0.7661935953420669,0.2926829268292683,0.6997816593886463,18.65306122445173,0.9999999999998905,963,241
S1,BorderlineSMOTE,20,3,RF,0.3067098655047128,0.8358806404657932,0.36363636363636365,0.7172489082969432,18.65306122445173,0.9999999999998905,963,241
S1,BorderlineSMOTE,20,3,LR,0.11734832167501258,0.7820232896652111,0.1839080459770115,0.6870451237263464,18.65306122445173,0.9999999999998905,963,241
S1,BorderlineSMOTE,20,3,DT,0.17489626556016596,0.7194323144104803,0.375,0.7194323144104804,18.65306122445173,0.9999999999998905,963,241
S1,BorderlineSMOTE,20,3,XGB,0.2834690644286674,0.850254730713246,0.35294117647058826,0.715065502183406,18.65306122445173,0.9999999999998905,963,241
S1,BorderlineSMOTE,50,42,KNN,0.32283069627467964,0.8792372881355932,0.38095238095238093,0.8745762711864407,49.52631578921302,0.9999999999998936,960,241
S1,BorderlineSMOTE,50,42,RF,0.44354331698730043,0.8521186440677967,0.47058823529411764,0.8830508474576271,49.52631578921302,0.9999999999998936,960,241
S1,BorderlineSMOTE,50,42,LR,0.1621717171717172,0.9169491525423729,0.20408163265306123,0.9173728813559322,49.52631578921302,0.9999999999998936,960,241
S1,BorderlineSMOTE,50,42,DT,0.19238467171100804,0.872457627118644,0.36363636363636365,0.8724576271186442,49.52631578921302,0.9999999999998936,960,241
S1,BorderlineSMOTE,50,42,XGB,0.5264912280701755,0.9313559322033899,0.42105263157894735,0.8788135593220339,49.52631578921302,0.9999999999998936,960,241
S1,BorderlineSMOTE,50,0,KNN,0.18272080616478958,0.8597457627118644,0.24,0.7639830508474577,49.52631578921302,0.9999999999998936,960,241
S1,BorderlineSMOTE,50,0,RF,0.21776353276353277,0.8800847457627119,0.21052631578947367,0.6745762711864407,49.52631578921302,0.9999999999998936,960,241
S1,BorderlineSMOTE,50,0,LR,0.0481382581190395,0.6703389830508475,0.047058823529411764,0.5347457627118644,49.52631578921302,0.9999999999998936,960,241
S1,BorderlineSMOTE,50,0,DT,0.06578146611341633,0.6724576271186441,0.2,0.6724576271186441,49.52631578921302,0.9999999999998936,960,241
S1,BorderlineSMOTE,50,0,XGB,0.3599202551834131,0.7542372881355932,0.21052631578947367,0.6745762711864407,49.52631578921302,0.9999999999998936,960,241
S1,BorderlineSMOTE,50,1,KNN,0.198298755186722,0.7720338983050848,0.42857142857142855,0.7872881355932203,49.52631578921302,0.9999999999998936,960,241
S1,BorderlineSMOTE,50,1,RF,0.468298755186722,0.7220338983050848,0.36363636363636365,0.6915254237288135,49.52631578921302,0.9999999999998936,960,241
S1,BorderlineSMOTE,50,1,LR,0.0774158643318668,0.6983050847457628,0.09375,0.6813559322033897,49.52631578921302,0.9999999999998936,960,241
S1,BorderlineSMOTE,50,1,DT,0.11244813278008299,0.6872881355932203,0.3076923076923077,0.6872881355932203,49.52631578921302,0.9999999999998936,960,241
S1,BorderlineSMOTE,50,1,XGB,0.4889772187944945,0.7745762711864407,0.4,0.7851694915254237,49.52631578921302,0.9999999999998936,960,241
S1,BorderlineSMOTE,50,2,KNN,0.047832748164698374,0.6427966101694915,0.13333333333333333,0.6512711864406779,49.52631578921302,0.9999999999998936,960,241
S1,BorderlineSMOTE,50,2,RF,0.08820570853765874,0.5326271186440679,0.08333333333333333,0.561864406779661,49.52631578921302,0.9999999999998936,960,241
S1,BorderlineSMOTE,50,2,LR,0.06888338168923276,0.7355932203389831,0.1038961038961039,0.7559322033898306,49.52631578921302,0.9999999999998936,960,241
S1,BorderlineSMOTE,50,2,DT,0.027708621484555093,0.5639830508474576,0.08695652173913043,0.5639830508474576,49.52631578921302,0.9999999999998936,960,241
S1,BorderlineSMOTE,50,2,XGB,0.23047499293202023,0.6635593220338982,0.09090909090909091,0.5661016949152542,49.52631578921302,0.9999999999998936,960,241
S1,BorderlineSMOTE,50,3,KNN,0.05920137953332974,0.6559322033898305,0.18181818181818182,0.6682203389830508,49.52631578921302,0.9999999999998936,960,241
S1,BorderlineSMOTE,50,3,RF,0.09050887728123001,0.7741525423728813,0.2222222222222222,0.6766949152542373,49.52631578921302,0.9999999999998936,960,241
S1,BorderlineSMOTE,50,3,LR,0.09831986229606347,0.7872881355932203,0.09876543209876543,0.7474576271186442,49.52631578921302,0.9999999999998936,960,241
S1,BorderlineSMOTE,50,3,DT,0.031982125758059365,0.5745762711864407,0.1111111111111111,0.5745762711864407,49.52631578921302,0.9999999999998936,960,241
S1,BorderlineSMOTE,50,3,XGB,0.15471434997750788,0.7296610169491525,0.2222222222222222,0.6766949152542373,49.52631578921302,0.9999999999998936,960,241
S1,RandomOS,5,42,KNN,0.35407139086609163,0.754309846118246,0.4485981308411215,0.6795672798796715,4.61849710982392,0.9999999999998748,972,244
S1,RandomOS,5,42,RF,0.39858509166528117,0.7909290755524703,0.42696629213483145,0.6537660534536619,4.61849710982392,0.9999999999998748,972,244
S1,RandomOS,5,42,LR,0.3526297588110819,0.7542519958347795,0.432,0.6771375679740831,4.61849710982392,0.9999999999998748,972,244
S1,RandomOS,5,42,DT,0.24532748021840756,0.6209649427282193,0.38095238095238093,0.6238574569015388,4.61849710982392,0.9999999999998748,972,244
S1,RandomOS,5,42,XGB,0.5013215677645558,0.8304986694434803,0.4666666666666667,0.679509429596205,4.61849710982392,0.9999999999998748,972,244
S1,RandomOS,5,0,KNN,0.4504971792850857,0.8385398588453084,0.5483870967741935,0.7784334143237301,4.61849710982392,0.9999999999998748,972,244
S1,RandomOS,5,0,RF,0.5777769040217311,0.8752169385629989,0.574468085106383,0.7542519958347795,4.61849710982392,0.9999999999998748,972,244
S1,RandomOS,5,0,LR,0.34121021957943887,0.7594006710632882,0.42276422764227645,0.6679972231863935,4.61849710982392,0.9999999999998748,972,244
S1,RandomOS,5,0,DT,0.3595153101000515,0.7294920745111652,0.5494505494505495,0.7334837440703459,4.61849710982392,0.9999999999998748,972,244
S1,RandomOS,5,0,XGB,0.5446380277969327,0.8695476107832928,0.5625,0.7492768714566702,4.61849710982392,0.9999999999998748,972,244
S1,RandomOS,5,1,KNN,0.3623390685347987,0.7720698831424274,0.4715447154471545,0.7103436306837904,4.61849710982392,0.9999999999998748,972,244
S1,RandomOS,5,1,RF,0.5083292599659567,0.8367465000578502,0.5,0.6986000231401134,4.61849710982392,0.9999999999998748,972,244
S1,RandomOS,5,1,LR,0.34475873389848916,0.7820201318986463,0.42735042735042733,0.6688071271549231,4.61849710982392,0.9999999999998748,972,244
S1,RandomOS,5,1,DT,0.3298243752763723,0.7077982182112692,0.5052631578947369,0.709418026148328,4.61849710982392,0.9999999999998748,972,244
S1,RandomOS,5,1,XGB,0.5840245485187427,0.8427050792548884,0.5185185185185185,0.7018974892976976,4.61849710982392,0.9999999999998748,972,244
S1,RandomOS,5,2,KNN,0.5452152331872842,0.878051602452852,0.6101694915254238,0.8215897257896564,4.61849710982392,0.9999999999998748,972,244
S1,RandomOS,5,2,RF,0.5252283464489766,0.8724401249566123,0.5882352941176471,0.7484091172046743,4.61849710982392,0.9999999999998748,972,244
S1,RandomOS,5,2,LR,0.449864720269047,0.8000694203401596,0.4925373134328358,0.739442323267384,4.61849710982392,0.9999999999998748,972,244
S1,RandomOS,5,2,DT,0.32056169780149957,0.6911373365729493,0.4835164835164835,0.6911373365729492,4.61849710982392,0.9999999999998748,972,244
S1,RandomOS,5,2,XGB,0.6131049094159449,0.8662501446257085,0.627906976744186,0.7741524933472175,4.61849710982392,0.9999999999998748,972,244
S1,RandomOS,5,3,KNN,0.3776354182517194,0.7576651625592965,0.453781512605042,0.6920629411084114,4.61849710982392,0.9999999999998748,972,244
S1,RandomOS,5,3,RF,0.44630162854082067,0.8012264260094875,0.4878048780487805,0.6852944579428439,4.61849710982392,0.9999999999998748,972,244
S1,RandomOS,5,3,LR,0.3235563046157883,0.7217979868101354,0.4370860927152318,0.6971537660534537,4.61849710982392,0.9999999999998748,972,244
S1,RandomOS,5,3,DT,0.24197680839070795,0.6183616799722319,0.3764705882352941,0.6213698947124842,4.61849710982392,0.9999999999998748,972,244
S1,RandomOS,5,3,XGB,0.4998219999244675,0.8026148328126808,0.4,0.6338077056577578,4.61849710982392,0.9999999999998748,972,244
S1,RandomOS,10,42,KNN,0.25752523538045613,0.7793329362715902,0.39436619718309857,0.7267222553107009,9.276595744670983,0.9999999999998853,966,242
S1,RandomOS,10,42,RF,0.28028549642976847,0.7782410164780624,0.2553191489361702,0.5893388921977367,9.276595744670983,0.9999999999998853,966,242
S1,RandomOS,10,42,LR,0.2541119912992395,0.7959102640460591,0.35789473684210527,0.7439944411355965,9.276595744670983,0.9999999999998853,966,242
S1,RandomOS,10,42,DT,0.13758851308258424,0.6045265038713521,0.28,0.6065118125868573,9.276595744670983,0.9999999999998853,966,242
S1,RandomOS,10,42,XGB,0.3236016151900575,0.8049434187016081,0.3829787234042553,0.6614055985705777,9.276595744670983,0.9999999999998853,966,242
S1,RandomOS,10,0,KNN,0.28605807971769376,0.8341274568195354,0.43243243243243246,0.767917411157435,9.276595744670983,0.9999999999998853,966,242
S1,RandomOS,10,0,RF,0.3635308042960713,0.878896168354179,0.425531914893617,0.6854278340281914,9.276595744670983,0.9999999999998853,966,242
S1,RandomOS,10,0,LR,0.2526179274162615,0.775858646019456,0.3191489361702128,0.6982330752432003,9.276595744670983,0.9999999999998853,966,242
S1,RandomOS,10,0,DT,0.1779255000598874,0.6373833631129641,0.3404255319148936,0.6373833631129641,9.276595744670983,0.9999999999998853,966,242
S1,RandomOS,10,0,XGB,0.4088534827818115,0.8944808417708954,0.36363636363636365,0.6442326781814571,9.276595744670983,0.9999999999998853,966,242
S1,RandomOS,10,1,KNN,0.3555558332942763,0.8010720667063729,0.4657534246575342,0.7942227516378797,9.276595744670983,0.9999999999998853,966,242
S1,RandomOS,10,1,RF,0.4630131816740849,0.8283700615445703,0.45,0.6773873337303951,9.276595744670983,0.9999999999998853,966,242
S1,RandomOS,10,1,LR,0.22354217843933713,0.7945205479452055,0.39215686274509803,0.8000794123486201,9.276595744670983,0.9999999999998853,966,242
S1,RandomOS,10,1,DT,0.21097033229702075,0.6636887035934088,0.391304347826087,0.6636887035934088,9.276595744670983,0.9999999999998853,966,242
S1,RandomOS,10,1,XGB,0.5817378698591371,0.8298590430811992,0.5581395348837209,0.742604725034743,9.276595744670983,0.9999999999998853,966,242
S1,RandomOS,10,2,KNN,0.28852251289171044,0.8057375421878102,0.4788732394366197,0.7987889616835417,9.276595744670983,0.9999999999998853,966,242
S1,RandomOS,10,2,RF,0.334231727020836,0.8366090927139169,0.391304347826087,0.6636887035934088,9.276595744670983,0.9999999999998853,966,242
S1,RandomOS,10,2,LR,0.29974667997534293,0.8190391105816954,0.36363636363636365,0.7588842565018861,9.276595744670983,0.9999999999998853,966,242
S1,RandomOS,10,2,DT,0.1733141693616002,0.636589239626762,0.3404255319148936,0.6373833631129641,9.276595744670983,0.9999999999998853,966,242
S1,RandomOS,10,2,XGB,0.33503800349364965,0.8619217788366091,0.3829787234042553,0.6614055985705777,9.276595744670983,0.9999999999998853,966,242
S1,RandomOS,10,3,KNN,0.39043882982196987,0.8434584077824102,0.44155844155844154,0.7850903315465554,9.276595744670983,0.9999999999998853,966,242
S1,RandomOS,10,3,RF,0.42677041447600306,0.866388723446496,0.5714285714285714,0.7769505658129839,9.276595744670983,0.9999999999998853,966,242
S1,RandomOS,10,3,LR,0.22041229410921687,0.7623585467540203,0.3008849557522124,0.7028985507246377,9.276595744670983,0.9999999999998853,966,242
S1,RandomOS,10,3,DT,0.24658568582793672,0.6905896366885049,0.45454545454545453,0.6922771490966845,9.276595744670983,0.9999999999998853,966,242
S1,RandomOS,10,3,XGB,0.4883594700159763,0.884157236450268,0.5185185185185185,0.7655350406988286,9.276595744670983,0.9999999999998853,966,242
S1,RandomOS,20,42,KNN,0.1999308437067773,0.7831149927219795,0.34285714285714286,0.712882096069869,18.65306122445173,0.9999999999998905,963,241
S1,RandomOS,20,42,RF,0.3229854032438241,0.8116812227074236,0.37037037037037035,0.6864992721979621,18.65306122445173,0.9999999999998905,963,241
S1,RandomOS,20,42,LR,0.19766105956260147,0.8631732168850073,0.24719101123595505,0.8142285298398835,18.65306122445173,0.9999999999998905,963,241
S1,RandomOS,20,42,DT,0.2070391227030231,0.7287117903930131,0.4444444444444444,0.730349344978166,18.65306122445173,0.9999999999998905,963,241
S1,RandomOS,20,42,XGB,0.2891588504088505,0.8460698689956332,0.42857142857142855,0.7281659388646289,18.65306122445173,0.9999999999998905,963,241
S1,RandomOS,20,0,KNN,0.0826508920712759,0.6390101892285299,0.2,0.6142649199417758,18.65306122445173,0.9999999999998905,963,241
S1,RandomOS,20,0,RF,0.1500265726209263,0.8089519650655022,0.17391304347826086,0.5636826783114993,18.65306122445173,0.9999999999998905,963,241
S1,RandomOS,20,0,LR,0.09911544836992725,0.7387190684133915,0.15384615384615385,0.618995633187773,18.65306122445173,0.9999999999998905,963,241
S1,RandomOS,20,0,DT,0.05397648686030428,0.5220160116448326,0.09090909090909091,0.5220160116448326,18.65306122445173,0.9999999999998905,963,241
S1,RandomOS,20,0,XGB,0.15525406036983277,0.8204148471615721,0.16666666666666666,0.5614992721979621,18.65306122445173,0.9999999999998905,963,241
S1,RandomOS,20,1,KNN,0.3268092270867308,0.8355167394468704,0.43902439024390244,0.8313318777292577,18.65306122445173,0.9999999999998905,963,241
S1,RandomOS,20,1,RF,0.5975768382148051,0.8680858806404659,0.6,0.7456331877729258,18.65306122445173,0.9999999999998905,963,241
S1,RandomOS,20,1,LR,0.196492303124934,0.8518922852983987,0.2564102564102564,0.7943959243085881,18.65306122445173,0.9999999999998905,963,241
S1,RandomOS,20,1,DT,0.28946230982019366,0.7017831149927221,0.5,0.701783114992722,18.65306122445173,0.9999999999998905,963,241
S1,RandomOS,20,1,XGB,0.6003185014903764,0.8542576419213973,0.5833333333333334,0.7807496360989811,18.65306122445173,0.9999999999998905,963,241
S1,RandomOS,20,2,KNN,0.13552712463500843,0.6655749636098981,0.30303030303030304,0.6733988355167394,18.65306122445173,0.9999999999998905,963,241
S1,RandomOS,20,2,RF,0.25873841118348584,0.726528384279476,0.3157894736842105,0.6162663755458515,18.65306122445173,0.9999999999998905,963,241
S1,RandomOS,20,2,LR,0.14332922703436837,0.7685589519650655,0.23529411764705882,0.7285298398835516,18.65306122445173,0.9999999999998905,963,241
S1,RandomOS,20,2,DT,0.07919218863202265,0.5715065502183406,0.21052631578947367,0.5724163027656477,18.65306122445173,0.9999999999998905,963,241
S1,RandomOS,20,2,XGB,0.29885817849310203,0.7583697234352256,0.2857142857142857,0.6118995633187774,18.65306122445173,0.9999999999998905,963,241
S1,RandomOS,20,3,KNN,0.13356245598924538,0.7219796215429404,0.32558139534883723,0.7392649199417758,18.65306122445173,0.9999999999998905,963,241
S1,RandomOS,20,3,RF,0.23207585864849906,0.7660116448326055,0.4166666666666667,0.6930494905385736,18.65306122445173,0.9999999999998905,963,241
S1,RandomOS,20,3,LR,0.11652288773453223,0.7794759825327511,0.19801980198019803,0.7441775836972344,18.65306122445173,0.9999999999998905,963,241
S1,RandomOS,20,3,DT,0.08911282355265757,0.5724163027656477,0.21052631578947367,0.5724163027656477,18.65306122445173,0.9999999999998905,963,241
S1,RandomOS,20,3,XGB,0.1730933502822509,0.7885735080058223,0.24,0.6031659388646289,18.65306122445173,0.9999999999998905,963,241
S1,RandomOS,50,42,KNN,0.24462556806955144,0.8779661016949153,0.375,0.7830508474576271,49.52631578921302,0.9999999999998936,960,241
S1,RandomOS,50,42,RF,0.40717968062366405,0.8593220338983051,0.2857142857142857,0.5978813559322034,49.52631578921302,0.9999999999998936,960,241
S1,RandomOS,50,42,LR,0.1422551885626191,0.911864406779661,0.14285714285714285,0.8728813559322034,49.52631578921302,0.9999999999998936,960,241
S1,RandomOS,50,42,DT,0.216597510373444,0.6,0.3333333333333333,0.6,49.52631578921302,0.9999999999998936,960,241
S1,RandomOS,50,42,XGB,0.286425902864259,0.9262711864406781,0.0,0.4957627118644068,49.52631578921302,0.9999999999998936,960,241
S1,RandomOS,50,0,KNN,0.12189829534227874,0.8491525423728814,0.16,0.6618644067796611,49.52631578921302,0.9999999999998936,960,241
S1,RandomOS,50,0,RF,0.21817236609910814,0.8088983050847458,0.2857142857142857,0.5978813559322034,49.52631578921302,0.9999999999998936,960,241
S1,RandomOS,50,0,LR,0.04885980395052975,0.6618644067796611,0.05063291139240506,0.5474576271186441,49.52631578921302,0.9999999999998936,960,241
S1,RandomOS,50,0,DT,0.05659751037344399,0.5915254237288136,0.2,0.5915254237288136,49.52631578921302,0.9999999999998936,960,241
S1,RandomOS,50,0,XGB,0.26829032497954935,0.7792372881355932,0.36363636363636365,0.6915254237288135,49.52631578921302,0.9999999999998936,960,241
S1,RandomOS,50,1,KNN,0.12137065061155858,0.7711864406779663,0.25,0.6809322033898305,49.52631578921302,0.9999999999998936,960,241
S1,RandomOS,50,1,RF,0.363298755186722,0.7542372881355933,0.25,0.5957627118644068,49.52631578921302,0.9999999999998936,960,241
S1,RandomOS,50,1,LR,0.06822153618805314,0.6872881355932203,0.10666666666666667,0.7601694915254238,49.52631578921302,0.9999999999998936,960,241
S1,RandomOS,50,1,DT,0.11659751037344399,0.5978813559322034,0.2857142857142857,0.5978813559322034,49.52631578921302,0.9999999999998936,960,241
S1,RandomOS,50,1,XGB,0.3070598129264255,0.7817796610169492,0.2857142857142857,0.5978813559322034,49.52631578921302,0.9999999999998936,960,241
S1,RandomOS,50,2,KNN,0.07911479944674965,0.6656779661016948,0.21052631578947367,0.6745762711864407,49.52631578921302,0.9999999999998936,960,241
S1,RandomOS,50,2,RF,0.24609637423434105,0.7233050847457627,0.2857142857142857,0.5978813559322034,49.52631578921302,0.9999999999998936,960,241
S1,RandomOS,50,2,LR,0.07487311487311488,0.7610169491525425,0.0975609756097561,0.7453389830508474,49.52631578921302,0.9999999999998936,960,241
S1,RandomOS,50,2,DT,0.05659751037344399,0.5915254237288136,0.2,0.5915254237288136,49.52631578921302,0.9999999999998936,960,241
S1,RandomOS,50,2,XGB,0.2251972901455762,0.6466101694915254,0.18181818181818182,0.589406779661017,49.52631578921302,0.9999999999998936,960,241
S1,RandomOS,50,3,KNN,0.04159751037344399,0.5665254237288135,0.09523809523809523,0.5682203389830508,49.52631578921302,0.9999999999998936,960,241
S1,RandomOS,50,3,RF,0.06129020817817498,0.7127118644067797,0.0,0.4894067796610169,49.52631578921302,0.9999999999998936,960,241
S1,RandomOS,50,3,LR,0.09831986229606347,0.7872881355932203,0.09302325581395349,0.736864406779661,49.52631578921302,0.9999999999998936,960,241
S1,RandomOS,50,3,DT,0.02074688796680498,0.489406779661017,0.0,0.4894067796610169,49.52631578921302,0.9999999999998936,960,241
S1,RandomOS,50,3,XGB,0.1007114624505929,0.7453389830508476,0.0,0.4809322033898305,49.52631578921302,0.9999999999998936,960,241
S1,SMOTETomek,5,42,KNN,0.3974508792059672,0.7942265417100544,0.5420560747663551,0.7501446257086659,4.61849710982392,0.9999999999998667,972,244
S1,SMOTETomek,5,42,RF,0.4164225553588877,0.7997801689228277,0.5242718446601942,0.731863936133287,4.61849710982392,0.9999999999998667,972,244
S1,SMOTETomek,5,42,LR,0.3531881189521498,0.7534420918662501,0.4462809917355372,0.6870878167303021,4.61849710982392,0.9999999999998667,972,244
S1,SMOTETomek,5,42,DT,0.3407226523985434,0.7227235913455977,0.5148514851485149,0.7227235913455976,4.61849710982392,0.9999999999998667,972,244
S1,SMOTETomek,5,42,XGB,0.5111599438280001,0.8446141386092791,0.5420560747663551,0.7501446257086659,4.61849710982392,0.9999999999998667,972,244
S1,SMOTETomek,5,0,KNN,0.4516184566861331,0.8387712599791739,0.5409836065573771,0.7692930695360407,4.61849710982392,0.9999999999998659,972,244
S1,SMOTETomek,5,0,RF,0.5388047374446445,0.8606965174129353,0.5454545454545454,0.7567974083073007,4.61849710982392,0.9999999999998659,972,244
S1,SMOTETomek,5,0,LR,0.34044463598113295,0.7596320721971538,0.42276422764227645,0.6679972231863935,4.61849710982392,0.9999999999998659,972,244
S1,SMOTETomek,5,0,DT,0.3076575922463344,0.7136410968413746,0.49122807017543857,0.718616221219484,4.61849710982392,0.9999999999998659,972,244
S1,SMOTETomek,5,0,XGB,0.5880517516142121,0.8676385514289019,0.5486725663716814,0.7634501909059355,4.61849710982392,0.9999999999998659,972,244
S1,SMOTETomek,5,1,KNN,0.48354225815684604,0.8292259632072196,0.5210084033613446,0.7485248177716071,4.61849710982392,0.9999999999998653,972,244
S1,SMOTETomek,5,1,RF,0.5834479570465236,0.8609857688302672,0.5794392523364486,0.7783755640402638,4.61849710982392,0.9999999999998653,972,244
S1,SMOTETomek,5,1,LR,0.3439780325122129,0.7801689228277218,0.41739130434782606,0.6596667823672335,4.61849710982392,0.9999999999998653,972,244
S1,SMOTETomek,5,1,DT,0.2889604936108276,0.6903274326044198,0.46017699115044247,0.6928728450769408,4.61849710982392,0.9999999999998653,972,244
S1,SMOTETomek,5,1,XGB,0.5752739579946327,0.8542751359481661,0.5555555555555556,0.7617725326854101,4.61849710982392,0.9999999999998653,972,244
S1,SMOTETomek,5,2,KNN,0.5640746606739883,0.8915307185005206,0.6218487394957983,0.8332176327664005,4.61849710982392,0.999999999999865,972,244
S1,SMOTETomek,5,2,RF,0.5589675791967594,0.8506305680897835,0.5904761904761905,0.7833506884183732,4.61849710982392,0.999999999999865,972,244
S1,SMOTETomek,5,2,LR,0.4498214935828376,0.7999537197732269,0.48854961832061067,0.7327895406687492,4.61849710982392,0.999999999999865,972,244
S1,SMOTETomek,5,2,DT,0.3603698055661457,0.7434918431100312,0.5384615384615384,0.7434918431100312,4.61849710982392,0.999999999999865,972,244
S1,SMOTETomek,5,2,XGB,0.6232881159697574,0.8762003933819276,0.5535714285714286,0.7659377530949901,4.61849710982392,0.999999999999865,972,244
S1,SMOTETomek,5,3,KNN,0.40418015540878255,0.7761194029850746,0.4864864864864865,0.7119634386208493,4.61849710982392,0.9999999999998664,972,244
S1,SMOTETomek,5,3,RF,0.522002574255972,0.8273169038528289,0.5294117647058824,0.7343514983223418,4.61849710982392,0.9999999999998664,972,244
S1,SMOTETomek,5,3,LR,0.32085910455602784,0.7212194839754715,0.4370860927152318,0.6971537660534537,4.61849710982392,0.9999999999998664,972,244
S1,SMOTETomek,5,3,DT,0.2984394219495177,0.6786995256276757,0.4583333333333333,0.6786995256276755,4.61849710982392,0.9999999999998664,972,244
S1,SMOTETomek,5,3,XGB,0.5370817349595403,0.8160939488603495,0.48484848484848486,0.6994677773921092,4.61849710982392,0.9999999999998664,972,244
S1,SMOTETomek,10,42,KNN,0.296702719580605,0.7907484613857455,0.42105263157894735,0.7633512011117729,9.276595744670983,0.9999999999998792,966,242
S1,SMOTETomek,10,42,RF,0.3221195537319777,0.7958109986102839,0.38461538461538464,0.7347627556084971,9.276595744670983,0.9999999999998792,966,242
S1,SMOTETomek,10,42,LR,0.2507413463208937,0.7945205479452055,0.3469387755102041,0.7371451260671034,9.276595744670983,0.9999999999998792,966,242
S1,SMOTETomek,10,42,DT,0.21092346388789077,0.7347627556084972,0.38461538461538464,0.7347627556084971,9.276595744670983,0.9999999999998792,966,242
S1,SMOTETomek,10,42,XGB,0.4232316006069873,0.799285288862418,0.3466666666666667,0.693567599761763,9.276595744670983,0.9999999999998792,966,242
S1,SMOTETomek,10,0,KNN,0.32194203766854346,0.8604327972999801,0.4675324675324675,0.8091125670041692,9.276595744670983,0.9999999999998788,966,242
S1,SMOTETomek,10,0,RF,0.29714875214132347,0.8393885249156243,0.4117647058823529,0.733571570379194,9.276595744670983,0.9999999999998788,966,242
S1,SMOTETomek,10,0,LR,0.24599665091517992,0.7798292634504665,0.32323232323232326,0.7108397855866587,9.276595744670983,0.9999999999998788,966,242
S1,SMOTETomek,10,0,DT,0.1877470355731225,0.6878102044867977,0.3582089552238806,0.6878102044867977,9.276595744670983,0.9999999999998788,966,242
S1,SMOTETomek,10,0,XGB,0.3924403667163544,0.8689696247766527,0.4126984126984127,0.7209648600357355,9.276595744670983,0.9999999999998788,966,242
S1,SMOTETomek,10,1,KNN,0.4426843646900637,0.8189398451459201,0.4594594594594595,0.7919396466150486,9.276595744670983,0.9999999999998779,966,242
S1,SMOTETomek,10,1,RF,0.4731317799941298,0.8474290252134207,0.463768115942029,0.7793329362715902,9.276595744670983,0.9999999999998779,966,242
S1,SMOTETomek,10,1,LR,0.22354217843933713,0.7945205479452055,0.39215686274509803,0.8000794123486201,9.276595744670983,0.9999999999998779,966,242
S1,SMOTETomek,10,1,DT,0.2504491555874955,0.7575938058368076,0.4411764705882353,0.7575938058368077,9.276595744670983,0.9999999999998779,966,242
S1,SMOTETomek,10,1,XGB,0.5430155097299948,0.8400833829660513,0.49230769230769234,0.7884653563629145,9.276595744670983,0.9999999999998779,966,242
S1,SMOTETomek,10,2,KNN,0.28937362798169747,0.8278737343656938,0.4225352112676056,0.7507444907683145,9.276595744670983,0.9999999999998777,966,242
S1,SMOTETomek,10,2,RF,0.31958070000387945,0.8515981735159818,0.3880597014925373,0.7118324399444114,9.276595744670983,0.9999999999998777,966,242
S1,SMOTETomek,10,2,LR,0.3041564475990173,0.8212229501687512,0.3673469387755102,0.7611673615247171,9.276595744670983,0.9999999999998777,966,242
S1,SMOTETomek,10,2,DT,0.1793945521953611,0.6834425253126861,0.35294117647058826,0.6855270994639666,9.276595744670983,0.9999999999998777,966,242
S1,SMOTETomek,10,2,XGB,0.3303384982055419,0.8567599761762954,0.4117647058823529,0.733571570379194,9.276595744670983,0.9999999999998777,966,242
S1,SMOTETomek,10,3,KNN,0.41715296715604955,0.8792932300972801,0.49382716049382713,0.8480246178280723,9.276595744670983,0.9999999999998772,966,242
S1,SMOTETomek,10,3,RF,0.44542299424202,0.874727020051618,0.42105263157894735,0.7633512011117729,9.276595744670983,0.9999999999998772,966,242
S1,SMOTETomek,10,3,LR,0.21733131183159987,0.7647409172126266,0.3119266055045872,0.7120309708159618,9.276595744670983,0.9999999999998772,966,242
S1,SMOTETomek,10,3,DT,0.2504491555874955,0.7560055588644035,0.42857142857142855,0.7530275957911455,9.276595744670983,0.9999999999998772,966,242
S1,SMOTETomek,10,3,XGB,0.5490564469726268,0.8911058169545365,0.42105263157894735,0.7633512011117729,9.276595744670983,0.9999999999998772,966,242
S1,SMOTETomek,20,42,KNN,0.20589976528773207,0.8373362445414848,0.35714285714285715,0.8424308588064047,18.65306122445173,0.9999999999998863,963,241
S1,SMOTETomek,20,42,RF,0.27690991130359977,0.8622634643377001,0.37735849056603776,0.8489810771470161,18.65306122445173,0.9999999999998863,963,241
S1,SMOTETomek,20,42,LR,0.19766105956260147,0.8631732168850073,0.25882352941176473,0.822962154294032,18.65306122445173,0.9999999999998863,963,241
S1,SMOTETomek,20,42,DT,0.22759700080075707,0.8555312954876274,0.4,0.8555312954876274,18.65306122445173,0.9999999999998863,963,241
S1,SMOTETomek,20,42,XGB,0.39870065224644086,0.8977438136826783,0.35294117647058826,0.8094978165938864,18.65306122445173,0.9999999999998863,963,241
S1,SMOTETomek,20,0,KNN,0.10322190650870967,0.7008733624454148,0.19230769230769232,0.6319141193595342,18.65306122445173,0.9999999999998849,963,241
S1,SMOTETomek,20,0,RF,0.16324688624712305,0.8211426491994178,0.22727272727272727,0.6493813682678311,18.65306122445173,0.9999999999998849,963,241
S1,SMOTETomek,20,0,LR,0.09907704193287185,0.7398107714701601,0.15384615384615385,0.618995633187773,18.65306122445173,0.9999999999998849,963,241
S1,SMOTETomek,20,0,DT,0.11580535646925688,0.6910480349344978,0.26666666666666666,0.6910480349344978,18.65306122445173,0.9999999999998849,963,241
S1,SMOTETomek,20,0,XGB,0.16080291369997332,0.8304221251819505,0.21739130434782608,0.645014556040757,18.65306122445173,0.9999999999998849,963,241
S1,SMOTETomek,20,1,KNN,0.33244596214642896,0.8528020378457061,0.32142857142857145,0.7985807860262009,18.65306122445173,0.9999999999998828,963,241
S1,SMOTETomek,20,1,RF,0.5540830141526393,0.8977438136826784,0.34782608695652173,0.7765647743813682,18.65306122445173,0.9999999999998828,963,241
S1,SMOTETomek,20,1,LR,0.19605436518699604,0.8515283842794759,0.2597402597402597,0.7965793304221251,18.65306122445173,0.9999999999998828,963,241
S1,SMOTETomek,20,1,DT,0.13110724832716536,0.7261644832605533,0.2857142857142857,0.7261644832605532,18.65306122445173,0.9999999999998828,963,241
S1,SMOTETomek,20,1,XGB,0.4630887482350707,0.8777292576419213,0.4,0.8225982532751092,18.65306122445173,0.9999999999998828,963,241
S1,SMOTETomek,20,2,KNN,0.18088174620386754,0.7953056768558953,0.2727272727272727,0.6932314410480349,18.65306122445173,0.9999999999998853,963,241
S1,SMOTETomek,20,2,RF,0.2125325832417819,0.7705604075691412,0.20512820512820512,0.616448326055313,18.65306122445173,0.9999999999998853,963,241
S1,SMOTETomek,20,2,LR,0.14125154912371085,0.767467248908297,0.2191780821917808,0.717612809315866,18.65306122445173,0.9999999999998853,963,241
S1,SMOTETomek,20,2,DT,0.0865283540802213,0.6208151382823871,0.21621621621621623,0.6208151382823872,18.65306122445173,0.9999999999998853,963,241
S1,SMOTETomek,20,2,XGB,0.3565726111213427,0.811863173216885,0.21052631578947367,0.61863173216885,18.65306122445173,0.9999999999998853,963,241
S1,SMOTETomek,20,3,KNN,0.17692181699060933,0.7883915574963609,0.3137254901960784,0.7656477438136826,18.65306122445173,0.9999999999998833,963,241
S1,SMOTETomek,20,3,RF,0.3069615631940829,0.8236899563318777,0.3333333333333333,0.741448326055313,18.65306122445173,0.9999999999998833,963,241
S1,SMOTETomek,20,3,LR,0.1201992243076228,0.7882096069868996,0.19801980198019803,0.7441775836972344,18.65306122445173,0.9999999999998833,963,241
S1,SMOTETomek,20,3,DT,0.14835105463347165,0.7370815138282387,0.3181818181818182,0.7370815138282387,18.65306122445173,0.9999999999998833,963,241
S1,SMOTETomek,20,3,XGB,0.3554651326261441,0.8094978165938864,0.2978723404255319,0.7305312954876274,18.65306122445173,0.9999999999998833,963,241
S1,SMOTETomek,50,42,KNN,0.14741860836259177,0.8432203389830509,0.17777777777777778,0.823728813559322,49.52631578921302,0.9999999999998895,960,241
S1,SMOTETomek,50,42,RF,0.1929002402572671,0.8305084745762712,0.18604651162790697,0.8279661016949154,49.52631578921302,0.9999999999998895,960,241
S1,SMOTETomek,50,42,LR,0.1422551885626191,0.911864406779661,0.14285714285714285,0.8728813559322034,49.52631578921302,0.9999999999998895,960,241
S1,SMOTETomek,50,42,DT,0.09303826648224989,0.8322033898305086,0.1951219512195122,0.8322033898305086,49.52631578921302,0.9999999999998895,960,241
S1,SMOTETomek,50,42,XGB,0.3288609112709832,0.8720338983050848,0.17777777777777778,0.823728813559322,49.52631578921302,0.9999999999998895,960,241
S1,SMOTETomek,50,0,KNN,0.10653032997431336,0.8224576271186441,0.14285714285714285,0.7279661016949153,49.52631578921302,0.9999999999998896,960,241
S1,SMOTETomek,50,0,RF,0.1329438982070561,0.8326271186440678,0.11428571428571428,0.6406779661016949,49.52631578921302,0.9999999999998896,960,241
S1,SMOTETomek,50,0,LR,0.047769345398640625,0.6644067796610169,0.04938271604938271,0.5432203389830508,49.52631578921302,0.9999999999998896,960,241
S1,SMOTETomek,50,0,DT,0.038254584392986214,0.6385593220338983,0.1111111111111111,0.6385593220338983,49.52631578921302,0.9999999999998896,960,241
S1,SMOTETomek,50,0,XGB,0.3285191548937254,0.7966101694915254,0.1111111111111111,0.6385593220338983,49.52631578921302,0.9999999999998896,960,241
S1,SMOTETomek,50,1,KNN,0.10223814912611592,0.7385593220338984,0.17647058823529413,0.7449152542372881,49.52631578921302,0.99999999999989,960,241
S1,SMOTETomek,50,1,RF,0.2505779490219324,0.801271186440678,0.1875,0.7491525423728813,49.52631578921302,0.99999999999989,960,241
S1,SMOTETomek,50,1,LR,0.06841634138285833,0.688135593220339,0.10666666666666667,0.7601694915254238,49.52631578921302,0.99999999999989,960,241
S1,SMOTETomek,50,1,DT,0.07258446947243627,0.7470338983050848,0.18181818181818182,0.7470338983050847,49.52631578921302,0.99999999999989,960,241
S1,SMOTETomek,50,1,XGB,0.49152649846482444,0.7550847457627118,0.1875,0.7491525423728813,49.52631578921302,0.99999999999989,960,241
S1,SMOTETomek,50,2,KNN,0.040212838662435926,0.6271186440677966,0.10526315789473684,0.6343220338983051,49.52631578921302,0.9999999999998905,960,241
S1,SMOTETomek,50,2,RF,0.09340051373246394,0.5483050847457627,0.06896551724137931,0.551271186440678,49.52631578921302,0.9999999999998905,960,241
S1,SMOTETomek,50,2,LR,0.07292982456140351,0.7483050847457627,0.1,0.7495762711864407,49.52631578921302,0.9999999999998905,960,241
S1,SMOTETomek,50,2,DT,0.026121319897253508,0.5576271186440678,0.07692307692307693,0.5576271186440678,49.52631578921302,0.9999999999998905,960,241
S1,SMOTETomek,50,2,XGB,0.10016363737474056,0.6432203389830508,0.06666666666666667,0.5491525423728814,49.52631578921302,0.9999999999998905,960,241
S1,SMOTETomek,50,3,KNN,0.04888537974364574,0.631779661016949,0.13333333333333333,0.6512711864406779,49.52631578921302,0.9999999999998908,960,241
S1,SMOTETomek,50,3,RF,0.0981348207604925,0.6580508474576272,0.16,0.6618644067796611,49.52631578921302,0.9999999999998908,960,241
S1,SMOTETomek,50,3,LR,0.09924494082901769,0.7889830508474576,0.0963855421686747,0.7432203389830508,49.52631578921302,0.9999999999998908,960,241
S1,SMOTETomek,50,3,DT,0.05689257722452743,0.6661016949152542,0.17391304347826086,0.6661016949152543,49.52631578921302,0.9999999999998908,960,241
S1,SMOTETomek,50,3,XGB,0.10422616937593897,0.7063559322033899,0.17391304347826086,0.6661016949152543,49.52631578921302,0.9999999999998908,960,241
S1,GMR,5,42,KNN,0.45689400268541314,0.7838713409695707,0.47368421052631576,0.6719888927455745,4.61849710982392,4.923076923073768,972,244
S1,GMR,5,42,RF,0.46784526238195223,0.8027305333796135,0.49382716049382713,0.6877820201318986,4.61849710982392,4.923076923073768,972,244
S1,GMR,5,42,LR,0.3568008954549776,0.7511280805275946,0.4426229508196721,0.6846002545412473,4.61849710982392,4.923076923073768,972,244
S1,GMR,5,42,DT,0.2776888703685643,0.6471132708550272,0.4186046511627907,0.6471132708550272,4.61849710982392,4.923076923073768,972,244
S1,GMR,5,42,XGB,0.5625855625764826,0.8307879208608122,0.4691358024691358,0.6736665509660997,4.61849710982392,4.923076923073768,972,244
S1,GMR,5,0,KNN,0.603628069662878,0.8847622353349531,0.6590909090909091,0.7974083073007058,4.61849710982392,4.826923076919983,972,244
S1,GMR,5,0,RF,0.6328544250051205,0.8930348258706468,0.6222222222222222,0.7783177137567974,4.61849710982392,4.826923076919983,972,244
S1,GMR,5,0,LR,0.34216388015263566,0.7595163716302209,0.4297520661157025,0.6729723475645031,4.61849710982392,4.826923076919983,972,244
S1,GMR,5,0,DT,0.40662954087468006,0.7700451232211037,0.5858585858585859,0.7700451232211037,4.61849710982392,4.826923076919983,972,244
S1,GMR,5,0,XGB,0.6310574159303491,0.8828531759805623,0.5806451612903226,0.7567395580238343,4.61849710982392,4.826923076919983,972,244
S1,GMR,5,1,KNN,0.5137600956280541,0.8343746384357285,0.5555555555555556,0.7101700798333912,4.61849710982392,4.923076923073768,972,244
S1,GMR,5,1,RF,0.5480609239836308,0.8580932546569477,0.5,0.6861043619113734,4.61849710982392,4.923076923073768,972,244
S1,GMR,5,1,LR,0.3495445517529857,0.7770450075205368,0.4,0.6438736549809094,4.61849710982392,4.923076923073768,972,244
S1,GMR,5,1,DT,0.35535222603465066,0.7127154923059124,0.5227272727272727,0.7127154923059122,4.61849710982392,4.923076923073768,972,244
S1,GMR,5,1,XGB,0.5962451791173613,0.8837787805160245,0.5063291139240507,0.6927571445100081,4.61849710982392,4.923076923073768,972,244
S1,GMR,5,2,KNN,0.6466542455943431,0.8849936364688187,0.627906976744186,0.7741524933472175,4.61849710982392,4.801282051278974,972,244
S1,GMR,5,2,RF,0.6835647983444042,0.8823903737128312,0.6097560975609756,0.7558718037718385,4.61849710982392,4.801282051278974,972,244
S1,GMR,5,2,LR,0.44957325840888807,0.7999537197732269,0.48484848484848486,0.7303019784796945,4.61849710982392,4.801282051278974,972,244
S1,GMR,5,2,DT,0.39676790782395055,0.7409464306375102,0.5681818181818182,0.7409464306375102,4.61849710982392,4.801282051278974,972,244
S1,GMR,5,2,XGB,0.6934246456877047,0.8944810829573064,0.6265060240963856,0.7674997107485826,4.61849710982392,4.801282051278974,972,244
S1,GMR,5,3,KNN,0.45569291912318455,0.7922596320721971,0.5609756097560976,0.7276408654402406,4.61849710982392,4.814102564099478,972,244
S1,GMR,5,3,RF,0.5250627587516049,0.8132592849704963,0.6024096385542169,0.7533842415827838,4.61849710982392,4.814102564099478,972,244
S1,GMR,5,3,LR,0.3199258030363734,0.7215665856762699,0.4473684210526316,0.7087816730301979,4.61849710982392,4.814102564099478,972,244
S1,GMR,5,3,DT,0.3748797269575005,0.7201781788730764,0.5411764705882353,0.7201781788730764,4.61849710982392,4.814102564099478,972,244
S1,GMR,5,3,XGB,0.571919842738177,0.8265648501677659,0.5714285714285714,0.7367812102279301,4.61849710982392,4.814102564099478,972,244
S1,GMR,10,42,KNN,0.47497849181419916,0.8100059559261465,0.5,0.6865197538217193,9.276595744670983,10.08235294116461,966,242
S1,GMR,10,42,RF,0.33154444629838553,0.7713917014095693,0.35,0.6293428628151678,9.276595744670983,10.08235294116461,966,242
S1,GMR,10,42,LR,0.2551268484946681,0.7953146714314077,0.35789473684210527,0.7439944411355965,9.276595744670983,10.08235294116461,966,242
S1,GMR,10,42,DT,0.12163914449530536,0.5675997617629541,0.21739130434782608,0.5675997617629541,9.276595744670983,10.08235294116461,966,242
S1,GMR,10,42,XGB,0.4110649448487841,0.8187413142743697,0.35555555555555557,0.6419495731586262,9.276595744670983,10.08235294116461,966,242
S1,GMR,10,0,KNN,0.27993582591044625,0.8051419495731585,0.2926829268292683,0.6030375223347231,9.276595744670983,10.08235294116461,966,242
S1,GMR,10,0,RF,0.37245559675646644,0.8768115942028987,0.46511627906976744,0.6945602541195156,9.276595744670983,10.08235294116461,966,242
S1,GMR,10,0,LR,0.2527634841314579,0.7770498312487591,0.3225806451612903,0.7005161802660314,9.276595744670983,10.08235294116461,966,242
S1,GMR,10,0,DT,0.18828602227811714,0.6545562835020845,0.36,0.6545562835020846,9.276595744670983,10.08235294116461,966,242
S1,GMR,10,0,XGB,0.3892817247671534,0.8670835814969228,0.46808510638297873,0.709450069485805,9.276595744670983,10.08235294116461,966,242
S1,GMR,10,1,KNN,0.5580905260747158,0.8324399444113559,0.6511627906976745,0.7906491959499702,9.276595744670983,10.035294117635253,966,242
S1,GMR,10,1,RF,0.5578945530689311,0.8314472900536033,0.6666666666666666,0.8101052213619218,9.276595744670983,10.035294117635253,966,242
S1,GMR,10,1,LR,0.2280414223274026,0.7982926345046655,0.3838383838383838,0.7829064919594997,9.276595744670983,10.035294117635253,966,242
S1,GMR,10,1,DT,0.4245418613007546,0.7860829859043081,0.6222222222222222,0.7860829859043081,9.276595744670983,10.035294117635253,966,242
S1,GMR,10,1,XGB,0.5833510898508183,0.8706571371848323,0.7111111111111111,0.8341274568195354,9.276595744670983,10.035294117635253,966,242
S1,GMR,10,2,KNN,0.33937635543051403,0.7692078618225133,0.42105263157894735,0.6579313083184435,9.276595744670983,9.999999999988235,966,242
S1,GMR,10,2,RF,0.38261781318613264,0.7686122692078619,0.5,0.7014095691880087,9.276595744670983,9.999999999988235,966,242
S1,GMR,10,2,LR,0.3028266122977595,0.8206273575540995,0.375,0.7657335715703792,9.276595744670983,9.999999999988235,966,242
S1,GMR,10,2,DT,0.27742006518428586,0.7116339090728607,0.4782608695652174,0.7117331745086362,9.276595744670983,9.999999999988235,966,242
S1,GMR,10,2,XGB,0.4343202242265894,0.8583482231486996,0.3902439024390244,0.6510819932499503,9.276595744670983,9.999999999988235,966,242
S1,GMR,10,3,KNN,0.538473425720015,0.8751240817947191,0.6511627906976745,0.7906491959499702,9.276595744670983,10.047058823517592,966,242
S1,GMR,10,3,RF,0.5662062284114392,0.8848520945006949,0.5116279069767442,0.7185824895771292,9.276595744670983,10.047058823517592,966,242
S1,GMR,10,3,LR,0.21794055744817514,0.7689100655151876,0.3119266055045872,0.7120309708159618,9.276595744670983,10.047058823517592,966,242
S1,GMR,10,3,DT,0.2862498502814708,0.7418106015485407,0.4727272727272727,0.7392297002183839,9.276595744670983,10.047058823517592,966,242
S1,GMR,10,3,XGB,0.5779134725503402,0.9119515584673418,0.5882352941176471,0.7964065912249354,9.276595744670983,10.047058823517592,966,242
S1,GMR,20,42,KNN,0.4318752881512217,0.8038573508005822,0.4444444444444444,0.6622998544395924,18.65306122445173,20.133333333288594,963,241
S1,GMR,20,42,RF,0.4609001062955358,0.8618995633187774,0.5217391304347826,0.7390829694323144,18.65306122445173,20.133333333288594,963,241
S1,GMR,20,42,LR,0.19869103387587184,0.8620815138282387,0.27848101265822783,0.8360625909752547,18.65306122445173,20.133333333288594,963,241
S1,GMR,20,42,DT,0.12208390963577684,0.6426491994177583,0.2962962962962963,0.6426491994177583,18.65306122445173,20.133333333288594,963,241
S1,GMR,20,42,XGB,0.4204064996922339,0.8000363901018924,0.45454545454545453,0.6974163027656477,18.65306122445173,20.133333333288594,963,241
S1,GMR,20,0,KNN,0.09749802410590792,0.6382823871906842,0.10526315789473684,0.528566229985444,18.65306122445173,20.19999999995511,963,241
S1,GMR,20,0,RF,0.14063094610475335,0.7558224163027656,0.0,0.4847161572052402,18.65306122445173,20.19999999995511,963,241
S1,GMR,20,0,LR,0.09960249833535788,0.7394468704512372,0.13333333333333333,0.5816957787481805,18.65306122445173,20.19999999995511,963,241
S1,GMR,20,0,DT,0.05258759797141539,0.5176491994177583,0.08333333333333333,0.5176491994177583,18.65306122445173,20.19999999995511,963,241
S1,GMR,20,0,XGB,0.19627294555628044,0.8595342066957787,0.17391304347826086,0.5636826783114993,18.65306122445173,20.19999999995511,963,241
S1,GMR,20,1,KNN,0.4690008393327896,0.8331513828238719,0.5,0.6666666666666666,18.65306122445173,20.155555555510766,963,241
S1,GMR,20,1,RF,0.6407392313771982,0.8768195050946144,0.5555555555555556,0.7061499272197962,18.65306122445173,20.155555555510766,963,241
S1,GMR,20,1,LR,0.18968785899114504,0.8493449781659389,0.24,0.7570960698689957,18.65306122445173,20.155555555510766,963,241
S1,GMR,20,1,DT,0.34208527180518883,0.779839883551674,0.5833333333333334,0.7807496360989811,18.65306122445173,20.155555555510766,963,241
S1,GMR,20,1,XGB,0.6565168219579984,0.9112081513828238,0.6,0.7456331877729258,18.65306122445173,20.155555555510766,963,241
S1,GMR,20,2,KNN,0.29571230982019364,0.678311499272198,0.35294117647058826,0.6206331877729258,18.65306122445173,20.17777777773294,963,241
S1,GMR,20,2,RF,0.2660278662885803,0.6926855895196508,0.3333333333333333,0.6184497816593886,18.65306122445173,20.17777777773294,963,241
S1,GMR,20,2,LR,0.14397368414202208,0.7667394468704513,0.24242424242424243,0.7328966521106259,18.65306122445173,20.17777777773294,963,241
S1,GMR,20,2,DT,0.07919218863202265,0.5715065502183406,0.21052631578947367,0.5724163027656477,18.65306122445173,20.17777777773294,963,241
S1,GMR,20,2,XGB,0.39991908477923177,0.7902110625909753,0.3157894736842105,0.6162663755458515,18.65306122445173,20.17777777773294,963,241
S1,GMR,20,3,KNN,0.17319444041435744,0.732896652110626,0.34782608695652173,0.6513828238719068,18.65306122445173,20.155555555510766,963,241
S1,GMR,20,3,RF,0.29961352658529955,0.7472707423580786,0.36363636363636365,0.653566229985444,18.65306122445173,20.155555555510766,963,241
S1,GMR,20,3,LR,0.12116641076519787,0.7903930131004366,0.20618556701030927,0.7529112081513829,18.65306122445173,20.155555555510766,963,241
S1,GMR,20,3,DT,0.11234439834024895,0.6097161572052402,0.2727272727272727,0.6097161572052402,18.65306122445173,20.155555555510766,963,241
S1,GMR,20,3,XGB,0.4247913893671244,0.8109534206695778,0.34782608695652173,0.6513828238719068,18.65306122445173,20.155555555510766,963,241
S1,GMR,50,42,KNN,0.504149377593361,0.8847457627118644,0.0,0.5,49.52631578921302,52.11111111082161,960,241
S1,GMR,50,42,RF,0.38853032997431336,0.8588983050847459,0.3333333333333333,0.6,49.52631578921302,52.11111111082161,960,241
S1,GMR,50,42,LR,0.14528549159292212,0.9127118644067796,0.14285714285714285,0.8728813559322034,49.52631578921302,52.11111111082161,960,241
S1,GMR,50,42,DT,0.216597510373444,0.6,0.3333333333333333,0.6,49.52631578921302,52.11111111082161,960,241
S1,GMR,50,42,XGB,0.27492063492063495,0.9432203389830509,0.0,0.4978813559322034,49.52631578921302,52.11111111082161,960,241
S1,GMR,50,0,KNN,0.1263715998155832,0.8521186440677966,0.0,0.4978813559322034,49.52631578921302,52.27777777748735,960,241
S1,GMR,50,0,RF,0.1916320885200553,0.7275423728813559,0.0,0.4978813559322034,49.52631578921302,52.27777777748735,960,241
S1,GMR,50,0,LR,0.046599537016994326,0.6728813559322034,0.05194805194805195,0.5516949152542373,49.52631578921302,52.27777777748735,960,241
S1,GMR,50,0,DT,0.05659751037344399,0.5915254237288136,0.2,0.5915254237288136,49.52631578921302,52.27777777748735,960,241
S1,GMR,50,0,XGB,0.40625407697325505,0.8504237288135593,0.5,0.6978813559322035,49.52631578921302,52.27777777748735,960,241
S1,GMR,50,1,KNN,0.288298755186722,0.7796610169491526,0.3333333333333333,0.6,49.52631578921302,52.166666666376855,960,241
S1,GMR,50,1,RF,0.32544161232957913,0.7584745762711865,0.3333333333333333,0.6,49.52631578921302,52.166666666376855,960,241
S1,GMR,50,1,LR,0.06925724030413802,0.6915254237288135,0.10810810810810811,0.7622881355932203,49.52631578921302,52.166666666376855,960,241
S1,GMR,50,1,DT,0.05659751037344399,0.5915254237288136,0.2,0.5915254237288136,49.52631578921302,52.166666666376855,960,241
S1,GMR,50,1,XGB,0.3903846153846154,0.9161016949152542,0.25,0.5957627118644068,49.52631578921302,52.166666666376855,960,241
S1,GMR,50,2,KNN,0.232448132780083,0.6686440677966101,0.3333333333333333,0.6,49.52631578921302,52.11111111082161,960,241
S1,GMR,50,2,RF,0.22983943712790908,0.6194915254237289,0.3333333333333333,0.6,49.52631578921302,52.11111111082161,960,241
S1,GMR,50,2,LR,0.07353687920307836,0.7550847457627119,0.0975609756097561,0.7453389830508474,49.52631578921302,52.11111111082161,960,241
S1,GMR,50,2,DT,0.06659751037344398,0.5936440677966102,0.2222222222222222,0.5936440677966102,49.52631578921302,52.11111111082161,960,241
S1,GMR,50,2,XGB,0.08668608567356798,0.551271186440678,0.0,0.4978813559322034,49.52631578921302,52.11111111082161,960,241
S1,GMR,50,3,KNN,0.029097510373443984,0.5656779661016949,0.0,0.5,49.52631578921302,52.27777777748735,960,241
S1,GMR,50,3,RF,0.08073465262261942,0.7313559322033899,0.0,0.4978813559322034,49.52631578921302,52.27777777748735,960,241
S1,GMR,50,3,LR,0.09851648520503968,0.785593220338983,0.0975609756097561,0.7453389830508474,49.52631578921302,52.27777777748735,960,241
S1,GMR,50,3,DT,0.02074688796680498,0.489406779661017,0.0,0.4894067796610169,49.52631578921302,52.27777777748735,960,241
S1,GMR,50,3,XGB,0.17262849599867996,0.8029661016949153,0.0,0.4957627118644068,49.52631578921302,52.27777777748735,960,241
S2,None,5,42,KNN,0.9989583333333334,0.9989518229166667,0.9979166666666667,0.9979166666666667,0.9999999999999479,0.9999999999999479,3840,960
S2,None,5,42,RF,0.9996909216616764,0.9997265625,0.9958419958419958,0.9958333333333333,0.9999999999999479,0.9999999999999479,3840,960
S2,None,5,42,LR,0.6350747091379257,0.4628385416666667,0.46219382321618746,0.47395833333333337,0.9999999999999479,0.9999999999999479,3840,960
S2,None,5,42,DT,0.9896224773834378,0.9927083333333333,0.9927007299270073,0.9927083333333333,0.9999999999999479,0.9999999999999479,3840,960
S2,None,5,42,XGB,0.9982185174227577,0.9985177951388888,0.99375,0.99375,0.9999999999999479,0.9999999999999479,3840,960
S2,None,5,0,KNN,1.0,1.0,0.9989572471324296,0.9989583333333334,0.9999999999999479,0.9999999999999479,3840,960
S2,None,5,0,RF,0.9998509991386001,0.9998611111111111,0.9948078920041536,0.9947916666666667,0.9999999999999479,0.9999999999999479,3840,960
S2,None,5,0,LR,0.6371294754570145,0.4778602430555555,0.4827586206896552,0.484375,0.9999999999999479,0.9999999999999479,3840,960
S2,None,5,0,DT,0.991705647955648,0.9947916666666666,0.9947970863683663,0.9947916666666667,0.9999999999999479,0.9999999999999479,3840,960
S2,None,5,0,XGB,0.9997968764396681,0.9998003472222221,0.9958419958419958,0.9958333333333333,0.9999999999999479,0.9999999999999479,3840,960
S2,None,5,1,KNN,1.0,1.0,0.9989594172736732,0.9989583333333334,0.9999999999999479,0.9999999999999479,3840,960
S2,None,5,1,RF,0.9973794358470234,0.9987044270833334,0.9968847352024922,0.996875,0.9999999999999479,0.9999999999999479,3840,960
S2,None,5,1,LR,0.6436291910097232,0.4747048611111111,0.4773922187171398,0.4822916666666667,0.9999999999999479,0.9999999999999479,3840,960
S2,None,5,1,DT,0.9937673611111111,0.9958333333333333,0.9958333333333333,0.9958333333333333,0.9999999999999479,0.9999999999999479,3840,960
S2,None,5,1,XGB,0.9997869251264576,0.9997960069444445,0.997920997920998,0.9979166666666667,0.9999999999999479,0.9999999999999479,3840,960
S2,None,5,2,KNN,1.0,1.0,0.9989572471324296,0.9989583333333334,0.9999999999999479,0.9999999999999479,3840,960
S2,None,5,2,RF,0.9998142031732437,0.9998307291666666,0.9948186528497409,0.9947916666666667,0.9999999999999479,0.9999999999999479,3840,960
S2,None,5,2,LR,0.6575374539192238,0.5004644097222222,0.5015045135406219,0.4822916666666667,0.9999999999999479,0.9999999999999479,3840,960
S2,None,5,2,DT,0.9896907216494846,0.9947916666666667,0.9948186528497409,0.9947916666666667,0.9999999999999479,0.9999999999999479,3840,960
S2,None,5,2,XGB,0.99893646024371,0.9990950520833333,0.9968782518210197,0.996875,0.9999999999999479,0.9999999999999479,3840,960
S2,None,5,3,KNN,0.9968663465903729,0.9979014756944445,0.9958333333333333,0.9958333333333333,0.9999999999999479,0.9999999999999479,3840,960
S2,None,5,3,RF,0.9998154277578649,0.9998328993055555,0.9927310488058152,0.9927083333333333,0.9999999999999479,0.9999999999999479,3840,960
S2,None,5,3,LR,0.6453708568804699,0.4821397569444444,0.48586387434554973,0.48854166666666665,0.9999999999999479,0.9999999999999479,3840,960
S2,None,5,3,DT,0.9885808926080892,0.9916666666666667,0.9916492693110647,0.9916666666666667,0.9999999999999479,0.9999999999999479,3840,960
S2,None,5,3,XGB,0.9999697169771897,0.9999696180555555,0.9968782518210197,0.996875,0.9999999999999479,0.9999999999999479,3840,960
S2,None,10,42,KNN,0.9989583333333334,0.9989518229166667,0.9979166666666667,0.9979166666666667,0.9999999999999479,0.9999999999999479,3840,960
S2,None,10,42,RF,0.9996909216616764,0.9997265625,0.9958419958419958,0.9958333333333333,0.9999999999999479,0.9999999999999479,3840,960
S2,None,10,42,LR,0.6350747091379257,0.4628385416666667,0.46219382321618746,0.47395833333333337,0.9999999999999479,0.9999999999999479,3840,960
S2,None,10,42,DT,0.9896224773834378,0.9927083333333333,0.9927007299270073,0.9927083333333333,0.9999999999999479,0.9999999999999479,3840,960
S2,None,10,42,XGB,0.9982185174227577,0.9985177951388888,0.99375,0.99375,0.9999999999999479,0.9999999999999479,3840,960
S2,None,10,0,KNN,1.0,1.0,0.9989572471324296,0.9989583333333334,0.9999999999999479,0.9999999999999479,3840,960
S2,None,10,0,RF,0.9998509991386001,0.9998611111111111,0.9948078920041536,0.9947916666666667,0.9999999999999479,0.9999999999999479,3840,960
S2,None,10,0,LR,0.6371294754570145,0.4778602430555555,0.4827586206896552,0.484375,0.9999999999999479,0.9999999999999479,3840,960
S2,None,10,0,DT,0.991705647955648,0.9947916666666666,0.9947970863683663,0.9947916666666667,0.9999999999999479,0.9999999999999479,3840,960
S2,None,10,0,XGB,0.9997968764396681,0.9998003472222221,0.9958419958419958,0.9958333333333333,0.9999999999999479,0.9999999999999479,3840,960
S2,None,10,1,KNN,1.0,1.0,0.9989594172736732,0.9989583333333334,0.9999999999999479,0.9999999999999479,3840,960
S2,None,10,1,RF,0.9973794358470234,0.9987044270833334,0.9968847352024922,0.996875,0.9999999999999479,0.9999999999999479,3840,960
S2,None,10,1,LR,0.6436291910097232,0.4747048611111111,0.4773922187171398,0.4822916666666667,0.9999999999999479,0.9999999999999479,3840,960
S2,None,10,1,DT,0.9937673611111111,0.9958333333333333,0.9958333333333333,0.9958333333333333,0.9999999999999479,0.9999999999999479,3840,960
S2,None,10,1,XGB,0.9997869251264576,0.9997960069444445,0.997920997920998,0.9979166666666667,0.9999999999999479,0.9999999999999479,3840,960
S2,None,10,2,KNN,1.0,1.0,0.9989572471324296,0.9989583333333334,0.9999999999999479,0.9999999999999479,3840,960
S2,None,10,2,RF,0.9998142031732437,0.9998307291666666,0.9948186528497409,0.9947916666666667,0.9999999999999479,0.9999999999999479,3840,960
S2,None,10,2,LR,0.6575374539192238,0.5004644097222222,0.5015045135406219,0.4822916666666667,0.9999999999999479,0.9999999999999479,3840,960
S2,None,10,2,DT,0.9896907216494846,0.9947916666666667,0.9948186528497409,0.9947916666666667,0.9999999999999479,0.9999999999999479,3840,960
S2,None,10,2,XGB,0.99893646024371,0.9990950520833333,0.9968782518210197,0.996875,0.9999999999999479,0.9999999999999479,3840,960
S2,None,10,3,KNN,0.9968663465903729,0.9979014756944445,0.9958333333333333,0.9958333333333333,0.9999999999999479,0.9999999999999479,3840,960
S2,None,10,3,RF,0.9998154277578649,0.9998328993055555,0.9927310488058152,0.9927083333333333,0.9999999999999479,0.9999999999999479,3840,960
S2,None,10,3,LR,0.6453708568804699,0.4821397569444444,0.48586387434554973,0.48854166666666665,0.9999999999999479,0.9999999999999479,3840,960
S2,None,10,3,DT,0.9885808926080892,0.9916666666666667,0.9916492693110647,0.9916666666666667,0.9999999999999479,0.9999999999999479,3840,960
S2,None,10,3,XGB,0.9999697169771897,0.9999696180555555,0.9968782518210197,0.996875,0.9999999999999479,0.9999999999999479,3840,960
S2,None,20,42,KNN,0.9989583333333334,0.9989518229166667,0.9979166666666667,0.9979166666666667,0.9999999999999479,0.9999999999999479,3840,960
S2,None,20,42,RF,0.9996909216616764,0.9997265625,0.9958419958419958,0.9958333333333333,0.9999999999999479,0.9999999999999479,3840,960
S2,None,20,42,LR,0.6350747091379257,0.4628385416666667,0.46219382321618746,0.47395833333333337,0.9999999999999479,0.9999999999999479,3840,960
S2,None,20,42,DT,0.9896224773834378,0.9927083333333333,0.9927007299270073,0.9927083333333333,0.9999999999999479,0.9999999999999479,3840,960
S2,None,20,42,XGB,0.9982185174227577,0.9985177951388888,0.99375,0.99375,0.9999999999999479,0.9999999999999479,3840,960
S2,None,20,0,KNN,1.0,1.0,0.9989572471324296,0.9989583333333334,0.9999999999999479,0.9999999999999479,3840,960
S2,None,20,0,RF,0.9998509991386001,0.9998611111111111,0.9948078920041536,0.9947916666666667,0.9999999999999479,0.9999999999999479,3840,960
S2,None,20,0,LR,0.6371294754570145,0.4778602430555555,0.4827586206896552,0.484375,0.9999999999999479,0.9999999999999479,3840,960
S2,None,20,0,DT,0.991705647955648,0.9947916666666666,0.9947970863683663,0.9947916666666667,0.9999999999999479,0.9999999999999479,3840,960
S2,None,20,0,XGB,0.9997968764396681,0.9998003472222221,0.9958419958419958,0.9958333333333333,0.9999999999999479,0.9999999999999479,3840,960
S2,None,20,1,KNN,1.0,1.0,0.9989594172736732,0.9989583333333334,0.9999999999999479,0.9999999999999479,3840,960
S2,None,20,1,RF,0.9973794358470234,0.9987044270833334,0.9968847352024922,0.996875,0.9999999999999479,0.9999999999999479,3840,960
S2,None,20,1,LR,0.6436291910097232,0.4747048611111111,0.4773922187171398,0.4822916666666667,0.9999999999999479,0.9999999999999479,3840,960
S2,None,20,1,DT,0.9937673611111111,0.9958333333333333,0.9958333333333333,0.9958333333333333,0.9999999999999479,0.9999999999999479,3840,960
S2,None,20,1,XGB,0.9997869251264576,0.9997960069444445,0.997920997920998,0.9979166666666667,0.9999999999999479,0.9999999999999479,3840,960
S2,None,20,2,KNN,1.0,1.0,0.9989572471324296,0.9989583333333334,0.9999999999999479,0.9999999999999479,3840,960
S2,None,20,2,RF,0.9998142031732437,0.9998307291666666,0.9948186528497409,0.9947916666666667,0.9999999999999479,0.9999999999999479,3840,960
S2,None,20,2,LR,0.6575374539192238,0.5004644097222222,0.5015045135406219,0.4822916666666667,0.9999999999999479,0.9999999999999479,3840,960
S2,None,20,2,DT,0.9896907216494846,0.9947916666666667,0.9948186528497409,0.9947916666666667,0.9999999999999479,0.9999999999999479,3840,960
S2,None,20,2,XGB,0.99893646024371,0.9990950520833333,0.9968782518210197,0.996875,0.9999999999999479,0.9999999999999479,3840,960
S2,None,20,3,KNN,0.9968663465903729,0.9979014756944445,0.9958333333333333,0.9958333333333333,0.9999999999999479,0.9999999999999479,3840,960
S2,None,20,3,RF,0.9998154277578649,0.9998328993055555,0.9927310488058152,0.9927083333333333,0.9999999999999479,0.9999999999999479,3840,960
S2,None,20,3,LR,0.6453708568804699,0.4821397569444444,0.48586387434554973,0.48854166666666665,0.9999999999999479,0.9999999999999479,3840,960
S2,None,20,3,DT,0.9885808926080892,0.9916666666666667,0.9916492693110647,0.9916666666666667,0.9999999999999479,0.9999999999999479,3840,960
S2,None,20,3,XGB,0.9999697169771897,0.9999696180555555,0.9968782518210197,0.996875,0.9999999999999479,0.9999999999999479,3840,960
S2,None,50,42,KNN,0.9989583333333334,0.9989518229166667,0.9979166666666667,0.9979166666666667,0.9999999999999479,0.9999999999999479,3840,960
S2,None,50,42,RF,0.9996909216616764,0.9997265625,0.9958419958419958,0.9958333333333333,0.9999999999999479,0.9999999999999479,3840,960
S2,None,50,42,LR,0.6350747091379257,0.4628385416666667,0.46219382321618746,0.47395833333333337,0.9999999999999479,0.9999999999999479,3840,960
S2,None,50,42,DT,0.9896224773834378,0.9927083333333333,0.9927007299270073,0.9927083333333333,0.9999999999999479,0.9999999999999479,3840,960
S2,None,50,42,XGB,0.9982185174227577,0.9985177951388888,0.99375,0.99375,0.9999999999999479,0.9999999999999479,3840,960
S2,None,50,0,KNN,1.0,1.0,0.9989572471324296,0.9989583333333334,0.9999999999999479,0.9999999999999479,3840,960
S2,None,50,0,RF,0.9998509991386001,0.9998611111111111,0.9948078920041536,0.9947916666666667,0.9999999999999479,0.9999999999999479,3840,960
S2,None,50,0,LR,0.6371294754570145,0.4778602430555555,0.4827586206896552,0.484375,0.9999999999999479,0.9999999999999479,3840,960
S2,None,50,0,DT,0.991705647955648,0.9947916666666666,0.9947970863683663,0.9947916666666667,0.9999999999999479,0.9999999999999479,3840,960
S2,None,50,0,XGB,0.9997968764396681,0.9998003472222221,0.9958419958419958,0.9958333333333333,0.9999999999999479,0.9999999999999479,3840,960
S2,None,50,1,KNN,1.0,1.0,0.9989594172736732,0.9989583333333334,0.9999999999999479,0.9999999999999479,3840,960
S2,None,50,1,RF,0.9973794358470234,0.9987044270833334,0.9968847352024922,0.996875,0.9999999999999479,0.9999999999999479,3840,960
S2,None,50,1,LR,0.6436291910097232,0.4747048611111111,0.4773922187171398,0.4822916666666667,0.9999999999999479,0.9999999999999479,3840,960
S2,None,50,1,DT,0.9937673611111111,0.9958333333333333,0.9958333333333333,0.9958333333333333,0.9999999999999479,0.9999999999999479,3840,960
S2,None,50,1,XGB,0.9997869251264576,0.9997960069444445,0.997920997920998,0.9979166666666667,0.9999999999999479,0.9999999999999479,3840,960
S2,None,50,2,KNN,1.0,1.0,0.9989572471324296,0.9989583333333334,0.9999999999999479,0.9999999999999479,3840,960
S2,None,50,2,RF,0.9998142031732437,0.9998307291666666,0.9948186528497409,0.9947916666666667,0.9999999999999479,0.9999999999999479,3840,960
S2,None,50,2,LR,0.6575374539192238,0.5004644097222222,0.5015045135406219,0.4822916666666667,0.9999999999999479,0.9999999999999479,3840,960
S2,None,50,2,DT,0.9896907216494846,0.9947916666666667,0.9948186528497409,0.9947916666666667,0.9999999999999479,0.9999999999999479,3840,960
S2,None,50,2,XGB,0.99893646024371,0.9990950520833333,0.9968782518210197,0.996875,0.9999999999999479,0.9999999999999479,3840,960
S2,None,50,3,KNN,0.9968663465903729,0.9979014756944445,0.9958333333333333,0.9958333333333333,0.9999999999999479,0.9999999999999479,3840,960
S2,None,50,3,RF,0.9998154277578649,0.9998328993055555,0.9927310488058152,0.9927083333333333,0.9999999999999479,0.9999999999999479,3840,960
S2,None,50,3,LR,0.6453708568804699,0.4821397569444444,0.48586387434554973,0.48854166666666665,0.9999999999999479,0.9999999999999479,3840,960
S2,None,50,3,DT,0.9885808926080892,0.9916666666666667,0.9916492693110647,0.9916666666666667,0.9999999999999479,0.9999999999999479,3840,960
S2,None,50,3,XGB,0.9999697169771897,0.9999696180555555,0.9968782518210197,0.996875,0.9999999999999479,0.9999999999999479,3840,960
S2,TomekLinks,5,42,KNN,0.9989583333333334,0.9989518229166667,0.9979166666666667,0.9979166666666667,0.9999999999999479,1.001042752867518,3840,960
S2,TomekLinks,5,42,RF,0.9996023422638529,0.9996723090277777,0.9948078920041536,0.9947916666666667,0.9999999999999479,1.001042752867518,3840,960
S2,TomekLinks,5,42,LR,0.635015341430563,0.4627604166666667,0.4605543710021322,0.47291666666666665,0.9999999999999479,1.001042752867518,3840,960
S2,TomekLinks,5,42,DT,0.9896224773834378,0.9927083333333333,0.9927007299270073,0.9927083333333333,0.9999999999999479,1.001042752867518,3840,960
S2,TomekLinks,5,42,XGB,0.9984571197646332,0.9987413194444444,0.99375,0.99375,0.9999999999999479,1.001042752867518,3840,960
S2,TomekLinks,5,0,KNN,1.0,1.0,0.9989572471324296,0.9989583333333334,0.9999999999999479,1.000521104742001,3840,960
S2,TomekLinks,5,0,RF,0.9997492653331549,0.9997634548611112,0.9937629937629938,0.99375,0.9999999999999479,1.000521104742001,3840,960
S2,TomekLinks,5,0,LR,0.6370868593206203,0.47785590277777773,0.4779874213836478,0.48124999999999996,0.9999999999999479,1.000521104742001,3840,960
S2,TomekLinks,5,0,DT,0.991705647955648,0.9947916666666666,0.9947970863683663,0.9947916666666667,0.9999999999999479,1.000521104742001,3840,960
S2,TomekLinks,5,0,XGB,0.9996539248428313,0.9997048611111111,0.9947970863683663,0.9947916666666667,0.9999999999999479,1.000521104742001,3840,960
S2,TomekLinks,5,1,KNN,1.0,1.0,0.9989594172736732,0.9989583333333334,0.9999999999999479,1.001042752867518,3840,960
S2,TomekLinks,5,1,RF,0.9973062279351907,0.9986740451388888,0.9968847352024922,0.996875,0.9999999999999479,1.001042752867518,3840,960
S2,TomekLinks,5,1,LR,0.6436419592709304,0.47472222222222216,0.4773922187171398,0.4822916666666667,0.9999999999999479,1.001042752867518,3840,960
S2,TomekLinks,5,1,DT,0.992747233748271,0.9958333333333335,0.9958419958419958,0.9958333333333333,0.9999999999999479,1.001042752867518,3840,960
S2,TomekLinks,5,1,XGB,0.9992993313490198,0.9994010416666667,0.9968782518210197,0.996875,0.9999999999999479,1.001042752867518,3840,960
S2,TomekLinks,5,2,KNN,1.0,1.0,0.9989572471324296,0.9989583333333334,0.9999999999999479,1.001042752867518,3840,960
S2,TomekLinks,5,2,RF,0.9994546136655519,0.9996050347222222,0.995850622406639,0.9958333333333333,0.9999999999999479,1.001042752867518,3840,960
S2,TomekLinks,5,2,LR,0.6579542742388504,0.5003906250000001,0.502,0.48125,0.9999999999999479,1.001042752867518,3840,960
S2,TomekLinks,5,2,DT,0.9896907216494846,0.9947916666666667,0.9948186528497409,0.9947916666666667,0.9999999999999479,1.001042752867518,3840,960
S2,TomekLinks,5,2,XGB,0.9997234660463745,0.9997743055555555,0.9958419958419958,0.9958333333333333,0.9999999999999479,1.001042752867518,3840,960
S2,TomekLinks,5,3,KNN,0.9968663465903729,0.9979014756944445,0.9958333333333333,0.9958333333333333,0.9999999999999479,1.001042752867518,3840,960
S2,TomekLinks,5,3,RF,0.9998151105860071,0.9998350694444444,0.9917184265010351,0.9916666666666667,0.9999999999999479,1.001042752867518,3840,960
S2,TomekLinks,5,3,LR,0.644992610775364,0.4819791666666666,0.4815983175604627,0.4864583333333333,0.9999999999999479,1.001042752867518,3840,960
S2,TomekLinks,5,3,DT,0.9896224773834378,0.9927083333333333,0.9927007299270073,0.9927083333333333,0.9999999999999479,1.001042752867518,3840,960
S2,TomekLinks,5,3,XGB,0.99993970871868,0.999939236111111,0.9958333333333333,0.9958333333333333,0.9999999999999479,1.001042752867518,3840,960
S2,TomekLinks,10,42,KNN,0.9989583333333334,0.9989518229166667,0.9979166666666667,0.9979166666666667,0.9999999999999479,1.001042752867518,3840,960
S2,TomekLinks,10,42,RF,0.9996023422638529,0.9996723090277777,0.9948078920041536,0.9947916666666667,0.9999999999999479,1.001042752867518,3840,960
S2,TomekLinks,10,42,LR,0.635015341430563,0.4627604166666667,0.4605543710021322,0.47291666666666665,0.9999999999999479,1.001042752867518,3840,960
S2,TomekLinks,10,42,DT,0.9896224773834378,0.9927083333333333,0.9927007299270073,0.9927083333333333,0.9999999999999479,1.001042752867518,3840,960
S2,TomekLinks,10,42,XGB,0.9984571197646332,0.9987413194444444,0.99375,0.99375,0.9999999999999479,1.001042752867518,3840,960
S2,TomekLinks,10,0,KNN,1.0,1.0,0.9989572471324296,0.9989583333333334,0.9999999999999479,1.000521104742001,3840,960
S2,TomekLinks,10,0,RF,0.9997492653331549,0.9997634548611112,0.9937629937629938,0.99375,0.9999999999999479,1.000521104742001,3840,960
S2,TomekLinks,10,0,LR,0.6370868593206203,0.47785590277777773,0.4779874213836478,0.48124999999999996,0.9999999999999479,1.000521104742001,3840,960
S2,TomekLinks,10,0,DT,0.991705647955648,0.9947916666666666,0.9947970863683663,0.9947916666666667,0.9999999999999479,1.000521104742001,3840,960
S2,TomekLinks,10,0,XGB,0.9996539248428313,0.9997048611111111,0.9947970863683663,0.9947916666666667,0.9999999999999479,1.000521104742001,3840,960
S2,TomekLinks,10,1,KNN,1.0,1.0,0.9989594172736732,0.9989583333333334,0.9999999999999479,1.001042752867518,3840,960
S2,TomekLinks,10,1,RF,0.9973062279351907,0.9986740451388888,0.9968847352024922,0.996875,0.9999999999999479,1.001042752867518,3840,960
S2,TomekLinks,10,1,LR,0.6436419592709304,0.47472222222222216,0.4773922187171398,0.4822916666666667,0.9999999999999479,1.001042752867518,3840,960
S2,TomekLinks,10,1,DT,0.992747233748271,0.9958333333333335,0.9958419958419958,0.9958333333333333,0.9999999999999479,1.001042752867518,3840,960
S2,TomekLinks,10,1,XGB,0.9992993313490198,0.9994010416666667,0.9968782518210197,0.996875,0.9999999999999479,1.001042752867518,3840,960
S2,TomekLinks,10,2,KNN,1.0,1.0,0.9989572471324296,0.9989583333333334,0.9999999999999479,1.001042752867518,3840,960
S2,TomekLinks,10,2,RF,0.9994546136655519,0.9996050347222222,0.995850622406639,0.9958333333333333,0.9999999999999479,1.001042752867518,3840,960
S2,TomekLinks,10,2,LR,0.6579542742388504,0.5003906250000001,0.502,0.48125,0.9999999999999479,1.001042752867518,3840,960
S2,TomekLinks,10,2,DT,0.9896907216494846,0.9947916666666667,0.9948186528497409,0.9947916666666667,0.9999999999999479,1.001042752867518,3840,960
S2,TomekLinks,10,2,XGB,0.9997234660463745,0.9997743055555555,0.9958419958419958,0.9958333333333333,0.9999999999999479,1.001042752867518,3840,960
S2,TomekLinks,10,3,KNN,0.9968663465903729,0.9979014756944445,0.9958333333333333,0.9958333333333333,0.9999999999999479,1.001042752867518,3840,960
S2,TomekLinks,10,3,RF,0.9998151105860071,0.9998350694444444,0.9917184265010351,0.9916666666666667,0.9999999999999479,1.001042752867518,3840,960
S2,TomekLinks,10,3,LR,0.644992610775364,0.4819791666666666,0.4815983175604627,0.4864583333333333,0.9999999999999479,1.001042752867518,3840,960
S2,TomekLinks,10,3,DT,0.9896224773834378,0.9927083333333333,0.9927007299270073,0.9927083333333333,0.9999999999999479,1.001042752867518,3840,960
S2,TomekLinks,10,3,XGB,0.99993970871868,0.999939236111111,0.9958333333333333,0.9958333333333333,0.9999999999999479,1.001042752867518,3840,960
S2,TomekLinks,20,42,KNN,0.9989583333333334,0.9989518229166667,0.9979166666666667,0.9979166666666667,0.9999999999999479,1.001042752867518,3840,960
S2,TomekLinks,20,42,RF,0.9996023422638529,0.9996723090277777,0.9948078920041536,0.9947916666666667,0.9999999999999479,1.001042752867518,3840,960
S2,TomekLinks,20,42,LR,0.635015341430563,0.4627604166666667,0.4605543710021322,0.47291666666666665,0.9999999999999479,1.001042752867518,3840,960
S2,TomekLinks,20,42,DT,0.9896224773834378,0.9927083333333333,0.9927007299270073,0.9927083333333333,0.9999999999999479,1.001042752867518,3840,960
S2,TomekLinks,20,42,XGB,0.9984571197646332,0.9987413194444444,0.99375,0.99375,0.9999999999999479,1.001042752867518,3840,960
S2,TomekLinks,20,0,KNN,1.0,1.0,0.9989572471324296,0.9989583333333334,0.9999999999999479,1.000521104742001,3840,960
S2,TomekLinks,20,0,RF,0.9997492653331549,0.9997634548611112,0.9937629937629938,0.99375,0.9999999999999479,1.000521104742001,3840,960
S2,TomekLinks,20,0,LR,0.6370868593206203,0.47785590277777773,0.4779874213836478,0.48124999999999996,0.9999999999999479,1.000521104742001,3840,960
S2,TomekLinks,20,0,DT,0.991705647955648,0.9947916666666666,0.9947970863683663,0.9947916666666667,0.9999999999999479,1.000521104742001,3840,960
S2,TomekLinks,20,0,XGB,0.9996539248428313,0.9997048611111111,0.9947970863683663,0.9947916666666667,0.9999999999999479,1.000521104742001,3840,960
S2,TomekLinks,20,1,KNN,1.0,1.0,0.9989594172736732,0.9989583333333334,0.9999999999999479,1.001042752867518,3840,960
S2,TomekLinks,20,1,RF,0.9973062279351907,0.9986740451388888,0.9968847352024922,0.996875,0.9999999999999479,1.001042752867518,3840,960
S2,TomekLinks,20,1,LR,0.6436419592709304,0.47472222222222216,0.4773922187171398,0.4822916666666667,0.9999999999999479,1.001042752867518,3840,960
S2,TomekLinks,20,1,DT,0.992747233748271,0.9958333333333335,0.9958419958419958,0.9958333333333333,0.9999999999999479,1.001042752867518,3840,960
S2,TomekLinks,20,1,XGB,0.9992993313490198,0.9994010416666667,0.9968782518210197,0.996875,0.9999999999999479,1.001042752867518,3840,960
S2,TomekLinks,20,2,KNN,1.0,1.0,0.9989572471324296,0.9989583333333334,0.9999999999999479,1.001042752867518,3840,960
S2,TomekLinks,20,2,RF,0.9994546136655519,0.9996050347222222,0.995850622406639,0.9958333333333333,0.9999999999999479,1.001042752867518,3840,960
S2,TomekLinks,20,2,LR,0.6579542742388504,0.5003906250000001,0.502,0.48125,0.9999999999999479,1.001042752867518,3840,960
S2,TomekLinks,20,2,DT,0.9896907216494846,0.9947916666666667,0.9948186528497409,0.9947916666666667,0.9999999999999479,1.001042752867518,3840,960
S2,TomekLinks,20,2,XGB,0.9997234660463745,0.9997743055555555,0.9958419958419958,0.9958333333333333,0.9999999999999479,1.001042752867518,3840,960
S2,TomekLinks,20,3,KNN,0.9968663465903729,0.9979014756944445,0.9958333333333333,0.9958333333333333,0.9999999999999479,1.001042752867518,3840,960
S2,TomekLinks,20,3,RF,0.9998151105860071,0.9998350694444444,0.9917184265010351,0.9916666666666667,0.9999999999999479,1.001042752867518,3840,960
S2,TomekLinks,20,3,LR,0.644992610775364,0.4819791666666666,0.4815983175604627,0.4864583333333333,0.9999999999999479,1.001042752867518,3840,960
S2,TomekLinks,20,3,DT,0.9896224773834378,0.9927083333333333,0.9927007299270073,0.9927083333333333,0.9999999999999479,1.001042752867518,3840,960
S2,TomekLinks,20,3,XGB,0.99993970871868,0.999939236111111,0.9958333333333333,0.9958333333333333,0.9999999999999479,1.001042752867518,3840,960
S2,TomekLinks,50,42,KNN,0.9989583333333334,0.9989518229166667,0.9979166666666667,0.9979166666666667,0.9999999999999479,1.001042752867518,3840,960
S2,TomekLinks,50,42,RF,0.9996023422638529,0.9996723090277777,0.9948078920041536,0.9947916666666667,0.9999999999999479,1.001042752867518,3840,960
S2,TomekLinks,50,42,LR,0.635015341430563,0.4627604166666667,0.4605543710021322,0.47291666666666665,0.9999999999999479,1.001042752867518,3840,960
S2,TomekLinks,50,42,DT,0.9896224773834378,0.9927083333333333,0.9927007299270073,0.9927083333333333,0.9999999999999479,1.001042752867518,3840,960
S2,TomekLinks,50,42,XGB,0.9984571197646332,0.9987413194444444,0.99375,0.99375,0.9999999999999479,1.001042752867518,3840,960
S2,TomekLinks,50,0,KNN,1.0,1.0,0.9989572471324296,0.9989583333333334,0.9999999999999479,1.000521104742001,3840,960
S2,TomekLinks,50,0,RF,0.9997492653331549,0.9997634548611112,0.9937629937629938,0.99375,0.9999999999999479,1.000521104742001,3840,960
S2,TomekLinks,50,0,LR,0.6370868593206203,0.47785590277777773,0.4779874213836478,0.48124999999999996,0.9999999999999479,1.000521104742001,3840,960
S2,TomekLinks,50,0,DT,0.991705647955648,0.9947916666666666,0.9947970863683663,0.9947916666666667,0.9999999999999479,1.000521104742001,3840,960
S2,TomekLinks,50,0,XGB,0.9996539248428313,0.9997048611111111,0.9947970863683663,0.9947916666666667,0.9999999999999479,1.000521104742001,3840,960
S2,TomekLinks,50,1,KNN,1.0,1.0,0.9989594172736732,0.9989583333333334,0.9999999999999479,1.001042752867518,3840,960
S2,TomekLinks,50,1,RF,0.9973062279351907,0.9986740451388888,0.9968847352024922,0.996875,0.9999999999999479,1.001042752867518,3840,960
S2,TomekLinks,50,1,LR,0.6436419592709304,0.47472222222222216,0.4773922187171398,0.4822916666666667,0.9999999999999479,1.001042752867518,3840,960
S2,TomekLinks,50,1,DT,0.992747233748271,0.9958333333333335,0.9958419958419958,0.9958333333333333,0.9999999999999479,1.001042752867518,3840,960
S2,TomekLinks,50,1,XGB,0.9992993313490198,0.9994010416666667,0.9968782518210197,0.996875,0.9999999999999479,1.001042752867518,3840,960
S2,TomekLinks,50,2,KNN,1.0,1.0,0.9989572471324296,0.9989583333333334,0.9999999999999479,1.001042752867518,3840,960
S2,TomekLinks,50,2,RF,0.9994546136655519,0.9996050347222222,0.995850622406639,0.9958333333333333,0.9999999999999479,1.001042752867518,3840,960
S2,TomekLinks,50,2,LR,0.6579542742388504,0.5003906250000001,0.502,0.48125,0.9999999999999479,1.001042752867518,3840,960
S2,TomekLinks,50,2,DT,0.9896907216494846,0.9947916666666667,0.9948186528497409,0.9947916666666667,0.9999999999999479,1.001042752867518,3840,960
S2,TomekLinks,50,2,XGB,0.9997234660463745,0.9997743055555555,0.9958419958419958,0.9958333333333333,0.9999999999999479,1.001042752867518,3840,960
S2,TomekLinks,50,3,KNN,0.9968663465903729,0.9979014756944445,0.9958333333333333,0.9958333333333333,0.9999999999999479,1.001042752867518,3840,960
S2,TomekLinks,50,3,RF,0.9998151105860071,0.9998350694444444,0.9917184265010351,0.9916666666666667,0.9999999999999479,1.001042752867518,3840,960
S2,TomekLinks,50,3,LR,0.644992610775364,0.4819791666666666,0.4815983175604627,0.4864583333333333,0.9999999999999479,1.001042752867518,3840,960
S2,TomekLinks,50,3,DT,0.9896224773834378,0.9927083333333333,0.9927007299270073,0.9927083333333333,0.9999999999999479,1.001042752867518,3840,960
S2,TomekLinks,50,3,XGB,0.99993970871868,0.999939236111111,0.9958333333333333,0.9958333333333333,0.9999999999999479,1.001042752867518,3840,960
S2,SMOTE,5,42,KNN,0.9989583333333334,0.9989518229166667,0.9979166666666667,0.9979166666666667,0.9999999999999479,0.9999999999999479,3840,960
S2,SMOTE,5,42,RF,0.9996909216616764,0.9997265625,0.9958419958419958,0.9958333333333333,0.9999999999999479,0.9999999999999479,3840,960
S2,SMOTE,5,42,LR,0.6350747091379257,0.4628385416666667,0.46219382321618746,0.47395833333333337,0.9999999999999479,0.9999999999999479,3840,960
S2,SMOTE,5,42,DT,0.9896224773834378,0.9927083333333333,0.9927007299270073,0.9927083333333333,0.9999999999999479,0.9999999999999479,3840,960
S2,SMOTE,5,42,XGB,0.9982185174227577,0.9985177951388888,0.99375,0.99375,0.9999999999999479,0.9999999999999479,3840,960
S2,SMOTE,5,0,KNN,1.0,1.0,0.9989572471324296,0.9989583333333334,0.9999999999999479,0.9999999999999479,3840,960
S2,SMOTE,5,0,RF,0.9998509991386001,0.9998611111111111,0.9948078920041536,0.9947916666666667,0.9999999999999479,0.9999999999999479,3840,960
S2,SMOTE,5,0,LR,0.6371294754570145,0.4778602430555555,0.4827586206896552,0.484375,0.9999999999999479,0.9999999999999479,3840,960
S2,SMOTE,5,0,DT,0.991705647955648,0.9947916666666666,0.9947970863683663,0.9947916666666667,0.9999999999999479,0.9999999999999479,3840,960
S2,SMOTE,5,0,XGB,0.9997968764396681,0.9998003472222221,0.9958419958419958,0.9958333333333333,0.9999999999999479,0.9999999999999479,3840,960
S2,SMOTE,5,1,KNN,1.0,1.0,0.9989594172736732,0.9989583333333334,0.9999999999999479,0.9999999999999479,3840,960
S2,SMOTE,5,1,RF,0.9973794358470234,0.9987044270833334,0.9968847352024922,0.996875,0.9999999999999479,0.9999999999999479,3840,960
S2,SMOTE,5,1,LR,0.6436291910097232,0.4747048611111111,0.4773922187171398,0.4822916666666667,0.9999999999999479,0.9999999999999479,3840,960
S2,SMOTE,5,1,DT,0.9937673611111111,0.9958333333333333,0.9958333333333333,0.9958333333333333,0.9999999999999479,0.9999999999999479,3840,960
S2,SMOTE,5,1,XGB,0.9997869251264576,0.9997960069444445,0.997920997920998,0.9979166666666667,0.9999999999999479,0.9999999999999479,3840,960
S2,SMOTE,5,2,KNN,1.0,1.0,0.9989572471324296,0.9989583333333334,0.9999999999999479,0.9999999999999479,3840,960
S2,SMOTE,5,2,RF,0.9998142031732437,0.9998307291666666,0.9948186528497409,0.9947916666666667,0.9999999999999479,0.9999999999999479,3840,960
S2,SMOTE,5,2,LR,0.6575374539192238,0.5004644097222222,0.5015045135406219,0.4822916666666667,0.9999999999999479,0.9999999999999479,3840,960
S2,SMOTE,5,2,DT,0.9896907216494846,0.9947916666666667,0.9948186528497409,0.9947916666666667,0.9999999999999479,0.9999999999999479,3840,960
S2,SMOTE,5,2,XGB,0.99893646024371,0.9990950520833333,0.9968782518210197,0.996875,0.9999999999999479,0.9999999999999479,3840,960
S2,SMOTE,5,3,KNN,0.9968663465903729,0.9979014756944445,0.9958333333333333,0.9958333333333333,0.9999999999999479,0.9999999999999479,3840,960
S2,SMOTE,5,3,RF,0.9998154277578649,0.9998328993055555,0.9927310488058152,0.9927083333333333,0.9999999999999479,0.9999999999999479,3840,960
S2,SMOTE,5,3,LR,0.6453708568804699,0.4821397569444444,0.48586387434554973,0.48854166666666665,0.9999999999999479,0.9999999999999479,3840,960
S2,SMOTE,5,3,DT,0.9885808926080892,0.9916666666666667,0.9916492693110647,0.9916666666666667,0.9999999999999479,0.9999999999999479,3840,960
S2,SMOTE,5,3,XGB,0.9999697169771897,0.9999696180555555,0.9968782518210197,0.996875,0.9999999999999479,0.9999999999999479,3840,960
S2,SMOTE,10,42,KNN,0.9989583333333334,0.9989518229166667,0.9979166666666667,0.9979166666666667,0.9999999999999479,0.9999999999999479,3840,960
S2,SMOTE,10,42,RF,0.9996909216616764,0.9997265625,0.9958419958419958,0.9958333333333333,0.9999999999999479,0.9999999999999479,3840,960
S2,SMOTE,10,42,LR,0.6350747091379257,0.4628385416666667,0.46219382321618746,0.47395833333333337,0.9999999999999479,0.9999999999999479,3840,960
S2,SMOTE,10,42,DT,0.9896224773834378,0.9927083333333333,0.9927007299270073,0.9927083333333333,0.9999999999999479,0.9999999999999479,3840,960
S2,SMOTE,10,42,XGB,0.9982185174227577,0.9985177951388888,0.99375,0.99375,0.9999999999999479,0.9999999999999479,3840,960
S2,SMOTE,10,0,KNN,1.0,1.0,0.9989572471324296,0.9989583333333334,0.9999999999999479,0.9999999999999479,3840,960
S2,SMOTE,10,0,RF,0.9998509991386001,0.9998611111111111,0.9948078920041536,0.9947916666666667,0.9999999999999479,0.9999999999999479,3840,960
S2,SMOTE,10,0,LR,0.6371294754570145,0.4778602430555555,0.4827586206896552,0.484375,0.9999999999999479,0.9999999999999479,3840,960
S2,SMOTE,10,0,DT,0.991705647955648,0.9947916666666666,0.9947970863683663,0.9947916666666667,0.9999999999999479,0.9999999999999479,3840,960
S2,SMOTE,10,0,XGB,0.9997968764396681,0.9998003472222221,0.9958419958419958,0.9958333333333333,0.9999999999999479,0.9999999999999479,3840,960
S2,SMOTE,10,1,KNN,1.0,1.0,0.9989594172736732,0.9989583333333334,0.9999999999999479,0.9999999999999479,3840,960
S2,SMOTE,10,1,RF,0.9973794358470234,0.9987044270833334,0.9968847352024922,0.996875,0.9999999999999479,0.9999999999999479,3840,960
S2,SMOTE,10,1,LR,0.6436291910097232,0.4747048611111111,0.4773922187171398,0.4822916666666667,0.9999999999999479,0.9999999999999479,3840,960
S2,SMOTE,10,1,DT,0.9937673611111111,0.9958333333333333,0.9958333333333333,0.9958333333333333,0.9999999999999479,0.9999999999999479,3840,960
S2,SMOTE,10,1,XGB,0.9997869251264576,0.9997960069444445,0.997920997920998,0.9979166666666667,0.9999999999999479,0.9999999999999479,3840,960
S2,SMOTE,10,2,KNN,1.0,1.0,0.9989572471324296,0.9989583333333334,0.9999999999999479,0.9999999999999479,3840,960
S2,SMOTE,10,2,RF,0.9998142031732437,0.9998307291666666,0.9948186528497409,0.9947916666666667,0.9999999999999479,0.9999999999999479,3840,960
S2,SMOTE,10,2,LR,0.6575374539192238,0.5004644097222222,0.5015045135406219,0.4822916666666667,0.9999999999999479,0.9999999999999479,3840,960
S2,SMOTE,10,2,DT,0.9896907216494846,0.9947916666666667,0.9948186528497409,0.9947916666666667,0.9999999999999479,0.9999999999999479,3840,960
S2,SMOTE,10,2,XGB,0.99893646024371,0.9990950520833333,0.9968782518210197,0.996875,0.9999999999999479,0.9999999999999479,3840,960
S2,SMOTE,10,3,KNN,0.9968663465903729,0.9979014756944445,0.9958333333333333,0.9958333333333333,0.9999999999999479,0.9999999999999479,3840,960
S2,SMOTE,10,3,RF,0.9998154277578649,0.9998328993055555,0.9927310488058152,0.9927083333333333,0.9999999999999479,0.9999999999999479,3840,960
S2,SMOTE,10,3,LR,0.6453708568804699,0.4821397569444444,0.48586387434554973,0.48854166666666665,0.9999999999999479,0.9999999999999479,3840,960
S2,SMOTE,10,3,DT,0.9885808926080892,0.9916666666666667,0.9916492693110647,0.9916666666666667,0.9999999999999479,0.9999999999999479,3840,960
S2,SMOTE,10,3,XGB,0.9999697169771897,0.9999696180555555,0.9968782518210197,0.996875,0.9999999999999479,0.9999999999999479,3840,960
S2,SMOTE,20,42,KNN,0.9989583333333334,0.9989518229166667,0.9979166666666667,0.9979166666666667,0.9999999999999479,0.9999999999999479,3840,960
S2,SMOTE,20,42,RF,0.9996909216616764,0.9997265625,0.9958419958419958,0.9958333333333333,0.9999999999999479,0.9999999999999479,3840,960
S2,SMOTE,20,42,LR,0.6350747091379257,0.4628385416666667,0.46219382321618746,0.47395833333333337,0.9999999999999479,0.9999999999999479,3840,960
S2,SMOTE,20,42,DT,0.9896224773834378,0.9927083333333333,0.9927007299270073,0.9927083333333333,0.9999999999999479,0.9999999999999479,3840,960
S2,SMOTE,20,42,XGB,0.9982185174227577,0.9985177951388888,0.99375,0.99375,0.9999999999999479,0.9999999999999479,3840,960
S2,SMOTE,20,0,KNN,1.0,1.0,0.9989572471324296,0.9989583333333334,0.9999999999999479,0.9999999999999479,3840,960
S2,SMOTE,20,0,RF,0.9998509991386001,0.9998611111111111,0.9948078920041536,0.9947916666666667,0.9999999999999479,0.9999999999999479,3840,960
S2,SMOTE,20,0,LR,0.6371294754570145,0.4778602430555555,0.4827586206896552,0.484375,0.9999999999999479,0.9999999999999479,3840,960
S2,SMOTE,20,0,DT,0.991705647955648,0.9947916666666666,0.9947970863683663,0.9947916666666667,0.9999999999999479,0.9999999999999479,3840,960
S2,SMOTE,20,0,XGB,0.9997968764396681,0.9998003472222221,0.9958419958419958,0.9958333333333333,0.9999999999999479,0.9999999999999479,3840,960
S2,SMOTE,20,1,KNN,1.0,1.0,0.9989594172736732,0.9989583333333334,0.9999999999999479,0.9999999999999479,3840,960
S2,SMOTE,20,1,RF,0.9973794358470234,0.9987044270833334,0.9968847352024922,0.996875,0.9999999999999479,0.9999999999999479,3840,960
S2,SMOTE,20,1,LR,0.6436291910097232,0.4747048611111111,0.4773922187171398,0.4822916666666667,0.9999999999999479,0.9999999999999479,3840,960
S2,SMOTE,20,1,DT,0.9937673611111111,0.9958333333333333,0.9958333333333333,0.9958333333333333,0.9999999999999479,0.9999999999999479,3840,960
S2,SMOTE,20,1,XGB,0.9997869251264576,0.9997960069444445,0.997920997920998,0.9979166666666667,0.9999999999999479,0.9999999999999479,3840,960
S2,SMOTE,20,2,KNN,1.0,1.0,0.9989572471324296,0.9989583333333334,0.9999999999999479,0.9999999999999479,3840,960
S2,SMOTE,20,2,RF,0.9998142031732437,0.9998307291666666,0.9948186528497409,0.9947916666666667,0.9999999999999479,0.9999999999999479,3840,960
S2,SMOTE,20,2,LR,0.6575374539192238,0.5004644097222222,0.5015045135406219,0.4822916666666667,0.9999999999999479,0.9999999999999479,3840,960
S2,SMOTE,20,2,DT,0.9896907216494846,0.9947916666666667,0.9948186528497409,0.9947916666666667,0.9999999999999479,0.9999999999999479,3840,960
S2,SMOTE,20,2,XGB,0.99893646024371,0.9990950520833333,0.9968782518210197,0.996875,0.9999999999999479,0.9999999999999479,3840,960
S2,SMOTE,20,3,KNN,0.9968663465903729,0.9979014756944445,0.9958333333333333,0.9958333333333333,0.9999999999999479,0.9999999999999479,3840,960
S2,SMOTE,20,3,RF,0.9998154277578649,0.9998328993055555,0.9927310488058152,0.9927083333333333,0.9999999999999479,0.9999999999999479,3840,960
S2,SMOTE,20,3,LR,0.6453708568804699,0.4821397569444444,0.48586387434554973,0.48854166666666665,0.9999999999999479,0.9999999999999479,3840,960
S2,SMOTE,20,3,DT,0.9885808926080892,0.9916666666666667,0.9916492693110647,0.9916666666666667,0.9999999999999479,0.9999999999999479,3840,960
S2,SMOTE,20,3,XGB,0.9999697169771897,0.9999696180555555,0.9968782518210197,0.996875,0.9999999999999479,0.9999999999999479,3840,960
S2,SMOTE,50,42,KNN,0.9989583333333334,0.9989518229166667,0.9979166666666667,0.9979166666666667,0.9999999999999479,0.9999999999999479,3840,960
S2,SMOTE,50,42,RF,0.9996909216616764,0.9997265625,0.9958419958419958,0.9958333333333333,0.9999999999999479,0.9999999999999479,3840,960
S2,SMOTE,50,42,LR,0.6350747091379257,0.4628385416666667,0.46219382321618746,0.47395833333333337,0.9999999999999479,0.9999999999999479,3840,960
S2,SMOTE,50,42,DT,0.9896224773834378,0.9927083333333333,0.9927007299270073,0.9927083333333333,0.9999999999999479,0.9999999999999479,3840,960
S2,SMOTE,50,42,XGB,0.9982185174227577,0.9985177951388888,0.99375,0.99375,0.9999999999999479,0.9999999999999479,3840,960
S2,SMOTE,50,0,KNN,1.0,1.0,0.9989572471324296,0.9989583333333334,0.9999999999999479,0.9999999999999479,3840,960
S2,SMOTE,50,0,RF,0.9998509991386001,0.9998611111111111,0.9948078920041536,0.9947916666666667,0.9999999999999479,0.9999999999999479,3840,960
S2,SMOTE,50,0,LR,0.6371294754570145,0.4778602430555555,0.4827586206896552,0.484375,0.9999999999999479,0.9999999999999479,3840,960
S2,SMOTE,50,0,DT,0.991705647955648,0.9947916666666666,0.9947970863683663,0.9947916666666667,0.9999999999999479,0.9999999999999479,3840,960
S2,SMOTE,50,0,XGB,0.9997968764396681,0.9998003472222221,0.9958419958419958,0.9958333333333333,0.9999999999999479,0.9999999999999479,3840,960
S2,SMOTE,50,1,KNN,1.0,1.0,0.9989594172736732,0.9989583333333334,0.9999999999999479,0.9999999999999479,3840,960
S2,SMOTE,50,1,RF,0.9973794358470234,0.9987044270833334,0.9968847352024922,0.996875,0.9999999999999479,0.9999999999999479,3840,960
S2,SMOTE,50,1,LR,0.6436291910097232,0.4747048611111111,0.4773922187171398,0.4822916666666667,0.9999999999999479,0.9999999999999479,3840,960
S2,SMOTE,50,1,DT,0.9937673611111111,0.9958333333333333,0.9958333333333333,0.9958333333333333,0.9999999999999479,0.9999999999999479,3840,960
S2,SMOTE,50,1,XGB,0.9997869251264576,0.9997960069444445,0.997920997920998,0.9979166666666667,0.9999999999999479,0.9999999999999479,3840,960
S2,SMOTE,50,2,KNN,1.0,1.0,0.9989572471324296,0.9989583333333334,0.9999999999999479,0.9999999999999479,3840,960
S2,SMOTE,50,2,RF,0.9998142031732437,0.9998307291666666,0.9948186528497409,0.9947916666666667,0.9999999999999479,0.9999999999999479,3840,960
S2,SMOTE,50,2,LR,0.6575374539192238,0.5004644097222222,0.5015045135406219,0.4822916666666667,0.9999999999999479,0.9999999999999479,3840,960
S2,SMOTE,50,2,DT,0.9896907216494846,0.9947916666666667,0.9948186528497409,0.9947916666666667,0.9999999999999479,0.9999999999999479,3840,960
S2,SMOTE,50,2,XGB,0.99893646024371,0.9990950520833333,0.9968782518210197,0.996875,0.9999999999999479,0.9999999999999479,3840,960
S2,SMOTE,50,3,KNN,0.9968663465903729,0.9979014756944445,0.9958333333333333,0.9958333333333333,0.9999999999999479,0.9999999999999479,3840,960
S2,SMOTE,50,3,RF,0.9998154277578649,0.9998328993055555,0.9927310488058152,0.9927083333333333,0.9999999999999479,0.9999999999999479,3840,960
S2,SMOTE,50,3,LR,0.6453708568804699,0.4821397569444444,0.48586387434554973,0.48854166666666665,0.9999999999999479,0.9999999999999479,3840,960
S2,SMOTE,50,3,DT,0.9885808926080892,0.9916666666666667,0.9916492693110647,0.9916666666666667,0.9999999999999479,0.9999999999999479,3840,960
S2,SMOTE,50,3,XGB,0.9999697169771897,0.9999696180555555,0.9968782518210197,0.996875,0.9999999999999479,0.9999999999999479,3840,960
S2,BorderlineSMOTE,5,42,KNN,0.9989583333333334,0.9989518229166667,0.9979166666666667,0.9979166666666667,0.9999999999999479,0.9999999999999479,3840,960
S2,BorderlineSMOTE,5,42,RF,0.9996909216616764,0.9997265625,0.9958419958419958,0.9958333333333333,0.9999999999999479,0.9999999999999479,3840,960
S2,BorderlineSMOTE,5,42,LR,0.6350747091379257,0.4628385416666667,0.46219382321618746,0.47395833333333337,0.9999999999999479,0.9999999999999479,3840,960
S2,BorderlineSMOTE,5,42,DT,0.9896224773834378,0.9927083333333333,0.9927007299270073,0.9927083333333333,0.9999999999999479,0.9999999999999479,3840,960
S2,BorderlineSMOTE,5,42,XGB,0.9982185174227577,0.9985177951388888,0.99375,0.99375,0.9999999999999479,0.9999999999999479,3840,960
S2,BorderlineSMOTE,5,0,KNN,1.0,1.0,0.9989572471324296,0.9989583333333334,0.9999999999999479,0.9999999999999479,3840,960
S2,BorderlineSMOTE,5,0,RF,0.9998509991386001,0.9998611111111111,0.9948078920041536,0.9947916666666667,0.9999999999999479,0.9999999999999479,3840,960
S2,BorderlineSMOTE,5,0,LR,0.6371294754570145,0.4778602430555555,0.4827586206896552,0.484375,0.9999999999999479,0.9999999999999479,3840,960
S2,BorderlineSMOTE,5,0,DT,0.991705647955648,0.9947916666666666,0.9947970863683663,0.9947916666666667,0.9999999999999479,0.9999999999999479,3840,960
S2,BorderlineSMOTE,5,0,XGB,0.9997968764396681,0.9998003472222221,0.9958419958419958,0.9958333333333333,0.9999999999999479,0.9999999999999479,3840,960
S2,BorderlineSMOTE,5,1,KNN,1.0,1.0,0.9989594172736732,0.9989583333333334,0.9999999999999479,0.9999999999999479,3840,960
S2,BorderlineSMOTE,5,1,RF,0.9973794358470234,0.9987044270833334,0.9968847352024922,0.996875,0.9999999999999479,0.9999999999999479,3840,960
S2,BorderlineSMOTE,5,1,LR,0.6436291910097232,0.4747048611111111,0.4773922187171398,0.4822916666666667,0.9999999999999479,0.9999999999999479,3840,960
S2,BorderlineSMOTE,5,1,DT,0.9937673611111111,0.9958333333333333,0.9958333333333333,0.9958333333333333,0.9999999999999479,0.9999999999999479,3840,960
S2,BorderlineSMOTE,5,1,XGB,0.9997869251264576,0.9997960069444445,0.997920997920998,0.9979166666666667,0.9999999999999479,0.9999999999999479,3840,960
S2,BorderlineSMOTE,5,2,KNN,1.0,1.0,0.9989572471324296,0.9989583333333334,0.9999999999999479,0.9999999999999479,3840,960
S2,BorderlineSMOTE,5,2,RF,0.9998142031732437,0.9998307291666666,0.9948186528497409,0.9947916666666667,0.9999999999999479,0.9999999999999479,3840,960
S2,BorderlineSMOTE,5,2,LR,0.6575374539192238,0.5004644097222222,0.5015045135406219,0.4822916666666667,0.9999999999999479,0.9999999999999479,3840,960
S2,BorderlineSMOTE,5,2,DT,0.9896907216494846,0.9947916666666667,0.9948186528497409,0.9947916666666667,0.9999999999999479,0.9999999999999479,3840,960
S2,BorderlineSMOTE,5,2,XGB,0.99893646024371,0.9990950520833333,0.9968782518210197,0.996875,0.9999999999999479,0.9999999999999479,3840,960
S2,BorderlineSMOTE,5,3,KNN,0.9968663465903729,0.9979014756944445,0.9958333333333333,0.9958333333333333,0.9999999999999479,0.9999999999999479,3840,960
S2,BorderlineSMOTE,5,3,RF,0.9998154277578649,0.9998328993055555,0.9927310488058152,0.9927083333333333,0.9999999999999479,0.9999999999999479,3840,960
S2,BorderlineSMOTE,5,3,LR,0.6453708568804699,0.4821397569444444,0.48586387434554973,0.48854166666666665,0.9999999999999479,0.9999999999999479,3840,960
S2,BorderlineSMOTE,5,3,DT,0.9885808926080892,0.9916666666666667,0.9916492693110647,0.9916666666666667,0.9999999999999479,0.9999999999999479,3840,960
S2,BorderlineSMOTE,5,3,XGB,0.9999697169771897,0.9999696180555555,0.9968782518210197,0.996875,0.9999999999999479,0.9999999999999479,3840,960
S2,BorderlineSMOTE,10,42,KNN,0.9989583333333334,0.9989518229166667,0.9979166666666667,0.9979166666666667,0.9999999999999479,0.9999999999999479,3840,960
S2,BorderlineSMOTE,10,42,RF,0.9996909216616764,0.9997265625,0.9958419958419958,0.9958333333333333,0.9999999999999479,0.9999999999999479,3840,960
S2,BorderlineSMOTE,10,42,LR,0.6350747091379257,0.4628385416666667,0.46219382321618746,0.47395833333333337,0.9999999999999479,0.9999999999999479,3840,960
S2,BorderlineSMOTE,10,42,DT,0.9896224773834378,0.9927083333333333,0.9927007299270073,0.9927083333333333,0.9999999999999479,0.9999999999999479,3840,960
S2,BorderlineSMOTE,10,42,XGB,0.9982185174227577,0.9985177951388888,0.99375,0.99375,0.9999999999999479,0.9999999999999479,3840,960
S2,BorderlineSMOTE,10,0,KNN,1.0,1.0,0.9989572471324296,0.9989583333333334,0.9999999999999479,0.9999999999999479,3840,960
S2,BorderlineSMOTE,10,0,RF,0.9998509991386001,0.9998611111111111,0.9948078920041536,0.9947916666666667,0.9999999999999479,0.9999999999999479,3840,960
S2,BorderlineSMOTE,10,0,LR,0.6371294754570145,0.4778602430555555,0.4827586206896552,0.484375,0.9999999999999479,0.9999999999999479,3840,960
S2,BorderlineSMOTE,10,0,DT,0.991705647955648,0.9947916666666666,0.9947970863683663,0.9947916666666667,0.9999999999999479,0.9999999999999479,3840,960
S2,BorderlineSMOTE,10,0,XGB,0.9997968764396681,0.9998003472222221,0.9958419958419958,0.9958333333333333,0.9999999999999479,0.9999999999999479,3840,960
S2,BorderlineSMOTE,10,1,KNN,1.0,1.0,0.9989594172736732,0.9989583333333334,0.9999999999999479,0.9999999999999479,3840,960
S2,BorderlineSMOTE,10,1,RF,0.9973794358470234,0.9987044270833334,0.9968847352024922,0.996875,0.9999999999999479,0.9999999999999479,3840,960
S2,BorderlineSMOTE,10,1,LR,0.6436291910097232,0.4747048611111111,0.4773922187171398,0.4822916666666667,0.9999999999999479,0.9999999999999479,3840,960
S2,BorderlineSMOTE,10,1,DT,0.9937673611111111,0.9958333333333333,0.9958333333333333,0.9958333333333333,0.9999999999999479,0.9999999999999479,3840,960
S2,BorderlineSMOTE,10,1,XGB,0.9997869251264576,0.9997960069444445,0.997920997920998,0.9979166666666667,0.9999999999999479,0.9999999999999479,3840,960
S2,BorderlineSMOTE,10,2,KNN,1.0,1.0,0.9989572471324296,0.9989583333333334,0.9999999999999479,0.9999999999999479,3840,960
S2,BorderlineSMOTE,10,2,RF,0.9998142031732437,0.9998307291666666,0.9948186528497409,0.9947916666666667,0.9999999999999479,0.9999999999999479,3840,960
S2,BorderlineSMOTE,10,2,LR,0.6575374539192238,0.5004644097222222,0.5015045135406219,0.4822916666666667,0.9999999999999479,0.9999999999999479,3840,960
S2,BorderlineSMOTE,10,2,DT,0.9896907216494846,0.9947916666666667,0.9948186528497409,0.9947916666666667,0.9999999999999479,0.9999999999999479,3840,960
S2,BorderlineSMOTE,10,2,XGB,0.99893646024371,0.9990950520833333,0.9968782518210197,0.996875,0.9999999999999479,0.9999999999999479,3840,960
S2,BorderlineSMOTE,10,3,KNN,0.9968663465903729,0.9979014756944445,0.9958333333333333,0.9958333333333333,0.9999999999999479,0.9999999999999479,3840,960
S2,BorderlineSMOTE,10,3,RF,0.9998154277578649,0.9998328993055555,0.9927310488058152,0.9927083333333333,0.9999999999999479,0.9999999999999479,3840,960
S2,BorderlineSMOTE,10,3,LR,0.6453708568804699,0.4821397569444444,0.48586387434554973,0.48854166666666665,0.9999999999999479,0.9999999999999479,3840,960
S2,BorderlineSMOTE,10,3,DT,0.9885808926080892,0.9916666666666667,0.9916492693110647,0.9916666666666667,0.9999999999999479,0.9999999999999479,3840,960
S2,BorderlineSMOTE,10,3,XGB,0.9999697169771897,0.9999696180555555,0.9968782518210197,0.996875,0.9999999999999479,0.9999999999999479,3840,960
S2,BorderlineSMOTE,20,42,KNN,0.9989583333333334,0.9989518229166667,0.9979166666666667,0.9979166666666667,0.9999999999999479,0.9999999999999479,3840,960
S2,BorderlineSMOTE,20,42,RF,0.9996909216616764,0.9997265625,0.9958419958419958,0.9958333333333333,0.9999999999999479,0.9999999999999479,3840,960
S2,BorderlineSMOTE,20,42,LR,0.6350747091379257,0.4628385416666667,0.46219382321618746,0.47395833333333337,0.9999999999999479,0.9999999999999479,3840,960
S2,BorderlineSMOTE,20,42,DT,0.9896224773834378,0.9927083333333333,0.9927007299270073,0.9927083333333333,0.9999999999999479,0.9999999999999479,3840,960
S2,BorderlineSMOTE,20,42,XGB,0.9982185174227577,0.9985177951388888,0.99375,0.99375,0.9999999999999479,0.9999999999999479,3840,960
S2,BorderlineSMOTE,20,0,KNN,1.0,1.0,0.9989572471324296,0.9989583333333334,0.9999999999999479,0.9999999999999479,3840,960
S2,BorderlineSMOTE,20,0,RF,0.9998509991386001,0.9998611111111111,0.9948078920041536,0.9947916666666667,0.9999999999999479,0.9999999999999479,3840,960
S2,BorderlineSMOTE,20,0,LR,0.6371294754570145,0.4778602430555555,0.4827586206896552,0.484375,0.9999999999999479,0.9999999999999479,3840,960
S2,BorderlineSMOTE,20,0,DT,0.991705647955648,0.9947916666666666,0.9947970863683663,0.9947916666666667,0.9999999999999479,0.9999999999999479,3840,960
S2,BorderlineSMOTE,20,0,XGB,0.9997968764396681,0.9998003472222221,0.9958419958419958,0.9958333333333333,0.9999999999999479,0.9999999999999479,3840,960
S2,BorderlineSMOTE,20,1,KNN,1.0,1.0,0.9989594172736732,0.9989583333333334,0.9999999999999479,0.9999999999999479,3840,960
S2,BorderlineSMOTE,20,1,RF,0.9973794358470234,0.9987044270833334,0.9968847352024922,0.996875,0.9999999999999479,0.9999999999999479,3840,960
S2,BorderlineSMOTE,20,1,LR,0.6436291910097232,0.4747048611111111,0.4773922187171398,0.4822916666666667,0.9999999999999479,0.9999999999999479,3840,960
S2,BorderlineSMOTE,20,1,DT,0.9937673611111111,0.9958333333333333,0.9958333333333333,0.9958333333333333,0.9999999999999479,0.9999999999999479,3840,960
S2,BorderlineSMOTE,20,1,XGB,0.9997869251264576,0.9997960069444445,0.997920997920998,0.9979166666666667,0.9999999999999479,0.9999999999999479,3840,960
S2,BorderlineSMOTE,20,2,KNN,1.0,1.0,0.9989572471324296,0.9989583333333334,0.9999999999999479,0.9999999999999479,3840,960
S2,BorderlineSMOTE,20,2,RF,0.9998142031732437,0.9998307291666666,0.9948186528497409,0.9947916666666667,0.9999999999999479,0.9999999999999479,3840,960
S2,BorderlineSMOTE,20,2,LR,0.6575374539192238,0.5004644097222222,0.5015045135406219,0.4822916666666667,0.9999999999999479,0.9999999999999479,3840,960
S2,BorderlineSMOTE,20,2,DT,0.9896907216494846,0.9947916666666667,0.9948186528497409,0.9947916666666667,0.9999999999999479,0.9999999999999479,3840,960
S2,BorderlineSMOTE,20,2,XGB,0.99893646024371,0.9990950520833333,0.9968782518210197,0.996875,0.9999999999999479,0.9999999999999479,3840,960
S2,BorderlineSMOTE,20,3,KNN,0.9968663465903729,0.9979014756944445,0.9958333333333333,0.9958333333333333,0.9999999999999479,0.9999999999999479,3840,960
S2,BorderlineSMOTE,20,3,RF,0.9998154277578649,0.9998328993055555,0.9927310488058152,0.9927083333333333,0.9999999999999479,0.9999999999999479,3840,960
S2,BorderlineSMOTE,20,3,LR,0.6453708568804699,0.4821397569444444,0.48586387434554973,0.48854166666666665,0.9999999999999479,0.9999999999999479,3840,960
S2,BorderlineSMOTE,20,3,DT,0.9885808926080892,0.9916666666666667,0.9916492693110647,0.9916666666666667,0.9999999999999479,0.9999999999999479,3840,960
S2,BorderlineSMOTE,20,3,XGB,0.9999697169771897,0.9999696180555555,0.9968782518210197,0.996875,0.9999999999999479,0.9999999999999479,3840,960
S2,BorderlineSMOTE,50,42,KNN,0.9989583333333334,0.9989518229166667,0.9979166666666667,0.9979166666666667,0.9999999999999479,0.9999999999999479,3840,960
S2,BorderlineSMOTE,50,42,RF,0.9996909216616764,0.9997265625,0.9958419958419958,0.9958333333333333,0.9999999999999479,0.9999999999999479,3840,960
S2,BorderlineSMOTE,50,42,LR,0.6350747091379257,0.4628385416666667,0.46219382321618746,0.47395833333333337,0.9999999999999479,0.9999999999999479,3840,960
S2,BorderlineSMOTE,50,42,DT,0.9896224773834378,0.9927083333333333,0.9927007299270073,0.9927083333333333,0.9999999999999479,0.9999999999999479,3840,960
S2,BorderlineSMOTE,50,42,XGB,0.9982185174227577,0.9985177951388888,0.99375,0.99375,0.9999999999999479,0.9999999999999479,3840,960
S2,BorderlineSMOTE,50,0,KNN,1.0,1.0,0.9989572471324296,0.9989583333333334,0.9999999999999479,0.9999999999999479,3840,960
S2,BorderlineSMOTE,50,0,RF,0.9998509991386001,0.9998611111111111,0.9948078920041536,0.9947916666666667,0.9999999999999479,0.9999999999999479,3840,960
S2,BorderlineSMOTE,50,0,LR,0.6371294754570145,0.4778602430555555,0.4827586206896552,0.484375,0.9999999999999479,0.9999999999999479,3840,960
S2,BorderlineSMOTE,50,0,DT,0.991705647955648,0.9947916666666666,0.9947970863683663,0.9947916666666667,0.9999999999999479,0.9999999999999479,3840,960
S2,BorderlineSMOTE,50,0,XGB,0.9997968764396681,0.9998003472222221,0.9958419958419958,0.9958333333333333,0.9999999999999479,0.9999999999999479,3840,960
S2,BorderlineSMOTE,50,1,KNN,1.0,1.0,0.9989594172736732,0.9989583333333334,0.9999999999999479,0.9999999999999479,3840,960
S2,BorderlineSMOTE,50,1,RF,0.9973794358470234,0.9987044270833334,0.9968847352024922,0.996875,0.9999999999999479,0.9999999999999479,3840,960
S2,BorderlineSMOTE,50,1,LR,0.6436291910097232,0.4747048611111111,0.4773922187171398,0.4822916666666667,0.9999999999999479,0.9999999999999479,3840,960
S2,BorderlineSMOTE,50,1,DT,0.9937673611111111,0.9958333333333333,0.9958333333333333,0.9958333333333333,0.9999999999999479,0.9999999999999479,3840,960
S2,BorderlineSMOTE,50,1,XGB,0.9997869251264576,0.9997960069444445,0.997920997920998,0.9979166666666667,0.9999999999999479,0.9999999999999479,3840,960
S2,BorderlineSMOTE,50,2,KNN,1.0,1.0,0.9989572471324296,0.9989583333333334,0.9999999999999479,0.9999999999999479,3840,960
S2,BorderlineSMOTE,50,2,RF,0.9998142031732437,0.9998307291666666,0.9948186528497409,0.9947916666666667,0.9999999999999479,0.9999999999999479,3840,960
S2,BorderlineSMOTE,50,2,LR,0.6575374539192238,0.5004644097222222,0.5015045135406219,0.4822916666666667,0.9999999999999479,0.9999999999999479,3840,960
S2,BorderlineSMOTE,50,2,DT,0.9896907216494846,0.9947916666666667,0.9948186528497409,0.9947916666666667,0.9999999999999479,0.9999999999999479,3840,960
S2,BorderlineSMOTE,50,2,XGB,0.99893646024371,0.9990950520833333,0.9968782518210197,0.996875,0.9999999999999479,0.9999999999999479,3840,960
S2,BorderlineSMOTE,50,3,KNN,0.9968663465903729,0.9979014756944445,0.9958333333333333,0.9958333333333333,0.9999999999999479,0.9999999999999479,3840,960
S2,BorderlineSMOTE,50,3,RF,0.9998154277578649,0.9998328993055555,0.9927310488058152,0.9927083333333333,0.9999999999999479,0.9999999999999479,3840,960
S2,BorderlineSMOTE,50,3,LR,0.6453708568804699,0.4821397569444444,0.48586387434554973,0.48854166666666665,0.9999999999999479,0.9999999999999479,3840,960
S2,BorderlineSMOTE,50,3,DT,0.9885808926080892,0.9916666666666667,0.9916492693110647,0.9916666666666667,0.9999999999999479,0.9999999999999479,3840,960
S2,BorderlineSMOTE,50,3,XGB,0.9999697169771897,0.9999696180555555,0.9968782518210197,0.996875,0.9999999999999479,0.9999999999999479,3840,960
S2,RandomOS,5,42,KNN,0.9989583333333334,0.9989518229166667,0.9979166666666667,0.9979166666666667,0.9999999999999479,0.9999999999999479,3840,960
S2,RandomOS,5,42,RF,0.9996909216616764,0.9997265625,0.9958419958419958,0.9958333333333333,0.9999999999999479,0.9999999999999479,3840,960
S2,RandomOS,5,42,LR,0.6350747091379257,0.4628385416666667,0.46219382321618746,0.47395833333333337,0.9999999999999479,0.9999999999999479,3840,960
S2,RandomOS,5,42,DT,0.9896224773834378,0.9927083333333333,0.9927007299270073,0.9927083333333333,0.9999999999999479,0.9999999999999479,3840,960
S2,RandomOS,5,42,XGB,0.9982185174227577,0.9985177951388888,0.99375,0.99375,0.9999999999999479,0.9999999999999479,3840,960
S2,RandomOS,5,0,KNN,1.0,1.0,0.9989572471324296,0.9989583333333334,0.9999999999999479,0.9999999999999479,3840,960
S2,RandomOS,5,0,RF,0.9998509991386001,0.9998611111111111,0.9948078920041536,0.9947916666666667,0.9999999999999479,0.9999999999999479,3840,960
S2,RandomOS,5,0,LR,0.6371294754570145,0.4778602430555555,0.4827586206896552,0.484375,0.9999999999999479,0.9999999999999479,3840,960
S2,RandomOS,5,0,DT,0.991705647955648,0.9947916666666666,0.9947970863683663,0.9947916666666667,0.9999999999999479,0.9999999999999479,3840,960
S2,RandomOS,5,0,XGB,0.9997968764396681,0.9998003472222221,0.9958419958419958,0.9958333333333333,0.9999999999999479,0.9999999999999479,3840,960
S2,RandomOS,5,1,KNN,1.0,1.0,0.9989594172736732,0.9989583333333334,0.9999999999999479,0.9999999999999479,3840,960
S2,RandomOS,5,1,RF,0.9973794358470234,0.9987044270833334,0.9968847352024922,0.996875,0.9999999999999479,0.9999999999999479,3840,960
S2,RandomOS,5,1,LR,0.6436291910097232,0.4747048611111111,0.4773922187171398,0.4822916666666667,0.9999999999999479,0.9999999999999479,3840,960
S2,RandomOS,5,1,DT,0.9937673611111111,0.9958333333333333,0.9958333333333333,0.9958333333333333,0.9999999999999479,0.9999999999999479,3840,960
S2,RandomOS,5,1,XGB,0.9997869251264576,0.9997960069444445,0.997920997920998,0.9979166666666667,0.9999999999999479,0.9999999999999479,3840,960
S2,RandomOS,5,2,KNN,1.0,1.0,0.9989572471324296,0.9989583333333334,0.9999999999999479,0.9999999999999479,3840,960
S2,RandomOS,5,2,RF,0.9998142031732437,0.9998307291666666,0.9948186528497409,0.9947916666666667,0.9999999999999479,0.9999999999999479,3840,960
S2,RandomOS,5,2,LR,0.6575374539192238,0.5004644097222222,0.5015045135406219,0.4822916666666667,0.9999999999999479,0.9999999999999479,3840,960
S2,RandomOS,5,2,DT,0.9896907216494846,0.9947916666666667,0.9948186528497409,0.9947916666666667,0.9999999999999479,0.9999999999999479,3840,960
S2,RandomOS,5,2,XGB,0.99893646024371,0.9990950520833333,0.9968782518210197,0.996875,0.9999999999999479,0.9999999999999479,3840,960
S2,RandomOS,5,3,KNN,0.9968663465903729,0.9979014756944445,0.9958333333333333,0.9958333333333333,0.9999999999999479,0.9999999999999479,3840,960
S2,RandomOS,5,3,RF,0.9998154277578649,0.9998328993055555,0.9927310488058152,0.9927083333333333,0.9999999999999479,0.9999999999999479,3840,960
S2,RandomOS,5,3,LR,0.6453708568804699,0.4821397569444444,0.48586387434554973,0.48854166666666665,0.9999999999999479,0.9999999999999479,3840,960
S2,RandomOS,5,3,DT,0.9885808926080892,0.9916666666666667,0.9916492693110647,0.9916666666666667,0.9999999999999479,0.9999999999999479,3840,960
S2,RandomOS,5,3,XGB,0.9999697169771897,0.9999696180555555,0.9968782518210197,0.996875,0.9999999999999479,0.9999999999999479,3840,960
S2,RandomOS,10,42,KNN,0.9989583333333334,0.9989518229166667,0.9979166666666667,0.9979166666666667,0.9999999999999479,0.9999999999999479,3840,960
S2,RandomOS,10,42,RF,0.9996909216616764,0.9997265625,0.9958419958419958,0.9958333333333333,0.9999999999999479,0.9999999999999479,3840,960
S2,RandomOS,10,42,LR,0.6350747091379257,0.4628385416666667,0.46219382321618746,0.47395833333333337,0.9999999999999479,0.9999999999999479,3840,960
S2,RandomOS,10,42,DT,0.9896224773834378,0.9927083333333333,0.9927007299270073,0.9927083333333333,0.9999999999999479,0.9999999999999479,3840,960
S2,RandomOS,10,42,XGB,0.9982185174227577,0.9985177951388888,0.99375,0.99375,0.9999999999999479,0.9999999999999479,3840,960
S2,RandomOS,10,0,KNN,1.0,1.0,0.9989572471324296,0.9989583333333334,0.9999999999999479,0.9999999999999479,3840,960
S2,RandomOS,10,0,RF,0.9998509991386001,0.9998611111111111,0.9948078920041536,0.9947916666666667,0.9999999999999479,0.9999999999999479,3840,960
S2,RandomOS,10,0,LR,0.6371294754570145,0.4778602430555555,0.4827586206896552,0.484375,0.9999999999999479,0.9999999999999479,3840,960
S2,RandomOS,10,0,DT,0.991705647955648,0.9947916666666666,0.9947970863683663,0.9947916666666667,0.9999999999999479,0.9999999999999479,3840,960
S2,RandomOS,10,0,XGB,0.9997968764396681,0.9998003472222221,0.9958419958419958,0.9958333333333333,0.9999999999999479,0.9999999999999479,3840,960
S2,RandomOS,10,1,KNN,1.0,1.0,0.9989594172736732,0.9989583333333334,0.9999999999999479,0.9999999999999479,3840,960
S2,RandomOS,10,1,RF,0.9973794358470234,0.9987044270833334,0.9968847352024922,0.996875,0.9999999999999479,0.9999999999999479,3840,960
S2,RandomOS,10,1,LR,0.6436291910097232,0.4747048611111111,0.4773922187171398,0.4822916666666667,0.9999999999999479,0.9999999999999479,3840,960
S2,RandomOS,10,1,DT,0.9937673611111111,0.9958333333333333,0.9958333333333333,0.9958333333333333,0.9999999999999479,0.9999999999999479,3840,960
S2,RandomOS,10,1,XGB,0.9997869251264576,0.9997960069444445,0.997920997920998,0.9979166666666667,0.9999999999999479,0.9999999999999479,3840,960
S2,RandomOS,10,2,KNN,1.0,1.0,0.9989572471324296,0.9989583333333334,0.9999999999999479,0.9999999999999479,3840,960
S2,RandomOS,10,2,RF,0.9998142031732437,0.9998307291666666,0.9948186528497409,0.9947916666666667,0.9999999999999479,0.9999999999999479,3840,960
S2,RandomOS,10,2,LR,0.6575374539192238,0.5004644097222222,0.5015045135406219,0.4822916666666667,0.9999999999999479,0.9999999999999479,3840,960
S2,RandomOS,10,2,DT,0.9896907216494846,0.9947916666666667,0.9948186528497409,0.9947916666666667,0.9999999999999479,0.9999999999999479,3840,960
S2,RandomOS,10,2,XGB,0.99893646024371,0.9990950520833333,0.9968782518210197,0.996875,0.9999999999999479,0.9999999999999479,3840,960
S2,RandomOS,10,3,KNN,0.9968663465903729,0.9979014756944445,0.9958333333333333,0.9958333333333333,0.9999999999999479,0.9999999999999479,3840,960
S2,RandomOS,10,3,RF,0.9998154277578649,0.9998328993055555,0.9927310488058152,0.9927083333333333,0.9999999999999479,0.9999999999999479,3840,960
S2,RandomOS,10,3,LR,0.6453708568804699,0.4821397569444444,0.48586387434554973,0.48854166666666665,0.9999999999999479,0.9999999999999479,3840,960
S2,RandomOS,10,3,DT,0.9885808926080892,0.9916666666666667,0.9916492693110647,0.9916666666666667,0.9999999999999479,0.9999999999999479,3840,960
S2,RandomOS,10,3,XGB,0.9999697169771897,0.9999696180555555,0.9968782518210197,0.996875,0.9999999999999479,0.9999999999999479,3840,960
S2,RandomOS,20,42,KNN,0.9989583333333334,0.9989518229166667,0.9979166666666667,0.9979166666666667,0.9999999999999479,0.9999999999999479,3840,960
S2,RandomOS,20,42,RF,0.9996909216616764,0.9997265625,0.9958419958419958,0.9958333333333333,0.9999999999999479,0.9999999999999479,3840,960
S2,RandomOS,20,42,LR,0.6350747091379257,0.4628385416666667,0.46219382321618746,0.47395833333333337,0.9999999999999479,0.9999999999999479,3840,960
S2,RandomOS,20,42,DT,0.9896224773834378,0.9927083333333333,0.9927007299270073,0.9927083333333333,0.9999999999999479,0.9999999999999479,3840,960
S2,RandomOS,20,42,XGB,0.9982185174227577,0.9985177951388888,0.99375,0.99375,0.9999999999999479,0.9999999999999479,3840,960
S2,RandomOS,20,0,KNN,1.0,1.0,0.9989572471324296,0.9989583333333334,0.9999999999999479,0.9999999999999479,3840,960
S2,RandomOS,20,0,RF,0.9998509991386001,0.9998611111111111,0.9948078920041536,0.9947916666666667,0.9999999999999479,0.9999999999999479,3840,960
S2,RandomOS,20,0,LR,0.6371294754570145,0.4778602430555555,0.4827586206896552,0.484375,0.9999999999999479,0.9999999999999479,3840,960
S2,RandomOS,20,0,DT,0.991705647955648,0.9947916666666666,0.9947970863683663,0.9947916666666667,0.9999999999999479,0.9999999999999479,3840,960
S2,RandomOS,20,0,XGB,0.9997968764396681,0.9998003472222221,0.9958419958419958,0.9958333333333333,0.9999999999999479,0.9999999999999479,3840,960
S2,RandomOS,20,1,KNN,1.0,1.0,0.9989594172736732,0.9989583333333334,0.9999999999999479,0.9999999999999479,3840,960
S2,RandomOS,20,1,RF,0.9973794358470234,0.9987044270833334,0.9968847352024922,0.996875,0.9999999999999479,0.9999999999999479,3840,960
S2,RandomOS,20,1,LR,0.6436291910097232,0.4747048611111111,0.4773922187171398,0.4822916666666667,0.9999999999999479,0.9999999999999479,3840,960
S2,RandomOS,20,1,DT,0.9937673611111111,0.9958333333333333,0.9958333333333333,0.9958333333333333,0.9999999999999479,0.9999999999999479,3840,960
S2,RandomOS,20,1,XGB,0.9997869251264576,0.9997960069444445,0.997920997920998,0.9979166666666667,0.9999999999999479,0.9999999999999479,3840,960
S2,RandomOS,20,2,KNN,1.0,1.0,0.9989572471324296,0.9989583333333334,0.9999999999999479,0.9999999999999479,3840,960
S2,RandomOS,20,2,RF,0.9998142031732437,0.9998307291666666,0.9948186528497409,0.9947916666666667,0.9999999999999479,0.9999999999999479,3840,960
S2,RandomOS,20,2,LR,0.6575374539192238,0.5004644097222222,0.5015045135406219,0.4822916666666667,0.9999999999999479,0.9999999999999479,3840,960
S2,RandomOS,20,2,DT,0.9896907216494846,0.9947916666666667,0.9948186528497409,0.9947916666666667,0.9999999999999479,0.9999999999999479,3840,960
S2,RandomOS,20,2,XGB,0.99893646024371,0.9990950520833333,0.9968782518210197,0.996875,0.9999999999999479,0.9999999999999479,3840,960
S2,RandomOS,20,3,KNN,0.9968663465903729,0.9979014756944445,0.9958333333333333,0.9958333333333333,0.9999999999999479,0.9999999999999479,3840,960
S2,RandomOS,20,3,RF,0.9998154277578649,0.9998328993055555,0.9927310488058152,0.9927083333333333,0.9999999999999479,0.9999999999999479,3840,960
S2,RandomOS,20,3,LR,0.6453708568804699,0.4821397569444444,0.48586387434554973,0.48854166666666665,0.9999999999999479,0.9999999999999479,3840,960
S2,RandomOS,20,3,DT,0.9885808926080892,0.9916666666666667,0.9916492693110647,0.9916666666666667,0.9999999999999479,0.9999999999999479,3840,960
S2,RandomOS,20,3,XGB,0.9999697169771897,0.9999696180555555,0.9968782518210197,0.996875,0.9999999999999479,0.9999999999999479,3840,960
S2,RandomOS,50,42,KNN,0.9989583333333334,0.9989518229166667,0.9979166666666667,0.9979166666666667,0.9999999999999479,0.9999999999999479,3840,960
S2,RandomOS,50,42,RF,0.9996909216616764,0.9997265625,0.9958419958419958,0.9958333333333333,0.9999999999999479,0.9999999999999479,3840,960
S2,RandomOS,50,42,LR,0.6350747091379257,0.4628385416666667,0.46219382321618746,0.47395833333333337,0.9999999999999479,0.9999999999999479,3840,960
S2,RandomOS,50,42,DT,0.9896224773834378,0.9927083333333333,0.9927007299270073,0.9927083333333333,0.9999999999999479,0.9999999999999479,3840,960
S2,RandomOS,50,42,XGB,0.9982185174227577,0.9985177951388888,0.99375,0.99375,0.9999999999999479,0.9999999999999479,3840,960
S2,RandomOS,50,0,KNN,1.0,1.0,0.9989572471324296,0.9989583333333334,0.9999999999999479,0.9999999999999479,3840,960
S2,RandomOS,50,0,RF,0.9998509991386001,0.9998611111111111,0.9948078920041536,0.9947916666666667,0.9999999999999479,0.9999999999999479,3840,960
S2,RandomOS,50,0,LR,0.6371294754570145,0.4778602430555555,0.4827586206896552,0.484375,0.9999999999999479,0.9999999999999479,3840,960
S2,RandomOS,50,0,DT,0.991705647955648,0.9947916666666666,0.9947970863683663,0.9947916666666667,0.9999999999999479,0.9999999999999479,3840,960
S2,RandomOS,50,0,XGB,0.9997968764396681,0.9998003472222221,0.9958419958419958,0.9958333333333333,0.9999999999999479,0.9999999999999479,3840,960
S2,RandomOS,50,1,KNN,1.0,1.0,0.9989594172736732,0.9989583333333334,0.9999999999999479,0.9999999999999479,3840,960
S2,RandomOS,50,1,RF,0.9973794358470234,0.9987044270833334,0.9968847352024922,0.996875,0.9999999999999479,0.9999999999999479,3840,960
S2,RandomOS,50,1,LR,0.6436291910097232,0.4747048611111111,0.4773922187171398,0.4822916666666667,0.9999999999999479,0.9999999999999479,3840,960
S2,RandomOS,50,1,DT,0.9937673611111111,0.9958333333333333,0.9958333333333333,0.9958333333333333,0.9999999999999479,0.9999999999999479,3840,960
S2,RandomOS,50,1,XGB,0.9997869251264576,0.9997960069444445,0.997920997920998,0.9979166666666667,0.9999999999999479,0.9999999999999479,3840,960
S2,RandomOS,50,2,KNN,1.0,1.0,0.9989572471324296,0.9989583333333334,0.9999999999999479,0.9999999999999479,3840,960
S2,RandomOS,50,2,RF,0.9998142031732437,0.9998307291666666,0.9948186528497409,0.9947916666666667,0.9999999999999479,0.9999999999999479,3840,960
S2,RandomOS,50,2,LR,0.6575374539192238,0.5004644097222222,0.5015045135406219,0.4822916666666667,0.9999999999999479,0.9999999999999479,3840,960
S2,RandomOS,50,2,DT,0.9896907216494846,0.9947916666666667,0.9948186528497409,0.9947916666666667,0.9999999999999479,0.9999999999999479,3840,960
S2,RandomOS,50,2,XGB,0.99893646024371,0.9990950520833333,0.9968782518210197,0.996875,0.9999999999999479,0.9999999999999479,3840,960
S2,RandomOS,50,3,KNN,0.9968663465903729,0.9979014756944445,0.9958333333333333,0.9958333333333333,0.9999999999999479,0.9999999999999479,3840,960
S2,RandomOS,50,3,RF,0.9998154277578649,0.9998328993055555,0.9927310488058152,0.9927083333333333,0.9999999999999479,0.9999999999999479,3840,960
S2,RandomOS,50,3,LR,0.6453708568804699,0.4821397569444444,0.48586387434554973,0.48854166666666665,0.9999999999999479,0.9999999999999479,3840,960
S2,RandomOS,50,3,DT,0.9885808926080892,0.9916666666666667,0.9916492693110647,0.9916666666666667,0.9999999999999479,0.9999999999999479,3840,960
S2,RandomOS,50,3,XGB,0.9999697169771897,0.9999696180555555,0.9968782518210197,0.996875,0.9999999999999479,0.9999999999999479,3840,960
S2,SMOTETomek,5,42,KNN,0.9989583333333334,0.9989518229166667,0.9979166666666667,0.9979166666666667,0.9999999999999479,0.9999999999999478,3840,960
S2,SMOTETomek,5,42,RF,0.9972383861229616,0.9985894097222223,0.9958419958419958,0.9958333333333333,0.9999999999999479,0.9999999999999478,3840,960
S2,SMOTETomek,5,42,LR,0.6350883071361587,0.4628298611111111,0.4605543710021322,0.47291666666666665,0.9999999999999479,0.9999999999999478,3840,960
S2,SMOTETomek,5,42,DT,0.9875694444444445,0.9916666666666667,0.9916666666666667,0.9916666666666667,0.9999999999999479,0.9999999999999478,3840,960
S2,SMOTETomek,5,42,XGB,0.9982424477572085,0.9985807291666666,0.9947970863683663,0.9947916666666667,0.9999999999999479,0.9999999999999478,3840,960
S2,SMOTETomek,5,0,KNN,1.0,1.0,0.9989572471324296,0.9989583333333334,0.9999999999999479,0.9999999999999478,3840,960
S2,SMOTETomek,5,0,RF,0.9998653852451367,0.9998676215277778,0.9937629937629938,0.99375,0.9999999999999479,0.9999999999999478,3840,960
S2,SMOTETomek,5,0,LR,0.6371543113631808,0.47784722222222226,0.4827586206896552,0.484375,0.9999999999999479,0.9999999999999478,3840,960
S2,SMOTETomek,5,0,DT,0.991705647955648,0.9947916666666666,0.9947970863683663,0.9947916666666667,0.9999999999999479,0.9999999999999478,3840,960
S2,SMOTETomek,5,0,XGB,0.9996891374707341,0.9997504340277777,0.997920997920998,0.9979166666666667,0.9999999999999479,0.9999999999999478,3840,960
S2,SMOTETomek,5,1,KNN,1.0,1.0,0.9989594172736732,0.9989583333333334,0.9999999999999479,0.9999999999999478,3840,960
S2,SMOTETomek,5,1,RF,0.9994371497125252,0.9996223958333333,0.9968847352024922,0.996875,0.9999999999999479,0.9999999999999478,3840,960
S2,SMOTETomek,5,1,LR,0.6436270181667986,0.47470052083333336,0.4773922187171398,0.4822916666666667,0.9999999999999479,0.9999999999999478,3840,960
S2,SMOTETomek,5,1,DT,0.9948089916839917,0.9968750000000001,0.9968782518210197,0.996875,0.9999999999999479,0.9999999999999478,3840,960
S2,SMOTETomek,5,1,XGB,0.9997642019821829,0.9997743055555555,0.9968782518210197,0.996875,0.9999999999999479,0.9999999999999478,3840,960
S2,SMOTETomek,5,2,KNN,1.0,1.0,0.9989572471324296,0.9989583333333334,0.9999999999999479,0.9999999999999478,3840,960
S2,SMOTETomek,5,2,RF,0.9997761696794961,0.9998046875,0.9937759336099585,0.99375,0.9999999999999479,0.9999999999999478,3840,960
S2,SMOTETomek,5,2,LR,0.6575374159035329,0.5004513888888888,0.5015045135406219,0.4822916666666667,0.9999999999999479,0.9999999999999478,3840,960
S2,SMOTETomek,5,2,DT,0.9876078329882678,0.9927083333333334,0.9927310488058152,0.9927083333333333,0.9999999999999479,0.9999999999999478,3840,960
S2,SMOTETomek,5,2,XGB,0.9996738821642279,0.9997439236111111,0.9968847352024922,0.996875,0.9999999999999479,0.9999999999999478,3840,960
S2,SMOTETomek,5,3,KNN,0.9968663465903729,0.9979014756944445,0.9958333333333333,0.9958333333333333,0.9999999999999479,0.9999999999999478,3840,960
S2,SMOTETomek,5,3,RF,0.9998695893937596,0.9998763020833333,0.9927461139896373,0.9927083333333333,0.9999999999999479,0.9999999999999478,3840,960
S2,SMOTETomek,5,3,LR,0.6453337996203021,0.4821354166666666,0.48586387434554973,0.48854166666666665,0.9999999999999479,0.9999999999999478,3840,960
S2,SMOTETomek,5,3,DT,0.9947960251046026,0.9958333333333332,0.9958246346555324,0.9958333333333333,0.9999999999999479,0.9999999999999478,3840,960
S2,SMOTETomek,5,3,XGB,0.9999438087233117,0.9999435763888888,0.9947970863683663,0.9947916666666667,0.9999999999999479,0.9999999999999478,3840,960
S2,SMOTETomek,10,42,KNN,0.9989583333333334,0.9989518229166667,0.9979166666666667,0.9979166666666667,0.9999999999999479,0.9999999999999478,3840,960
S2,SMOTETomek,10,42,RF,0.9972383861229616,0.9985894097222223,0.9958419958419958,0.9958333333333333,0.9999999999999479,0.9999999999999478,3840,960
S2,SMOTETomek,10,42,LR,0.6350883071361587,0.4628298611111111,0.4605543710021322,0.47291666666666665,0.9999999999999479,0.9999999999999478,3840,960
S2,SMOTETomek,10,42,DT,0.9875694444444445,0.9916666666666667,0.9916666666666667,0.9916666666666667,0.9999999999999479,0.9999999999999478,3840,960
S2,SMOTETomek,10,42,XGB,0.9982424477572085,0.9985807291666666,0.9947970863683663,0.9947916666666667,0.9999999999999479,0.9999999999999478,3840,960
S2,SMOTETomek,10,0,KNN,1.0,1.0,0.9989572471324296,0.9989583333333334,0.9999999999999479,0.9999999999999478,3840,960
S2,SMOTETomek,10,0,RF,0.9998653852451367,0.9998676215277778,0.9937629937629938,0.99375,0.9999999999999479,0.9999999999999478,3840,960
S2,SMOTETomek,10,0,LR,0.6371543113631808,0.47784722222222226,0.4827586206896552,0.484375,0.9999999999999479,0.9999999999999478,3840,960
S2,SMOTETomek,10,0,DT,0.991705647955648,0.9947916666666666,0.9947970863683663,0.9947916666666667,0.9999999999999479,0.9999999999999478,3840,960
S2,SMOTETomek,10,0,XGB,0.9996891374707341,0.9997504340277777,0.997920997920998,0.9979166666666667,0.9999999999999479,0.9999999999999478,3840,960
S2,SMOTETomek,10,1,KNN,1.0,1.0,0.9989594172736732,0.9989583333333334,0.9999999999999479,0.9999999999999478,3840,960
S2,SMOTETomek,10,1,RF,0.9994371497125252,0.9996223958333333,0.9968847352024922,0.996875,0.9999999999999479,0.9999999999999478,3840,960
S2,SMOTETomek,10,1,LR,0.6436270181667986,0.47470052083333336,0.4773922187171398,0.4822916666666667,0.9999999999999479,0.9999999999999478,3840,960
S2,SMOTETomek,10,1,DT,0.9948089916839917,0.9968750000000001,0.9968782518210197,0.996875,0.9999999999999479,0.9999999999999478,3840,960
S2,SMOTETomek,10,1,XGB,0.9997642019821829,0.9997743055555555,0.9968782518210197,0.996875,0.9999999999999479,0.9999999999999478,3840,960
S2,SMOTETomek,10,2,KNN,1.0,1.0,0.9989572471324296,0.9989583333333334,0.9999999999999479,0.9999999999999478,3840,960
S2,SMOTETomek,10,2,RF,0.9997761696794961,0.9998046875,0.9937759336099585,0.99375,0.9999999999999479,0.9999999999999478,3840,960
S2,SMOTETomek,10,2,LR,0.6575374159035329,0.5004513888888888,0.5015045135406219,0.4822916666666667,0.9999999999999479,0.9999999999999478,3840,960
S2,SMOTETomek,10,2,DT,0.9876078329882678,0.9927083333333334,0.9927310488058152,0.9927083333333333,0.9999999999999479,0.9999999999999478,3840,960
S2,SMOTETomek,10,2,XGB,0.9996738821642279,0.9997439236111111,0.9968847352024922,0.996875,0.9999999999999479,0.9999999999999478,3840,960
S2,SMOTETomek,10,3,KNN,0.9968663465903729,0.9979014756944445,0.9958333333333333,0.9958333333333333,0.9999999999999479,0.9999999999999478,3840,960
S2,SMOTETomek,10,3,RF,0.9998695893937596,0.9998763020833333,0.9927461139896373,0.9927083333333333,0.9999999999999479,0.9999999999999478,3840,960
S2,SMOTETomek,10,3,LR,0.6453337996203021,0.4821354166666666,0.48586387434554973,0.48854166666666665,0.9999999999999479,0.9999999999999478,3840,960
S2,SMOTETomek,10,3,DT,0.9947960251046026,0.9958333333333332,0.9958246346555324,0.9958333333333333,0.9999999999999479,0.9999999999999478,3840,960
S2,SMOTETomek,10,3,XGB,0.9999438087233117,0.9999435763888888,0.9947970863683663,0.9947916666666667,0.9999999999999479,0.9999999999999478,3840,960
S2,SMOTETomek,20,42,KNN,0.9989583333333334,0.9989518229166667,0.9979166666666667,0.9979166666666667,0.9999999999999479,0.9999999999999478,3840,960
S2,SMOTETomek,20,42,RF,0.9972383861229616,0.9985894097222223,0.9958419958419958,0.9958333333333333,0.9999999999999479,0.9999999999999478,3840,960
S2,SMOTETomek,20,42,LR,0.6350883071361587,0.4628298611111111,0.4605543710021322,0.47291666666666665,0.9999999999999479,0.9999999999999478,3840,960
S2,SMOTETomek,20,42,DT,0.9875694444444445,0.9916666666666667,0.9916666666666667,0.9916666666666667,0.9999999999999479,0.9999999999999478,3840,960
S2,SMOTETomek,20,42,XGB,0.9982424477572085,0.9985807291666666,0.9947970863683663,0.9947916666666667,0.9999999999999479,0.9999999999999478,3840,960
S2,SMOTETomek,20,0,KNN,1.0,1.0,0.9989572471324296,0.9989583333333334,0.9999999999999479,0.9999999999999478,3840,960
S2,SMOTETomek,20,0,RF,0.9998653852451367,0.9998676215277778,0.9937629937629938,0.99375,0.9999999999999479,0.9999999999999478,3840,960
S2,SMOTETomek,20,0,LR,0.6371543113631808,0.47784722222222226,0.4827586206896552,0.484375,0.9999999999999479,0.9999999999999478,3840,960
S2,SMOTETomek,20,0,DT,0.991705647955648,0.9947916666666666,0.9947970863683663,0.9947916666666667,0.9999999999999479,0.9999999999999478,3840,960
S2,SMOTETomek,20,0,XGB,0.9996891374707341,0.9997504340277777,0.997920997920998,0.9979166666666667,0.9999999999999479,0.9999999999999478,3840,960
S2,SMOTETomek,20,1,KNN,1.0,1.0,0.9989594172736732,0.9989583333333334,0.9999999999999479,0.9999999999999478,3840,960
S2,SMOTETomek,20,1,RF,0.9994371497125252,0.9996223958333333,0.9968847352024922,0.996875,0.9999999999999479,0.9999999999999478,3840,960
S2,SMOTETomek,20,1,LR,0.6436270181667986,0.47470052083333336,0.4773922187171398,0.4822916666666667,0.9999999999999479,0.9999999999999478,3840,960
S2,SMOTETomek,20,1,DT,0.9948089916839917,0.9968750000000001,0.9968782518210197,0.996875,0.9999999999999479,0.9999999999999478,3840,960
S2,SMOTETomek,20,1,XGB,0.9997642019821829,0.9997743055555555,0.9968782518210197,0.996875,0.9999999999999479,0.9999999999999478,3840,960
S2,SMOTETomek,20,2,KNN,1.0,1.0,0.9989572471324296,0.9989583333333334,0.9999999999999479,0.9999999999999478,3840,960
S2,SMOTETomek,20,2,RF,0.9997761696794961,0.9998046875,0.9937759336099585,0.99375,0.9999999999999479,0.9999999999999478,3840,960
S2,SMOTETomek,20,2,LR,0.6575374159035329,0.5004513888888888,0.5015045135406219,0.4822916666666667,0.9999999999999479,0.9999999999999478,3840,960
S2,SMOTETomek,20,2,DT,0.9876078329882678,0.9927083333333334,0.9927310488058152,0.9927083333333333,0.9999999999999479,0.9999999999999478,3840,960
S2,SMOTETomek,20,2,XGB,0.9996738821642279,0.9997439236111111,0.9968847352024922,0.996875,0.9999999999999479,0.9999999999999478,3840,960
S2,SMOTETomek,20,3,KNN,0.9968663465903729,0.9979014756944445,0.9958333333333333,0.9958333333333333,0.9999999999999479,0.9999999999999478,3840,960
S2,SMOTETomek,20,3,RF,0.9998695893937596,0.9998763020833333,0.9927461139896373,0.9927083333333333,0.9999999999999479,0.9999999999999478,3840,960
S2,SMOTETomek,20,3,LR,0.6453337996203021,0.4821354166666666,0.48586387434554973,0.48854166666666665,0.9999999999999479,0.9999999999999478,3840,960
S2,SMOTETomek,20,3,DT,0.9947960251046026,0.9958333333333332,0.9958246346555324,0.9958333333333333,0.9999999999999479,0.9999999999999478,3840,960
S2,SMOTETomek,20,3,XGB,0.9999438087233117,0.9999435763888888,0.9947970863683663,0.9947916666666667,0.9999999999999479,0.9999999999999478,3840,960
S2,SMOTETomek,50,42,KNN,0.9989583333333334,0.9989518229166667,0.9979166666666667,0.9979166666666667,0.9999999999999479,0.9999999999999478,3840,960
S2,SMOTETomek,50,42,RF,0.9972383861229616,0.9985894097222223,0.9958419958419958,0.9958333333333333,0.9999999999999479,0.9999999999999478,3840,960
S2,SMOTETomek,50,42,LR,0.6350883071361587,0.4628298611111111,0.4605543710021322,0.47291666666666665,0.9999999999999479,0.9999999999999478,3840,960
S2,SMOTETomek,50,42,DT,0.9875694444444445,0.9916666666666667,0.9916666666666667,0.9916666666666667,0.9999999999999479,0.9999999999999478,3840,960
S2,SMOTETomek,50,42,XGB,0.9982424477572085,0.9985807291666666,0.9947970863683663,0.9947916666666667,0.9999999999999479,0.9999999999999478,3840,960
S2,SMOTETomek,50,0,KNN,1.0,1.0,0.9989572471324296,0.9989583333333334,0.9999999999999479,0.9999999999999478,3840,960
S2,SMOTETomek,50,0,RF,0.9998653852451367,0.9998676215277778,0.9937629937629938,0.99375,0.9999999999999479,0.9999999999999478,3840,960
S2,SMOTETomek,50,0,LR,0.6371543113631808,0.47784722222222226,0.4827586206896552,0.484375,0.9999999999999479,0.9999999999999478,3840,960
S2,SMOTETomek,50,0,DT,0.991705647955648,0.9947916666666666,0.9947970863683663,0.9947916666666667,0.9999999999999479,0.9999999999999478,3840,960
S2,SMOTETomek,50,0,XGB,0.9996891374707341,0.9997504340277777,0.997920997920998,0.9979166666666667,0.9999999999999479,0.9999999999999478,3840,960
S2,SMOTETomek,50,1,KNN,1.0,1.0,0.9989594172736732,0.9989583333333334,0.9999999999999479,0.9999999999999478,3840,960
S2,SMOTETomek,50,1,RF,0.9994371497125252,0.9996223958333333,0.9968847352024922,0.996875,0.9999999999999479,0.9999999999999478,3840,960
S2,SMOTETomek,50,1,LR,0.6436270181667986,0.47470052083333336,0.4773922187171398,0.4822916666666667,0.9999999999999479,0.9999999999999478,3840,960
S2,SMOTETomek,50,1,DT,0.9948089916839917,0.9968750000000001,0.9968782518210197,0.996875,0.9999999999999479,0.9999999999999478,3840,960
S2,SMOTETomek,50,1,XGB,0.9997642019821829,0.9997743055555555,0.9968782518210197,0.996875,0.9999999999999479,0.9999999999999478,3840,960
S2,SMOTETomek,50,2,KNN,1.0,1.0,0.9989572471324296,0.9989583333333334,0.9999999999999479,0.9999999999999478,3840,960
S2,SMOTETomek,50,2,RF,0.9997761696794961,0.9998046875,0.9937759336099585,0.99375,0.9999999999999479,0.9999999999999478,3840,960
S2,SMOTETomek,50,2,LR,0.6575374159035329,0.5004513888888888,0.5015045135406219,0.4822916666666667,0.9999999999999479,0.9999999999999478,3840,960
S2,SMOTETomek,50,2,DT,0.9876078329882678,0.9927083333333334,0.9927310488058152,0.9927083333333333,0.9999999999999479,0.9999999999999478,3840,960
S2,SMOTETomek,50,2,XGB,0.9996738821642279,0.9997439236111111,0.9968847352024922,0.996875,0.9999999999999479,0.9999999999999478,3840,960
S2,SMOTETomek,50,3,KNN,0.9968663465903729,0.9979014756944445,0.9958333333333333,0.9958333333333333,0.9999999999999479,0.9999999999999478,3840,960
S2,SMOTETomek,50,3,RF,0.9998695893937596,0.9998763020833333,0.9927461139896373,0.9927083333333333,0.9999999999999479,0.9999999999999478,3840,960
S2,SMOTETomek,50,3,LR,0.6453337996203021,0.4821354166666666,0.48586387434554973,0.48854166666666665,0.9999999999999479,0.9999999999999478,3840,960
S2,SMOTETomek,50,3,DT,0.9947960251046026,0.9958333333333332,0.9958246346555324,0.9958333333333333,0.9999999999999479,0.9999999999999478,3840,960
S2,SMOTETomek,50,3,XGB,0.9999438087233117,0.9999435763888888,0.9947970863683663,0.9947916666666667,0.9999999999999479,0.9999999999999478,3840,960
S2,GMR,5,42,KNN,0.9989583333333334,0.9989518229166667,0.9989572471324296,0.9989583333333334,0.9999999999999479,1.0015649452268647,3840,960
S2,GMR,5,42,RF,0.9997950755338236,0.9998068576388889,0.9958419958419958,0.9958333333333333,0.9999999999999479,1.0015649452268647,3840,960
S2,GMR,5,42,LR,0.6351150554987258,0.46279513888888885,0.45989304812834225,0.47395833333333337,0.9999999999999479,1.0015649452268647,3840,960
S2,GMR,5,42,DT,0.9896224773834378,0.9927083333333333,0.9927007299270073,0.9927083333333333,0.9999999999999479,1.0015649452268647,3840,960
S2,GMR,5,42,XGB,0.9980717162225076,0.9984461805555555,0.9947970863683663,0.9947916666666667,0.9999999999999479,1.0015649452268647,3840,960
S2,GMR,5,0,KNN,1.0,1.0,0.9989572471324296,0.9989583333333334,0.9999999999999479,1.000521104742001,3840,960
S2,GMR,5,0,RF,0.9997492653331549,0.9997634548611112,0.9937629937629938,0.99375,0.9999999999999479,1.000521104742001,3840,960
S2,GMR,5,0,LR,0.6370868593206203,0.47785590277777773,0.4779874213836478,0.48124999999999996,0.9999999999999479,1.000521104742001,3840,960
S2,GMR,5,0,DT,0.991705647955648,0.9947916666666666,0.9947970863683663,0.9947916666666667,0.9999999999999479,1.000521104742001,3840,960
S2,GMR,5,0,XGB,0.9996539248428313,0.9997048611111111,0.9947970863683663,0.9947916666666667,0.9999999999999479,1.000521104742001,3840,960
S2,GMR,5,1,KNN,1.0,1.0,0.9989594172736732,0.9989583333333334,0.9999999999999479,0.9989583333332813,3840,960
S2,GMR,5,1,RF,0.999545401385314,0.9996744791666667,0.9968847352024922,0.996875,0.9999999999999479,0.9989583333332813,3840,960
S2,GMR,5,1,LR,0.6436491288108097,0.47470052083333336,0.4773922187171398,0.4822916666666667,0.9999999999999479,0.9989583333332813,3840,960
S2,GMR,5,1,DT,0.9948089916839917,0.9968750000000001,0.9968782518210197,0.996875,0.9999999999999479,0.9989583333332813,3840,960
S2,GMR,5,1,XGB,0.9993019184833547,0.9994075520833333,0.997920997920998,0.9979166666666667,0.9999999999999479,0.9989583333332813,3840,960
S2,GMR,5,2,KNN,1.0,1.0,0.9989572471324296,0.9989583333333334,0.9999999999999479,0.9999999999999478,3840,960
S2,GMR,5,2,RF,0.9998630455398145,0.9998719618055556,0.9948078920041536,0.9947916666666667,0.9999999999999479,0.9999999999999478,3840,960
S2,GMR,5,2,LR,0.6558524498758997,0.5011979166666667,0.5020161290322581,0.4854166666666667,0.9999999999999479,0.9999999999999478,3840,960
S2,GMR,5,2,DT,0.989652489626556,0.99375,0.9937629937629938,0.99375,0.9999999999999479,0.9999999999999478,3840,960
S2,GMR,5,2,XGB,0.9993763296448114,0.9994986979166667,0.9947970863683663,0.9947916666666667,0.9999999999999479,0.9999999999999478,3840,960
S2,GMR,5,3,KNN,0.9968663465903729,0.9979058159722223,0.9968717413972888,0.996875,0.9999999999999479,1.000521376433733,3840,960
S2,GMR,5,3,RF,0.9998515906808236,0.9998632812500001,0.9927310488058152,0.9927083333333333,0.9999999999999479,1.000521376433733,3840,960
S2,GMR,5,3,LR,0.6462555509104446,0.48266059027777775,0.4773922187171398,0.4822916666666667,0.9999999999999479,1.000521376433733,3840,960
S2,GMR,5,3,DT,0.9937543675751223,0.9947916666666667,0.9947753396029259,0.9947916666666667,0.9999999999999479,1.000521376433733,3840,960
S2,GMR,5,3,XGB,0.999961152051271,0.9999609375,0.9968782518210197,0.996875,0.9999999999999479,1.000521376433733,3840,960
S2,GMR,10,42,KNN,0.9989583333333334,0.9989518229166667,0.9989572471324296,0.9989583333333334,0.9999999999999479,1.0015649452268647,3840,960
S2,GMR,10,42,RF,0.9997950755338236,0.9998068576388889,0.9958419958419958,0.9958333333333333,0.9999999999999479,1.0015649452268647,3840,960
S2,GMR,10,42,LR,0.6351150554987258,0.46279513888888885,0.45989304812834225,0.47395833333333337,0.9999999999999479,1.0015649452268647,3840,960
S2,GMR,10,42,DT,0.9896224773834378,0.9927083333333333,0.9927007299270073,0.9927083333333333,0.9999999999999479,1.0015649452268647,3840,960
S2,GMR,10,42,XGB,0.9980717162225076,0.9984461805555555,0.9947970863683663,0.9947916666666667,0.9999999999999479,1.0015649452268647,3840,960
S2,GMR,10,0,KNN,1.0,1.0,0.9989572471324296,0.9989583333333334,0.9999999999999479,1.000521104742001,3840,960
S2,GMR,10,0,RF,0.9997492653331549,0.9997634548611112,0.9937629937629938,0.99375,0.9999999999999479,1.000521104742001,3840,960
S2,GMR,10,0,LR,0.6370868593206203,0.47785590277777773,0.4779874213836478,0.48124999999999996,0.9999999999999479,1.000521104742001,3840,960
S2,GMR,10,0,DT,0.991705647955648,0.9947916666666666,0.9947970863683663,0.9947916666666667,0.9999999999999479,1.000521104742001,3840,960
S2,GMR,10,0,XGB,0.9996539248428313,0.9997048611111111,0.9947970863683663,0.9947916666666667,0.9999999999999479,1.000521104742001,3840,960
S2,GMR,10,1,KNN,1.0,1.0,0.9989594172736732,0.9989583333333334,0.9999999999999479,0.9989583333332813,3840,960
S2,GMR,10,1,RF,0.999545401385314,0.9996744791666667,0.9968847352024922,0.996875,0.9999999999999479,0.9989583333332813,3840,960
S2,GMR,10,1,LR,0.6436491288108097,0.47470052083333336,0.4773922187171398,0.4822916666666667,0.9999999999999479,0.9989583333332813,3840,960
S2,GMR,10,1,DT,0.9948089916839917,0.9968750000000001,0.9968782518210197,0.996875,0.9999999999999479,0.9989583333332813,3840,960
S2,GMR,10,1,XGB,0.9993019184833547,0.9994075520833333,0.997920997920998,0.9979166666666667,0.9999999999999479,0.9989583333332813,3840,960
S2,GMR,10,2,KNN,1.0,1.0,0.9989572471324296,0.9989583333333334,0.9999999999999479,0.9999999999999478,3840,960
S2,GMR,10,2,RF,0.9998630455398145,0.9998719618055556,0.9948078920041536,0.9947916666666667,0.9999999999999479,0.9999999999999478,3840,960
S2,GMR,10,2,LR,0.6558524498758997,0.5011979166666667,0.5020161290322581,0.4854166666666667,0.9999999999999479,0.9999999999999478,3840,960
S2,GMR,10,2,DT,0.989652489626556,0.99375,0.9937629937629938,0.99375,0.9999999999999479,0.9999999999999478,3840,960
S2,GMR,10,2,XGB,0.9993763296448114,0.9994986979166667,0.9947970863683663,0.9947916666666667,0.9999999999999479,0.9999999999999478,3840,960
S2,GMR,10,3,KNN,0.9968663465903729,0.9979058159722223,0.9968717413972888,0.996875,0.9999999999999479,1.000521376433733,3840,960
S2,GMR,10,3,RF,0.9998515906808236,0.9998632812500001,0.9927310488058152,0.9927083333333333,0.9999999999999479,1.000521376433733,3840,960
S2,GMR,10,3,LR,0.6462555509104446,0.48266059027777775,0.4773922187171398,0.4822916666666667,0.9999999999999479,1.000521376433733,3840,960
S2,GMR,10,3,DT,0.9937543675751223,0.9947916666666667,0.9947753396029259,0.9947916666666667,0.9999999999999479,1.000521376433733,3840,960
S2,GMR,10,3,XGB,0.999961152051271,0.9999609375,0.9968782518210197,0.996875,0.9999999999999479,1.000521376433733,3840,960
S2,GMR,20,42,KNN,0.9989583333333334,0.9989518229166667,0.9989572471324296,0.9989583333333334,0.9999999999999479,1.0015649452268647,3840,960
S2,GMR,20,42,RF,0.9997950755338236,0.9998068576388889,0.9958419958419958,0.9958333333333333,0.9999999999999479,1.0015649452268647,3840,960
S2,GMR,20,42,LR,0.6351150554987258,0.46279513888888885,0.45989304812834225,0.47395833333333337,0.9999999999999479,1.0015649452268647,3840,960
S2,GMR,20,42,DT,0.9896224773834378,0.9927083333333333,0.9927007299270073,0.9927083333333333,0.9999999999999479,1.0015649452268647,3840,960
S2,GMR,20,42,XGB,0.9980717162225076,0.9984461805555555,0.9947970863683663,0.9947916666666667,0.9999999999999479,1.0015649452268647,3840,960
S2,GMR,20,0,KNN,1.0,1.0,0.9989572471324296,0.9989583333333334,0.9999999999999479,1.000521104742001,3840,960
S2,GMR,20,0,RF,0.9997492653331549,0.9997634548611112,0.9937629937629938,0.99375,0.9999999999999479,1.000521104742001,3840,960
S2,GMR,20,0,LR,0.6370868593206203,0.47785590277777773,0.4779874213836478,0.48124999999999996,0.9999999999999479,1.000521104742001,3840,960
S2,GMR,20,0,DT,0.991705647955648,0.9947916666666666,0.9947970863683663,0.9947916666666667,0.9999999999999479,1.000521104742001,3840,960
S2,GMR,20,0,XGB,0.9996539248428313,0.9997048611111111,0.9947970863683663,0.9947916666666667,0.9999999999999479,1.000521104742001,3840,960
S2,GMR,20,1,KNN,1.0,1.0,0.9989594172736732,0.9989583333333334,0.9999999999999479,0.9989583333332813,3840,960
S2,GMR,20,1,RF,0.999545401385314,0.9996744791666667,0.9968847352024922,0.996875,0.9999999999999479,0.9989583333332813,3840,960
S2,GMR,20,1,LR,0.6436491288108097,0.47470052083333336,0.4773922187171398,0.4822916666666667,0.9999999999999479,0.9989583333332813,3840,960
S2,GMR,20,1,DT,0.9948089916839917,0.9968750000000001,0.9968782518210197,0.996875,0.9999999999999479,0.9989583333332813,3840,960
S2,GMR,20,1,XGB,0.9993019184833547,0.9994075520833333,0.997920997920998,0.9979166666666667,0.9999999999999479,0.9989583333332813,3840,960
S2,GMR,20,2,KNN,1.0,1.0,0.9989572471324296,0.9989583333333334,0.9999999999999479,0.9999999999999478,3840,960
S2,GMR,20,2,RF,0.9998630455398145,0.9998719618055556,0.9948078920041536,0.9947916666666667,0.9999999999999479,0.9999999999999478,3840,960
S2,GMR,20,2,LR,0.6558524498758997,0.5011979166666667,0.5020161290322581,0.4854166666666667,0.9999999999999479,0.9999999999999478,3840,960
S2,GMR,20,2,DT,0.989652489626556,0.99375,0.9937629937629938,0.99375,0.9999999999999479,0.9999999999999478,3840,960
S2,GMR,20,2,XGB,0.9993763296448114,0.9994986979166667,0.9947970863683663,0.9947916666666667,0.9999999999999479,0.9999999999999478,3840,960
S2,GMR,20,3,KNN,0.9968663465903729,0.9979058159722223,0.9968717413972888,0.996875,0.9999999999999479,1.000521376433733,3840,960
S2,GMR,20,3,RF,0.9998515906808236,0.9998632812500001,0.9927310488058152,0.9927083333333333,0.9999999999999479,1.000521376433733,3840,960
S2,GMR,20,3,LR,0.6462555509104446,0.48266059027777775,0.4773922187171398,0.4822916666666667,0.9999999999999479,1.000521376433733,3840,960
S2,GMR,20,3,DT,0.9937543675751223,0.9947916666666667,0.9947753396029259,0.9947916666666667,0.9999999999999479,1.000521376433733,3840,960
S2,GMR,20,3,XGB,0.999961152051271,0.9999609375,0.9968782518210197,0.996875,0.9999999999999479,1.000521376433733,3840,960
S2,GMR,50,42,KNN,0.9989583333333334,0.9989518229166667,0.9989572471324296,0.9989583333333334,0.9999999999999479,1.0015649452268647,3840,960
S2,GMR,50,42,RF,0.9997950755338236,0.9998068576388889,0.9958419958419958,0.9958333333333333,0.9999999999999479,1.0015649452268647,3840,960
S2,GMR,50,42,LR,0.6351150554987258,0.46279513888888885,0.45989304812834225,0.47395833333333337,0.9999999999999479,1.0015649452268647,3840,960
S2,GMR,50,42,DT,0.9896224773834378,0.9927083333333333,0.9927007299270073,0.9927083333333333,0.9999999999999479,1.0015649452268647,3840,960
S2,GMR,50,42,XGB,0.9980717162225076,0.9984461805555555,0.9947970863683663,0.9947916666666667,0.9999999999999479,1.0015649452268647,3840,960
S2,GMR,50,0,KNN,1.0,1.0,0.9989572471324296,0.9989583333333334,0.9999999999999479,1.000521104742001,3840,960
S2,GMR,50,0,RF,0.9997492653331549,0.9997634548611112,0.9937629937629938,0.99375,0.9999999999999479,1.000521104742001,3840,960
S2,GMR,50,0,LR,0.6370868593206203,0.47785590277777773,0.4779874213836478,0.48124999999999996,0.9999999999999479,1.000521104742001,3840,960
S2,GMR,50,0,DT,0.991705647955648,0.9947916666666666,0.9947970863683663,0.9947916666666667,0.9999999999999479,1.000521104742001,3840,960
S2,GMR,50,0,XGB,0.9996539248428313,0.9997048611111111,0.9947970863683663,0.9947916666666667,0.9999999999999479,1.000521104742001,3840,960
S2,GMR,50,1,KNN,1.0,1.0,0.9989594172736732,0.9989583333333334,0.9999999999999479,0.9989583333332813,3840,960
S2,GMR,50,1,RF,0.999545401385314,0.9996744791666667,0.9968847352024922,0.996875,0.9999999999999479,0.9989583333332813,3840,960
S2,GMR,50,1,LR,0.6436491288108097,0.47470052083333336,0.4773922187171398,0.4822916666666667,0.9999999999999479,0.9989583333332813,3840,960
S2,GMR,50,1,DT,0.9948089916839917,0.9968750000000001,0.9968782518210197,0.996875,0.9999999999999479,0.9989583333332813,3840,960
S2,GMR,50,1,XGB,0.9993019184833547,0.9994075520833333,0.997920997920998,0.9979166666666667,0.9999999999999479,0.9989583333332813,3840,960
S2,GMR,50,2,KNN,1.0,1.0,0.9989572471324296,0.9989583333333334,0.9999999999999479,0.9999999999999478,3840,960
S2,GMR,50,2,RF,0.9998630455398145,0.9998719618055556,0.9948078920041536,0.9947916666666667,0.9999999999999479,0.9999999999999478,3840,960
S2,GMR,50,2,LR,0.6558524498758997,0.5011979166666667,0.5020161290322581,0.4854166666666667,0.9999999999999479,0.9999999999999478,3840,960
S2,GMR,50,2,DT,0.989652489626556,0.99375,0.9937629937629938,0.99375,0.9999999999999479,0.9999999999999478,3840,960
S2,GMR,50,2,XGB,0.9993763296448114,0.9994986979166667,0.9947970863683663,0.9947916666666667,0.9999999999999479,0.9999999999999478,3840,960
S2,GMR,50,3,KNN,0.9968663465903729,0.9979058159722223,0.9968717413972888,0.996875,0.9999999999999479,1.000521376433733,3840,960
S2,GMR,50,3,RF,0.9998515906808236,0.9998632812500001,0.9927310488058152,0.9927083333333333,0.9999999999999479,1.000521376433733,3840,960
S2,GMR,50,3,LR,0.6462555509104446,0.48266059027777775,0.4773922187171398,0.4822916666666667,0.9999999999999479,1.000521376433733,3840,960
S2,GMR,50,3,DT,0.9937543675751223,0.9947916666666667,0.9947753396029259,0.9947916666666667,0.9999999999999479,1.000521376433733,3840,960
S2,GMR,50,3,XGB,0.999961152051271,0.9999609375,0.9968782518210197,0.996875,0.9999999999999479,1.000521376433733,3840,960
S3,None,5,42,KNN,1.0,1.0,1.0,1.0,0.9999999999999479,0.9999999999999479,3840,960
S3,None,5,42,RF,1.0,1.0,1.0,1.0,0.9999999999999479,0.9999999999999479,3840,960
S3,None,5,42,LR,0.9671513198998454,0.9646267361111112,0.8858638743455497,0.8864583333333333,0.9999999999999479,0.9999999999999479,3840,960
S3,None,5,42,DT,0.9958376826722338,0.996875,0.9968717413972888,0.996875,0.9999999999999479,0.9999999999999479,3840,960
S3,None,5,42,XGB,0.9999956687456686,0.9999956597222222,0.9979166666666667,0.9979166666666667,0.9999999999999479,0.9999999999999479,3840,960
S3,None,5,0,KNN,1.0,1.0,1.0,1.0,0.9999999999999479,0.9999999999999479,3840,960
S3,None,5,0,RF,1.0,1.0,1.0,1.0,0.9999999999999479,0.9999999999999479,3840,960
S3,None,5,0,LR,0.9635560463807075,0.9618532986111111,0.8821052631578947,0.8833333333333333,0.9999999999999479,0.9999999999999479,3840,960
S3,None,5,0,DT,1.0,1.0,1.0,1.0,0.9999999999999479,0.9999999999999479,3840,960
S3,None,5,0,XGB,0.9999999999999999,1.0,1.0,1.0,0.9999999999999479,0.9999999999999479,3840,960
S3,None,5,1,KNN,1.0,1.0,1.0,1.0,0.9999999999999479,0.9999999999999479,3840,960
S3,None,5,1,RF,0.9999654662252663,0.9999652777777779,0.9958333333333333,0.9958333333333333,0.9999999999999479,0.9999999999999479,3840,960
S3,None,5,1,LR,0.9667809838082433,0.9643923611111112,0.8831725616291533,0.8864583333333333,0.9999999999999479,0.9999999999999479,3840,960
S3,None,5,1,DT,0.9906940131124913,0.9947916666666667,0.9948078920041536,0.9947916666666667,0.9999999999999479,0.9999999999999479,3840,960
S3,None,5,1,XGB,0.9999782531159322,0.99998046875,0.997920997920998,0.9979166666666667,0.9999999999999479,0.9999999999999479,3840,960
S3,None,5,2,KNN,1.0,1.0,1.0,1.0,0.9999999999999479,0.9999999999999479,3840,960
S3,None,5,2,RF,1.0,1.0,1.0,1.0,0.9999999999999479,0.9999999999999479,3840,960
S3,None,5,2,LR,0.9657364138229505,0.9637109375,0.8835257082896117,0.884375,0.9999999999999479,0.9999999999999479,3840,960
S3,None,5,2,DT,0.9948089916839917,0.9968750000000001,0.9968782518210197,0.996875,0.9999999999999479,0.9999999999999479,3840,960
S3,None,5,2,XGB,0.9999999999999999,1.0,0.9989572471324296,0.9989583333333334,0.9999999999999479,0.9999999999999479,3840,960
S3,None,5,3,KNN,1.0,1.0,1.0,1.0,0.9999999999999479,0.9999999999999479,3840,960
S3,None,5,3,RF,1.0,1.0,1.0,1.0,0.9999999999999479,0.9999999999999479,3840,960
S3,None,5,3,LR,0.9649103131123753,0.9633203125,0.8783068783068783,0.8802083333333334,0.9999999999999479,0.9999999999999479,3840,960
S3,None,5,3,DT,1.0,1.0,1.0,1.0,0.9999999999999479,0.9999999999999479,3840,960
S3,None,5,3,XGB,1.0,1.0,0.9989572471324296,0.9989583333333334,0.9999999999999479,0.9999999999999479,3840,960
S3,None,10,42,KNN,1.0,1.0,1.0,1.0,0.9999999999999479,0.9999999999999479,3840,960
S3,None,10,42,RF,1.0,1.0,1.0,1.0,0.9999999999999479,0.9999999999999479,3840,960
S3,None,10,42,LR,0.9671513198998454,0.9646267361111112,0.8858638743455497,0.8864583333333333,0.9999999999999479,0.9999999999999479,3840,960
S3,None,10,42,DT,0.9958376826722338,0.996875,0.9968717413972888,0.996875,0.9999999999999479,0.9999999999999479,3840,960
S3,None,10,42,XGB,0.9999956687456686,0.9999956597222222,0.9979166666666667,0.9979166666666667,0.9999999999999479,0.9999999999999479,3840,960
S3,None,10,0,KNN,1.0,1.0,1.0,1.0,0.9999999999999479,0.9999999999999479,3840,960
S3,None,10,0,RF,1.0,1.0,1.0,1.0,0.9999999999999479,0.9999999999999479,3840,960
S3,None,10,0,LR,0.9635560463807075,0.9618532986111111,0.8821052631578947,0.8833333333333333,0.9999999999999479,0.9999999999999479,3840,960
S3,None,10,0,DT,1.0,1.0,1.0,1.0,0.9999999999999479,0.9999999999999479,3840,960
S3,None,10,0,XGB,0.9999999999999999,1.0,1.0,1.0,0.9999999999999479,0.9999999999999479,3840,960
S3,None,10,1,KNN,1.0,1.0,1.0,1.0,0.9999999999999479,0.9999999999999479,3840,960
S3,None,10,1,RF,0.9999654662252663,0.9999652777777779,0.9958333333333333,0.9958333333333333,0.9999999999999479,0.9999999999999479,3840,960
S3,None,10,1,LR,0.9667809838082433,0.9643923611111112,0.8831725616291533,0.8864583333333333,0.9999999999999479,0.9999999999999479,3840,960
S3,None,10,1,DT,0.9906940131124913,0.9947916666666667,0.9948078920041536,0.9947916666666667,0.9999999999999479,0.9999999999999479,3840,960
S3,None,10,1,XGB,0.9999782531159322,0.99998046875,0.997920997920998,0.9979166666666667,0.9999999999999479,0.9999999999999479,3840,960
S3,None,10,2,KNN,1.0,1.0,1.0,1.0,0.9999999999999479,0.9999999999999479,3840,960
S3,None,10,2,RF,1.0,1.0,1.0,1.0,0.9999999999999479,0.9999999999999479,3840,960
S3,None,10,2,LR,0.9657364138229505,0.9637109375,0.8835257082896117,0.884375,0.9999999999999479,0.9999999999999479,3840,960
S3,None,10,2,DT,0.9948089916839917,0.9968750000000001,0.9968782518210197,0.996875,0.9999999999999479,0.9999999999999479,3840,960
S3,None,10,2,XGB,0.9999999999999999,1.0,0.9989572471324296,0.9989583333333334,0.9999999999999479,0.9999999999999479,3840,960
S3,None,10,3,KNN,1.0,1.0,1.0,1.0,0.9999999999999479,0.9999999999999479,3840,960
S3,None,10,3,RF,1.0,1.0,1.0,1.0,0.9999999999999479,0.9999999999999479,3840,960
S3,None,10,3,LR,0.9649103131123753,0.9633203125,0.8783068783068783,0.8802083333333334,0.9999999999999479,0.9999999999999479,3840,960
S3,None,10,3,DT,1.0,1.0,1.0,1.0,0.9999999999999479,0.9999999999999479,3840,960
S3,None,10,3,XGB,1.0,1.0,0.9989572471324296,0.9989583333333334,0.9999999999999479,0.9999999999999479,3840,960
S3,None,20,42,KNN,1.0,1.0,1.0,1.0,0.9999999999999479,0.9999999999999479,3840,960
S3,None,20,42,RF,1.0,1.0,1.0,1.0,0.9999999999999479,0.9999999999999479,3840,960
S3,None,20,42,LR,0.9671513198998454,0.9646267361111112,0.8858638743455497,0.8864583333333333,0.9999999999999479,0.9999999999999479,3840,960
S3,None,20,42,DT,0.9958376826722338,0.996875,0.9968717413972888,0.996875,0.9999999999999479,0.9999999999999479,3840,960
S3,None,20,42,XGB,0.9999956687456686,0.9999956597222222,0.9979166666666667,0.9979166666666667,0.9999999999999479,0.9999999999999479,3840,960
S3,None,20,0,KNN,1.0,1.0,1.0,1.0,0.9999999999999479,0.9999999999999479,3840,960
S3,None,20,0,RF,1.0,1.0,1.0,1.0,0.9999999999999479,0.9999999999999479,3840,960
S3,None,20,0,LR,0.9635560463807075,0.9618532986111111,0.8821052631578947,0.8833333333333333,0.9999999999999479,0.9999999999999479,3840,960
S3,None,20,0,DT,1.0,1.0,1.0,1.0,0.9999999999999479,0.9999999999999479,3840,960
S3,None,20,0,XGB,0.9999999999999999,1.0,1.0,1.0,0.9999999999999479,0.9999999999999479,3840,960
S3,None,20,1,KNN,1.0,1.0,1.0,1.0,0.9999999999999479,0.9999999999999479,3840,960
S3,None,20,1,RF,0.9999654662252663,0.9999652777777779,0.9958333333333333,0.9958333333333333,0.9999999999999479,0.9999999999999479,3840,960
S3,None,20,1,LR,0.9667809838082433,0.9643923611111112,0.8831725616291533,0.8864583333333333,0.9999999999999479,0.9999999999999479,3840,960
S3,None,20,1,DT,0.9906940131124913,0.9947916666666667,0.9948078920041536,0.9947916666666667,0.9999999999999479,0.9999999999999479,3840,960
S3,None,20,1,XGB,0.9999782531159322,0.99998046875,0.997920997920998,0.9979166666666667,0.9999999999999479,0.9999999999999479,3840,960
S3,None,20,2,KNN,1.0,1.0,1.0,1.0,0.9999999999999479,0.9999999999999479,3840,960
S3,None,20,2,RF,1.0,1.0,1.0,1.0,0.9999999999999479,0.9999999999999479,3840,960
S3,None,20,2,LR,0.9657364138229505,0.9637109375,0.8835257082896117,0.884375,0.9999999999999479,0.9999999999999479,3840,960
S3,None,20,2,DT,0.9948089916839917,0.9968750000000001,0.9968782518210197,0.996875,0.9999999999999479,0.9999999999999479,3840,960
S3,None,20,2,XGB,0.9999999999999999,1.0,0.9989572471324296,0.9989583333333334,0.9999999999999479,0.9999999999999479,3840,960
S3,None,20,3,KNN,1.0,1.0,1.0,1.0,0.9999999999999479,0.9999999999999479,3840,960
S3,None,20,3,RF,1.0,1.0,1.0,1.0,0.9999999999999479,0.9999999999999479,3840,960
S3,None,20,3,LR,0.9649103131123753,0.9633203125,0.8783068783068783,0.8802083333333334,0.9999999999999479,0.9999999999999479,3840,960
S3,None,20,3,DT,1.0,1.0,1.0,1.0,0.9999999999999479,0.9999999999999479,3840,960
S3,None,20,3,XGB,1.0,1.0,0.9989572471324296,0.9989583333333334,0.9999999999999479,0.9999999999999479,3840,960
S3,None,50,42,KNN,1.0,1.0,1.0,1.0,0.9999999999999479,0.9999999999999479,3840,960
S3,None,50,42,RF,1.0,1.0,1.0,1.0,0.9999999999999479,0.9999999999999479,3840,960
S3,None,50,42,LR,0.9671513198998454,0.9646267361111112,0.8858638743455497,0.8864583333333333,0.9999999999999479,0.9999999999999479,3840,960
S3,None,50,42,DT,0.9958376826722338,0.996875,0.9968717413972888,0.996875,0.9999999999999479,0.9999999999999479,3840,960
S3,None,50,42,XGB,0.9999956687456686,0.9999956597222222,0.9979166666666667,0.9979166666666667,0.9999999999999479,0.9999999999999479,3840,960
S3,None,50,0,KNN,1.0,1.0,1.0,1.0,0.9999999999999479,0.9999999999999479,3840,960
S3,None,50,0,RF,1.0,1.0,1.0,1.0,0.9999999999999479,0.9999999999999479,3840,960
S3,None,50,0,LR,0.9635560463807075,0.9618532986111111,0.8821052631578947,0.8833333333333333,0.9999999999999479,0.9999999999999479,3840,960
S3,None,50,0,DT,1.0,1.0,1.0,1.0,0.9999999999999479,0.9999999999999479,3840,960
S3,None,50,0,XGB,0.9999999999999999,1.0,1.0,1.0,0.9999999999999479,0.9999999999999479,3840,960
S3,None,50,1,KNN,1.0,1.0,1.0,1.0,0.9999999999999479,0.9999999999999479,3840,960
S3,None,50,1,RF,0.9999654662252663,0.9999652777777779,0.9958333333333333,0.9958333333333333,0.9999999999999479,0.9999999999999479,3840,960
S3,None,50,1,LR,0.9667809838082433,0.9643923611111112,0.8831725616291533,0.8864583333333333,0.9999999999999479,0.9999999999999479,3840,960
S3,None,50,1,DT,0.9906940131124913,0.9947916666666667,0.9948078920041536,0.9947916666666667,0.9999999999999479,0.9999999999999479,3840,960
S3,None,50,1,XGB,0.9999782531159322,0.99998046875,0.997920997920998,0.9979166666666667,0.9999999999999479,0.9999999999999479,3840,960
S3,None,50,2,KNN,1.0,1.0,1.0,1.0,0.9999999999999479,0.9999999999999479,3840,960
S3,None,50,2,RF,1.0,1.0,1.0,1.0,0.9999999999999479,0.9999999999999479,3840,960
S3,None,50,2,LR,0.9657364138229505,0.9637109375,0.8835257082896117,0.884375,0.9999999999999479,0.9999999999999479,3840,960
S3,None,50,2,DT,0.9948089916839917,0.9968750000000001,0.9968782518210197,0.996875,0.9999999999999479,0.9999999999999479,3840,960
S3,None,50,2,XGB,0.9999999999999999,1.0,0.9989572471324296,0.9989583333333334,0.9999999999999479,0.9999999999999479,3840,960
S3,None,50,3,KNN,1.0,1.0,1.0,1.0,0.9999999999999479,0.9999999999999479,3840,960
S3,None,50,3,RF,1.0,1.0,1.0,1.0,0.9999999999999479,0.9999999999999479,3840,960
S3,None,50,3,LR,0.9649103131123753,0.9633203125,0.8783068783068783,0.8802083333333334,0.9999999999999479,0.9999999999999479,3840,960
S3,None,50,3,DT,1.0,1.0,1.0,1.0,0.9999999999999479,0.9999999999999479,3840,960
S3,None,50,3,XGB,1.0,1.0,0.9989572471324296,0.9989583333333334,0.9999999999999479,0.9999999999999479,3840,960
S3,TomekLinks,5,42,KNN,1.0,1.0,1.0,1.0,0.9999999999999479,0.9999999999999479,3840,960
S3,TomekLinks,5,42,RF,1.0,1.0,1.0,1.0,0.9999999999999479,0.9999999999999479,3840,960
S3,TomekLinks,5,42,LR,0.9671513198998454,0.9646267361111112,0.8858638743455497,0.8864583333333333,0.9999999999999479,0.9999999999999479,3840,960
S3,TomekLinks,5,42,DT,0.9958376826722338,0.996875,0.9968717413972888,0.996875,0.9999999999999479,0.9999999999999479,3840,960
S3,TomekLinks,5,42,XGB,0.9999956687456686,0.9999956597222222,0.9979166666666667,0.9979166666666667,0.9999999999999479,0.9999999999999479,3840,960
S3,TomekLinks,5,0,KNN,1.0,1.0,1.0,1.0,0.9999999999999479,0.9999999999999479,3840,960
S3,TomekLinks,5,0,RF,1.0,1.0,1.0,1.0,0.9999999999999479,0.9999999999999479,3840,960
S3,TomekLinks,5,0,LR,0.9635560463807075,0.9618532986111111,0.8821052631578947,0.8833333333333333,0.9999999999999479,0.9999999999999479,3840,960
S3,TomekLinks,5,0,DT,1.0,1.0,1.0,1.0,0.9999999999999479,0.9999999999999479,3840,960
S3,TomekLinks,5,0,XGB,0.9999999999999999,1.0,1.0,1.0,0.9999999999999479,0.9999999999999479,3840,960
S3,TomekLinks,5,1,KNN,1.0,1.0,1.0,1.0,0.9999999999999479,0.9999999999999479,3840,960
S3,TomekLinks,5,1,RF,0.9999654662252663,0.9999652777777779,0.9958333333333333,0.9958333333333333,0.9999999999999479,0.9999999999999479,3840,960
S3,TomekLinks,5,1,LR,0.9667809838082433,0.9643923611111112,0.8831725616291533,0.8864583333333333,0.9999999999999479,0.9999999999999479,3840,960
S3,TomekLinks,5,1,DT,0.9906940131124913,0.9947916666666667,0.9948078920041536,0.9947916666666667,0.9999999999999479,0.9999999999999479,3840,960
S3,TomekLinks,5,1,XGB,0.9999782531159322,0.99998046875,0.997920997920998,0.9979166666666667,0.9999999999999479,0.9999999999999479,3840,960
S3,TomekLinks,5,2,KNN,1.0,1.0,1.0,1.0,0.9999999999999479,1.000521104742001,3840,960
S3,TomekLinks,5,2,RF,1.0,1.0,1.0,1.0,0.9999999999999479,1.000521104742001,3840,960
S3,TomekLinks,5,2,LR,0.9657252194408943,0.9636979166666666,0.8835257082896117,0.884375,0.9999999999999479,1.000521104742001,3840,960
S3,TomekLinks,5,2,DT,0.9948089916839917,0.9968750000000001,0.9968782518210197,0.996875,0.9999999999999479,1.000521104742001,3840,960
S3,TomekLinks,5,2,XGB,0.9999999999999999,1.0,0.9989572471324296,0.9989583333333334,0.9999999999999479,1.000521104742001,3840,960
S3,TomekLinks,5,3,KNN,1.0,1.0,1.0,1.0,0.9999999999999479,0.9999999999999479,3840,960
S3,TomekLinks,5,3,RF,1.0,1.0,1.0,1.0,0.9999999999999479,0.9999999999999479,3840,960
S3,TomekLinks,5,3,LR,0.9649103131123753,0.9633203125,0.8783068783068783,0.8802083333333334,0.9999999999999479,0.9999999999999479,3840,960
S3,TomekLinks,5,3,DT,1.0,1.0,1.0,1.0,0.9999999999999479,0.9999999999999479,3840,960
S3,TomekLinks,5,3,XGB,1.0,1.0,0.9989572471324296,0.9989583333333334,0.9999999999999479,0.9999999999999479,3840,960
S3,TomekLinks,10,42,KNN,1.0,1.0,1.0,1.0,0.9999999999999479,0.9999999999999479,3840,960
S3,TomekLinks,10,42,RF,1.0,1.0,1.0,1.0,0.9999999999999479,0.9999999999999479,3840,960
S3,TomekLinks,10,42,LR,0.9671513198998454,0.9646267361111112,0.8858638743455497,0.8864583333333333,0.9999999999999479,0.9999999999999479,3840,960
S3,TomekLinks,10,42,DT,0.9958376826722338,0.996875,0.9968717413972888,0.996875,0.9999999999999479,0.9999999999999479,3840,960
S3,TomekLinks,10,42,XGB,0.9999956687456686,0.9999956597222222,0.9979166666666667,0.9979166666666667,0.9999999999999479,0.9999999999999479,3840,960
S3,TomekLinks,10,0,KNN,1.0,1.0,1.0,1.0,0.9999999999999479,0.9999999999999479,3840,960
S3,TomekLinks,10,0,RF,1.0,1.0,1.0,1.0,0.9999999999999479,0.9999999999999479,3840,960
S3,TomekLinks,10,0,LR,0.9635560463807075,0.9618532986111111,0.8821052631578947,0.8833333333333333,0.9999999999999479,0.9999999999999479,3840,960
S3,TomekLinks,10,0,DT,1.0,1.0,1.0,1.0,0.9999999999999479,0.9999999999999479,3840,960
S3,TomekLinks,10,0,XGB,0.9999999999999999,1.0,1.0,1.0,0.9999999999999479,0.9999999999999479,3840,960
S3,TomekLinks,10,1,KNN,1.0,1.0,1.0,1.0,0.9999999999999479,0.9999999999999479,3840,960
S3,TomekLinks,10,1,RF,0.9999654662252663,0.9999652777777779,0.9958333333333333,0.9958333333333333,0.9999999999999479,0.9999999999999479,3840,960
S3,TomekLinks,10,1,LR,0.9667809838082433,0.9643923611111112,0.8831725616291533,0.8864583333333333,0.9999999999999479,0.9999999999999479,3840,960
S3,TomekLinks,10,1,DT,0.9906940131124913,0.9947916666666667,0.9948078920041536,0.9947916666666667,0.9999999999999479,0.9999999999999479,3840,960
S3,TomekLinks,10,1,XGB,0.9999782531159322,0.99998046875,0.997920997920998,0.9979166666666667,0.9999999999999479,0.9999999999999479,3840,960
S3,TomekLinks,10,2,KNN,1.0,1.0,1.0,1.0,0.9999999999999479,1.000521104742001,3840,960
S3,TomekLinks,10,2,RF,1.0,1.0,1.0,1.0,0.9999999999999479,1.000521104742001,3840,960
S3,TomekLinks,10,2,LR,0.9657252194408943,0.9636979166666666,0.8835257082896117,0.884375,0.9999999999999479,1.000521104742001,3840,960
S3,TomekLinks,10,2,DT,0.9948089916839917,0.9968750000000001,0.9968782518210197,0.996875,0.9999999999999479,1.000521104742001,3840,960
S3,TomekLinks,10,2,XGB,0.9999999999999999,1.0,0.9989572471324296,0.9989583333333334,0.9999999999999479,1.000521104742001,3840,960
S3,TomekLinks,10,3,KNN,1.0,1.0,1.0,1.0,0.9999999999999479,0.9999999999999479,3840,960
S3,TomekLinks,10,3,RF,1.0,1.0,1.0,1.0,0.9999999999999479,0.9999999999999479,3840,960
S3,TomekLinks,10,3,LR,0.9649103131123753,0.9633203125,0.8783068783068783,0.8802083333333334,0.9999999999999479,0.9999999999999479,3840,960
S3,TomekLinks,10,3,DT,1.0,1.0,1.0,1.0,0.9999999999999479,0.9999999999999479,3840,960
S3,TomekLinks,10,3,XGB,1.0,1.0,0.9989572471324296,0.9989583333333334,0.9999999999999479,0.9999999999999479,3840,960
S3,TomekLinks,20,42,KNN,1.0,1.0,1.0,1.0,0.9999999999999479,0.9999999999999479,3840,960
S3,TomekLinks,20,42,RF,1.0,1.0,1.0,1.0,0.9999999999999479,0.9999999999999479,3840,960
S3,TomekLinks,20,42,LR,0.9671513198998454,0.9646267361111112,0.8858638743455497,0.8864583333333333,0.9999999999999479,0.9999999999999479,3840,960
S3,TomekLinks,20,42,DT,0.9958376826722338,0.996875,0.9968717413972888,0.996875,0.9999999999999479,0.9999999999999479,3840,960
S3,TomekLinks,20,42,XGB,0.9999956687456686,0.9999956597222222,0.9979166666666667,0.9979166666666667,0.9999999999999479,0.9999999999999479,3840,960
S3,TomekLinks,20,0,KNN,1.0,1.0,1.0,1.0,0.9999999999999479,0.9999999999999479,3840,960
S3,TomekLinks,20,0,RF,1.0,1.0,1.0,1.0,0.9999999999999479,0.9999999999999479,3840,960
S3,TomekLinks,20,0,LR,0.9635560463807075,0.9618532986111111,0.8821052631578947,0.8833333333333333,0.9999999999999479,0.9999999999999479,3840,960
S3,TomekLinks,20,0,DT,1.0,1.0,1.0,1.0,0.9999999999999479,0.9999999999999479,3840,960
S3,TomekLinks,20,0,XGB,0.9999999999999999,1.0,1.0,1.0,0.9999999999999479,0.9999999999999479,3840,960
S3,TomekLinks,20,1,KNN,1.0,1.0,1.0,1.0,0.9999999999999479,0.9999999999999479,3840,960
S3,TomekLinks,20,1,RF,0.9999654662252663,0.9999652777777779,0.9958333333333333,0.9958333333333333,0.9999999999999479,0.9999999999999479,3840,960
S3,TomekLinks,20,1,LR,0.9667809838082433,0.9643923611111112,0.8831725616291533,0.8864583333333333,0.9999999999999479,0.9999999999999479,3840,960
S3,TomekLinks,20,1,DT,0.9906940131124913,0.9947916666666667,0.9948078920041536,0.9947916666666667,0.9999999999999479,0.9999999999999479,3840,960
S3,TomekLinks,20,1,XGB,0.9999782531159322,0.99998046875,0.997920997920998,0.9979166666666667,0.9999999999999479,0.9999999999999479,3840,960
S3,TomekLinks,20,2,KNN,1.0,1.0,1.0,1.0,0.9999999999999479,1.000521104742001,3840,960
S3,TomekLinks,20,2,RF,1.0,1.0,1.0,1.0,0.9999999999999479,1.000521104742001,3840,960
S3,TomekLinks,20,2,LR,0.9657252194408943,0.9636979166666666,0.8835257082896117,0.884375,0.9999999999999479,1.000521104742001,3840,960
S3,TomekLinks,20,2,DT,0.9948089916839917,0.9968750000000001,0.9968782518210197,0.996875,0.9999999999999479,1.000521104742001,3840,960
S3,TomekLinks,20,2,XGB,0.9999999999999999,1.0,0.9989572471324296,0.9989583333333334,0.9999999999999479,1.000521104742001,3840,960
S3,TomekLinks,20,3,KNN,1.0,1.0,1.0,1.0,0.9999999999999479,0.9999999999999479,3840,960
S3,TomekLinks,20,3,RF,1.0,1.0,1.0,1.0,0.9999999999999479,0.9999999999999479,3840,960
S3,TomekLinks,20,3,LR,0.9649103131123753,0.9633203125,0.8783068783068783,0.8802083333333334,0.9999999999999479,0.9999999999999479,3840,960
S3,TomekLinks,20,3,DT,1.0,1.0,1.0,1.0,0.9999999999999479,0.9999999999999479,3840,960
S3,TomekLinks,20,3,XGB,1.0,1.0,0.9989572471324296,0.9989583333333334,0.9999999999999479,0.9999999999999479,3840,960
S3,TomekLinks,50,42,KNN,1.0,1.0,1.0,1.0,0.9999999999999479,0.9999999999999479,3840,960
S3,TomekLinks,50,42,RF,1.0,1.0,1.0,1.0,0.9999999999999479,0.9999999999999479,3840,960
S3,TomekLinks,50,42,LR,0.9671513198998454,0.9646267361111112,0.8858638743455497,0.8864583333333333,0.9999999999999479,0.9999999999999479,3840,960
S3,TomekLinks,50,42,DT,0.9958376826722338,0.996875,0.9968717413972888,0.996875,0.9999999999999479,0.9999999999999479,3840,960
S3,TomekLinks,50,42,XGB,0.9999956687456686,0.9999956597222222,0.9979166666666667,0.9979166666666667,0.9999999999999479,0.9999999999999479,3840,960
S3,TomekLinks,50,0,KNN,1.0,1.0,1.0,1.0,0.9999999999999479,0.9999999999999479,3840,960
S3,TomekLinks,50,0,RF,1.0,1.0,1.0,1.0,0.9999999999999479,0.9999999999999479,3840,960
S3,TomekLinks,50,0,LR,0.9635560463807075,0.9618532986111111,0.8821052631578947,0.8833333333333333,0.9999999999999479,0.9999999999999479,3840,960
S3,TomekLinks,50,0,DT,1.0,1.0,1.0,1.0,0.9999999999999479,0.9999999999999479,3840,960
S3,TomekLinks,50,0,XGB,0.9999999999999999,1.0,1.0,1.0,0.9999999999999479,0.9999999999999479,3840,960
S3,TomekLinks,50,1,KNN,1.0,1.0,1.0,1.0,0.9999999999999479,0.9999999999999479,3840,960
S3,TomekLinks,50,1,RF,0.9999654662252663,0.9999652777777779,0.9958333333333333,0.9958333333333333,0.9999999999999479,0.9999999999999479,3840,960
S3,TomekLinks,50,1,LR,0.9667809838082433,0.9643923611111112,0.8831725616291533,0.8864583333333333,0.9999999999999479,0.9999999999999479,3840,960
S3,TomekLinks,50,1,DT,0.9906940131124913,0.9947916666666667,0.9948078920041536,0.9947916666666667,0.9999999999999479,0.9999999999999479,3840,960
S3,TomekLinks,50,1,XGB,0.9999782531159322,0.99998046875,0.997920997920998,0.9979166666666667,0.9999999999999479,0.9999999999999479,3840,960
S3,TomekLinks,50,2,KNN,1.0,1.0,1.0,1.0,0.9999999999999479,1.000521104742001,3840,960
S3,TomekLinks,50,2,RF,1.0,1.0,1.0,1.0,0.9999999999999479,1.000521104742001,3840,960
S3,TomekLinks,50,2,LR,0.9657252194408943,0.9636979166666666,0.8835257082896117,0.884375,0.9999999999999479,1.000521104742001,3840,960
S3,TomekLinks,50,2,DT,0.9948089916839917,0.9968750000000001,0.9968782518210197,0.996875,0.9999999999999479,1.000521104742001,3840,960
S3,TomekLinks,50,2,XGB,0.9999999999999999,1.0,0.9989572471324296,0.9989583333333334,0.9999999999999479,1.000521104742001,3840,960
S3,TomekLinks,50,3,KNN,1.0,1.0,1.0,1.0,0.9999999999999479,0.9999999999999479,3840,960
S3,TomekLinks,50,3,RF,1.0,1.0,1.0,1.0,0.9999999999999479,0.9999999999999479,3840,960
S3,TomekLinks,50,3,LR,0.9649103131123753,0.9633203125,0.8783068783068783,0.8802083333333334,0.9999999999999479,0.9999999999999479,3840,960
S3,TomekLinks,50,3,DT,1.0,1.0,1.0,1.0,0.9999999999999479,0.9999999999999479,3840,960
S3,TomekLinks,50,3,XGB,1.0,1.0,0.9989572471324296,0.9989583333333334,0.9999999999999479,0.9999999999999479,3840,960
S3,SMOTE,5,42,KNN,1.0,1.0,1.0,1.0,0.9999999999999479,0.9999999999999479,3840,960
S3,SMOTE,5,42,RF,1.0,1.0,1.0,1.0,0.9999999999999479,0.9999999999999479,3840,960
S3,SMOTE,5,42,LR,0.9671513198998454,0.9646267361111112,0.8858638743455497,0.8864583333333333,0.9999999999999479,0.9999999999999479,3840,960
S3,SMOTE,5,42,DT,0.9958376826722338,0.996875,0.9968717413972888,0.996875,0.9999999999999479,0.9999999999999479,3840,960
S3,SMOTE,5,42,XGB,0.9999956687456686,0.9999956597222222,0.9979166666666667,0.9979166666666667,0.9999999999999479,0.9999999999999479,3840,960
S3,SMOTE,5,0,KNN,1.0,1.0,1.0,1.0,0.9999999999999479,0.9999999999999479,3840,960
S3,SMOTE,5,0,RF,1.0,1.0,1.0,1.0,0.9999999999999479,0.9999999999999479,3840,960
S3,SMOTE,5,0,LR,0.9635560463807075,0.9618532986111111,0.8821052631578947,0.8833333333333333,0.9999999999999479,0.9999999999999479,3840,960
S3,SMOTE,5,0,DT,1.0,1.0,1.0,1.0,0.9999999999999479,0.9999999999999479,3840,960
S3,SMOTE,5,0,XGB,0.9999999999999999,1.0,1.0,1.0,0.9999999999999479,0.9999999999999479,3840,960
S3,SMOTE,5,1,KNN,1.0,1.0,1.0,1.0,0.9999999999999479,0.9999999999999479,3840,960
S3,SMOTE,5,1,RF,0.9999654662252663,0.9999652777777779,0.9958333333333333,0.9958333333333333,0.9999999999999479,0.9999999999999479,3840,960
S3,SMOTE,5,1,LR,0.9667809838082433,0.9643923611111112,0.8831725616291533,0.8864583333333333,0.9999999999999479,0.9999999999999479,3840,960
S3,SMOTE,5,1,DT,0.9906940131124913,0.9947916666666667,0.9948078920041536,0.9947916666666667,0.9999999999999479,0.9999999999999479,3840,960
S3,SMOTE,5,1,XGB,0.9999782531159322,0.99998046875,0.997920997920998,0.9979166666666667,0.9999999999999479,0.9999999999999479,3840,960
S3,SMOTE,5,2,KNN,1.0,1.0,1.0,1.0,0.9999999999999479,0.9999999999999479,3840,960
S3,SMOTE,5,2,RF,1.0,1.0,1.0,1.0,0.9999999999999479,0.9999999999999479,3840,960
S3,SMOTE,5,2,LR,0.9657364138229505,0.9637109375,0.8835257082896117,0.884375,0.9999999999999479,0.9999999999999479,3840,960
S3,SMOTE,5,2,DT,0.9948089916839917,0.9968750000000001,0.9968782518210197,0.996875,0.9999999999999479,0.9999999999999479,3840,960
S3,SMOTE,5,2,XGB,0.9999999999999999,1.0,0.9989572471324296,0.9989583333333334,0.9999999999999479,0.9999999999999479,3840,960
S3,SMOTE,5,3,KNN,1.0,1.0,1.0,1.0,0.9999999999999479,0.9999999999999479,3840,960
S3,SMOTE,5,3,RF,1.0,1.0,1.0,1.0,0.9999999999999479,0.9999999999999479,3840,960
S3,SMOTE,5,3,LR,0.9649103131123753,0.9633203125,0.8783068783068783,0.8802083333333334,0.9999999999999479,0.9999999999999479,3840,960
S3,SMOTE,5,3,DT,1.0,1.0,1.0,1.0,0.9999999999999479,0.9999999999999479,3840,960
S3,SMOTE,5,3,XGB,1.0,1.0,0.9989572471324296,0.9989583333333334,0.9999999999999479,0.9999999999999479,3840,960
S3,SMOTE,10,42,KNN,1.0,1.0,1.0,1.0,0.9999999999999479,0.9999999999999479,3840,960
S3,SMOTE,10,42,RF,1.0,1.0,1.0,1.0,0.9999999999999479,0.9999999999999479,3840,960
S3,SMOTE,10,42,LR,0.9671513198998454,0.9646267361111112,0.8858638743455497,0.8864583333333333,0.9999999999999479,0.9999999999999479,3840,960
S3,SMOTE,10,42,DT,0.9958376826722338,0.996875,0.9968717413972888,0.996875,0.9999999999999479,0.9999999999999479,3840,960
S3,SMOTE,10,42,XGB,0.9999956687456686,0.9999956597222222,0.9979166666666667,0.9979166666666667,0.9999999999999479,0.9999999999999479,3840,960
S3,SMOTE,10,0,KNN,1.0,1.0,1.0,1.0,0.9999999999999479,0.9999999999999479,3840,960
S3,SMOTE,10,0,RF,1.0,1.0,1.0,1.0,0.9999999999999479,0.9999999999999479,3840,960
S3,SMOTE,10,0,LR,0.9635560463807075,0.9618532986111111,0.8821052631578947,0.8833333333333333,0.9999999999999479,0.9999999999999479,3840,960
S3,SMOTE,10,0,DT,1.0,1.0,1.0,1.0,0.9999999999999479,0.9999999999999479,3840,960
S3,SMOTE,10,0,XGB,0.9999999999999999,1.0,1.0,1.0,0.9999999999999479,0.9999999999999479,3840,960
S3,SMOTE,10,1,KNN,1.0,1.0,1.0,1.0,0.9999999999999479,0.9999999999999479,3840,960
S3,SMOTE,10,1,RF,0.9999654662252663,0.9999652777777779,0.9958333333333333,0.9958333333333333,0.9999999999999479,0.9999999999999479,3840,960
S3,SMOTE,10,1,LR,0.9667809838082433,0.9643923611111112,0.8831725616291533,0.8864583333333333,0.9999999999999479,0.9999999999999479,3840,960
S3,SMOTE,10,1,DT,0.9906940131124913,0.9947916666666667,0.9948078920041536,0.9947916666666667,0.9999999999999479,0.9999999999999479,3840,960
S3,SMOTE,10,1,XGB,0.9999782531159322,0.99998046875,0.997920997920998,0.9979166666666667,0.9999999999999479,0.9999999999999479,3840,960
S3,SMOTE,10,2,KNN,1.0,1.0,1.0,1.0,0.9999999999999479,0.9999999999999479,3840,960
S3,SMOTE,10,2,RF,1.0,1.0,1.0,1.0,0.9999999999999479,0.9999999999999479,3840,960
S3,SMOTE,10,2,LR,0.9657364138229505,0.9637109375,0.8835257082896117,0.884375,0.9999999999999479,0.9999999999999479,3840,960
S3,SMOTE,10,2,DT,0.9948089916839917,0.9968750000000001,0.9968782518210197,0.996875,0.9999999999999479,0.9999999999999479,3840,960
S3,SMOTE,10,2,XGB,0.9999999999999999,1.0,0.9989572471324296,0.9989583333333334,0.9999999999999479,0.9999999999999479,3840,960
S3,SMOTE,10,3,KNN,1.0,1.0,1.0,1.0,0.9999999999999479,0.9999999999999479,3840,960
S3,SMOTE,10,3,RF,1.0,1.0,1.0,1.0,0.9999999999999479,0.9999999999999479,3840,960
S3,SMOTE,10,3,LR,0.9649103131123753,0.9633203125,0.8783068783068783,0.8802083333333334,0.9999999999999479,0.9999999999999479,3840,960
S3,SMOTE,10,3,DT,1.0,1.0,1.0,1.0,0.9999999999999479,0.9999999999999479,3840,960
S3,SMOTE,10,3,XGB,1.0,1.0,0.9989572471324296,0.9989583333333334,0.9999999999999479,0.9999999999999479,3840,960
S3,SMOTE,20,42,KNN,1.0,1.0,1.0,1.0,0.9999999999999479,0.9999999999999479,3840,960
S3,SMOTE,20,42,RF,1.0,1.0,1.0,1.0,0.9999999999999479,0.9999999999999479,3840,960
S3,SMOTE,20,42,LR,0.9671513198998454,0.9646267361111112,0.8858638743455497,0.8864583333333333,0.9999999999999479,0.9999999999999479,3840,960
S3,SMOTE,20,42,DT,0.9958376826722338,0.996875,0.9968717413972888,0.996875,0.9999999999999479,0.9999999999999479,3840,960
S3,SMOTE,20,42,XGB,0.9999956687456686,0.9999956597222222,0.9979166666666667,0.9979166666666667,0.9999999999999479,0.9999999999999479,3840,960
S3,SMOTE,20,0,KNN,1.0,1.0,1.0,1.0,0.9999999999999479,0.9999999999999479,3840,960
S3,SMOTE,20,0,RF,1.0,1.0,1.0,1.0,0.9999999999999479,0.9999999999999479,3840,960
S3,SMOTE,20,0,LR,0.9635560463807075,0.9618532986111111,0.8821052631578947,0.8833333333333333,0.9999999999999479,0.9999999999999479,3840,960
S3,SMOTE,20,0,DT,1.0,1.0,1.0,1.0,0.9999999999999479,0.9999999999999479,3840,960
S3,SMOTE,20,0,XGB,0.9999999999999999,1.0,1.0,1.0,0.9999999999999479,0.9999999999999479,3840,960
S3,SMOTE,20,1,KNN,1.0,1.0,1.0,1.0,0.9999999999999479,0.9999999999999479,3840,960
S3,SMOTE,20,1,RF,0.9999654662252663,0.9999652777777779,0.9958333333333333,0.9958333333333333,0.9999999999999479,0.9999999999999479,3840,960
S3,SMOTE,20,1,LR,0.9667809838082433,0.9643923611111112,0.8831725616291533,0.8864583333333333,0.9999999999999479,0.9999999999999479,3840,960
S3,SMOTE,20,1,DT,0.9906940131124913,0.9947916666666667,0.9948078920041536,0.9947916666666667,0.9999999999999479,0.9999999999999479,3840,960
S3,SMOTE,20,1,XGB,0.9999782531159322,0.99998046875,0.997920997920998,0.9979166666666667,0.9999999999999479,0.9999999999999479,3840,960
S3,SMOTE,20,2,KNN,1.0,1.0,1.0,1.0,0.9999999999999479,0.9999999999999479,3840,960
S3,SMOTE,20,2,RF,1.0,1.0,1.0,1.0,0.9999999999999479,0.9999999999999479,3840,960
S3,SMOTE,20,2,LR,0.9657364138229505,0.9637109375,0.8835257082896117,0.884375,0.9999999999999479,0.9999999999999479,3840,960
S3,SMOTE,20,2,DT,0.9948089916839917,0.9968750000000001,0.9968782518210197,0.996875,0.9999999999999479,0.9999999999999479,3840,960
S3,SMOTE,20,2,XGB,0.9999999999999999,1.0,0.9989572471324296,0.9989583333333334,0.9999999999999479,0.9999999999999479,3840,960
S3,SMOTE,20,3,KNN,1.0,1.0,1.0,1.0,0.9999999999999479,0.9999999999999479,3840,960
S3,SMOTE,20,3,RF,1.0,1.0,1.0,1.0,0.9999999999999479,0.9999999999999479,3840,960
S3,SMOTE,20,3,LR,0.9649103131123753,0.9633203125,0.8783068783068783,0.8802083333333334,0.9999999999999479,0.9999999999999479,3840,960
S3,SMOTE,20,3,DT,1.0,1.0,1.0,1.0,0.9999999999999479,0.9999999999999479,3840,960
S3,SMOTE,20,3,XGB,1.0,1.0,0.9989572471324296,0.9989583333333334,0.9999999999999479,0.9999999999999479,3840,960
S3,SMOTE,50,42,KNN,1.0,1.0,1.0,1.0,0.9999999999999479,0.9999999999999479,3840,960
S3,SMOTE,50,42,RF,1.0,1.0,1.0,1.0,0.9999999999999479,0.9999999999999479,3840,960
S3,SMOTE,50,42,LR,0.9671513198998454,0.9646267361111112,0.8858638743455497,0.8864583333333333,0.9999999999999479,0.9999999999999479,3840,960
S3,SMOTE,50,42,DT,0.9958376826722338,0.996875,0.9968717413972888,0.996875,0.9999999999999479,0.9999999999999479,3840,960
S3,SMOTE,50,42,XGB,0.9999956687456686,0.9999956597222222,0.9979166666666667,0.9979166666666667,0.9999999999999479,0.9999999999999479,3840,960
S3,SMOTE,50,0,KNN,1.0,1.0,1.0,1.0,0.9999999999999479,0.9999999999999479,3840,960
S3,SMOTE,50,0,RF,1.0,1.0,1.0,1.0,0.9999999999999479,0.9999999999999479,3840,960
S3,SMOTE,50,0,LR,0.9635560463807075,0.9618532986111111,0.8821052631578947,0.8833333333333333,0.9999999999999479,0.9999999999999479,3840,960
S3,SMOTE,50,0,DT,1.0,1.0,1.0,1.0,0.9999999999999479,0.9999999999999479,3840,960
S3,SMOTE,50,0,XGB,0.9999999999999999,1.0,1.0,1.0,0.9999999999999479,0.9999999999999479,3840,960
S3,SMOTE,50,1,KNN,1.0,1.0,1.0,1.0,0.9999999999999479,0.9999999999999479,3840,960
S3,SMOTE,50,1,RF,0.9999654662252663,0.9999652777777779,0.9958333333333333,0.9958333333333333,0.9999999999999479,0.9999999999999479,3840,960
S3,SMOTE,50,1,LR,0.9667809838082433,0.9643923611111112,0.8831725616291533,0.8864583333333333,0.9999999999999479,0.9999999999999479,3840,960
S3,SMOTE,50,1,DT,0.9906940131124913,0.9947916666666667,0.9948078920041536,0.9947916666666667,0.9999999999999479,0.9999999999999479,3840,960
S3,SMOTE,50,1,XGB,0.9999782531159322,0.99998046875,0.997920997920998,0.9979166666666667,0.9999999999999479,0.9999999999999479,3840,960
S3,SMOTE,50,2,KNN,1.0,1.0,1.0,1.0,0.9999999999999479,0.9999999999999479,3840,960
S3,SMOTE,50,2,RF,1.0,1.0,1.0,1.0,0.9999999999999479,0.9999999999999479,3840,960
S3,SMOTE,50,2,LR,0.9657364138229505,0.9637109375,0.8835257082896117,0.884375,0.9999999999999479,0.9999999999999479,3840,960
S3,SMOTE,50,2,DT,0.9948089916839917,0.9968750000000001,0.9968782518210197,0.996875,0.9999999999999479,0.9999999999999479,3840,960
S3,SMOTE,50,2,XGB,0.9999999999999999,1.0,0.9989572471324296,0.9989583333333334,0.9999999999999479,0.9999999999999479,3840,960
S3,SMOTE,50,3,KNN,1.0,1.0,1.0,1.0,0.9999999999999479,0.9999999999999479,3840,960
S3,SMOTE,50,3,RF,1.0,1.0,1.0,1.0,0.9999999999999479,0.9999999999999479,3840,960
S3,SMOTE,50,3,LR,0.9649103131123753,0.9633203125,0.8783068783068783,0.8802083333333334,0.9999999999999479,0.9999999999999479,3840,960
S3,SMOTE,50,3,DT,1.0,1.0,1.0,1.0,0.9999999999999479,0.9999999999999479,3840,960
S3,SMOTE,50,3,XGB,1.0,1.0,0.9989572471324296,0.9989583333333334,0.9999999999999479,0.9999999999999479,3840,960
S3,BorderlineSMOTE,5,42,KNN,1.0,1.0,1.0,1.0,0.9999999999999479,0.9999999999999479,3840,960
S3,BorderlineSMOTE,5,42,RF,1.0,1.0,1.0,1.0,0.9999999999999479,0.9999999999999479,3840,960
S3,BorderlineSMOTE,5,42,LR,0.9671513198998454,0.9646267361111112,0.8858638743455497,0.8864583333333333,0.9999999999999479,0.9999999999999479,3840,960
S3,BorderlineSMOTE,5,42,DT,0.9958376826722338,0.996875,0.9968717413972888,0.996875,0.9999999999999479,0.9999999999999479,3840,960
S3,BorderlineSMOTE,5,42,XGB,0.9999956687456686,0.9999956597222222,0.9979166666666667,0.9979166666666667,0.9999999999999479,0.9999999999999479,3840,960
S3,BorderlineSMOTE,5,0,KNN,1.0,1.0,1.0,1.0,0.9999999999999479,0.9999999999999479,3840,960
S3,BorderlineSMOTE,5,0,RF,1.0,1.0,1.0,1.0,0.9999999999999479,0.9999999999999479,3840,960
S3,BorderlineSMOTE,5,0,LR,0.9635560463807075,0.9618532986111111,0.8821052631578947,0.8833333333333333,0.9999999999999479,0.9999999999999479,3840,960
S3,BorderlineSMOTE,5,0,DT,1.0,1.0,1.0,1.0,0.9999999999999479,0.9999999999999479,3840,960
S3,BorderlineSMOTE,5,0,XGB,0.9999999999999999,1.0,1.0,1.0,0.9999999999999479,0.9999999999999479,3840,960
S3,BorderlineSMOTE,5,1,KNN,1.0,1.0,1.0,1.0,0.9999999999999479,0.9999999999999479,3840,960
S3,BorderlineSMOTE,5,1,RF,0.9999654662252663,0.9999652777777779,0.9958333333333333,0.9958333333333333,0.9999999999999479,0.9999999999999479,3840,960
S3,BorderlineSMOTE,5,1,LR,0.9667809838082433,0.9643923611111112,0.8831725616291533,0.8864583333333333,0.9999999999999479,0.9999999999999479,3840,960
S3,BorderlineSMOTE,5,1,DT,0.9906940131124913,0.9947916666666667,0.9948078920041536,0.9947916666666667,0.9999999999999479,0.9999999999999479,3840,960
S3,BorderlineSMOTE,5,1,XGB,0.9999782531159322,0.99998046875,0.997920997920998,0.9979166666666667,0.9999999999999479,0.9999999999999479,3840,960
S3,BorderlineSMOTE,5,2,KNN,1.0,1.0,1.0,1.0,0.9999999999999479,0.9999999999999479,3840,960
S3,BorderlineSMOTE,5,2,RF,1.0,1.0,1.0,1.0,0.9999999999999479,0.9999999999999479,3840,960
S3,BorderlineSMOTE,5,2,LR,0.9657364138229505,0.9637109375,0.8835257082896117,0.884375,0.9999999999999479,0.9999999999999479,3840,960
S3,BorderlineSMOTE,5,2,DT,0.9948089916839917,0.9968750000000001,0.9968782518210197,0.996875,0.9999999999999479,0.9999999999999479,3840,960
S3,BorderlineSMOTE,5,2,XGB,0.9999999999999999,1.0,0.9989572471324296,0.9989583333333334,0.9999999999999479,0.9999999999999479,3840,960
S3,BorderlineSMOTE,5,3,KNN,1.0,1.0,1.0,1.0,0.9999999999999479,0.9999999999999479,3840,960
S3,BorderlineSMOTE,5,3,RF,1.0,1.0,1.0,1.0,0.9999999999999479,0.9999999999999479,3840,960
S3,BorderlineSMOTE,5,3,LR,0.9649103131123753,0.9633203125,0.8783068783068783,0.8802083333333334,0.9999999999999479,0.9999999999999479,3840,960
S3,BorderlineSMOTE,5,3,DT,1.0,1.0,1.0,1.0,0.9999999999999479,0.9999999999999479,3840,960
S3,BorderlineSMOTE,5,3,XGB,1.0,1.0,0.9989572471324296,0.9989583333333334,0.9999999999999479,0.9999999999999479,3840,960
S3,BorderlineSMOTE,10,42,KNN,1.0,1.0,1.0,1.0,0.9999999999999479,0.9999999999999479,3840,960
S3,BorderlineSMOTE,10,42,RF,1.0,1.0,1.0,1.0,0.9999999999999479,0.9999999999999479,3840,960
S3,BorderlineSMOTE,10,42,LR,0.9671513198998454,0.9646267361111112,0.8858638743455497,0.8864583333333333,0.9999999999999479,0.9999999999999479,3840,960
S3,BorderlineSMOTE,10,42,DT,0.9958376826722338,0.996875,0.9968717413972888,0.996875,0.9999999999999479,0.9999999999999479,3840,960
S3,BorderlineSMOTE,10,42,XGB,0.9999956687456686,0.9999956597222222,0.9979166666666667,0.9979166666666667,0.9999999999999479,0.9999999999999479,3840,960
S3,BorderlineSMOTE,10,0,KNN,1.0,1.0,1.0,1.0,0.9999999999999479,0.9999999999999479,3840,960
S3,BorderlineSMOTE,10,0,RF,1.0,1.0,1.0,1.0,0.9999999999999479,0.9999999999999479,3840,960
S3,BorderlineSMOTE,10,0,LR,0.9635560463807075,0.9618532986111111,0.8821052631578947,0.8833333333333333,0.9999999999999479,0.9999999999999479,3840,960
S3,BorderlineSMOTE,10,0,DT,1.0,1.0,1.0,1.0,0.9999999999999479,0.9999999999999479,3840,960
S3,BorderlineSMOTE,10,0,XGB,0.9999999999999999,1.0,1.0,1.0,0.9999999999999479,0.9999999999999479,3840,960
S3,BorderlineSMOTE,10,1,KNN,1.0,1.0,1.0,1.0,0.9999999999999479,0.9999999999999479,3840,960
S3,BorderlineSMOTE,10,1,RF,0.9999654662252663,0.9999652777777779,0.9958333333333333,0.9958333333333333,0.9999999999999479,0.9999999999999479,3840,960
S3,BorderlineSMOTE,10,1,LR,0.9667809838082433,0.9643923611111112,0.8831725616291533,0.8864583333333333,0.9999999999999479,0.9999999999999479,3840,960
S3,BorderlineSMOTE,10,1,DT,0.9906940131124913,0.9947916666666667,0.9948078920041536,0.9947916666666667,0.9999999999999479,0.9999999999999479,3840,960
S3,BorderlineSMOTE,10,1,XGB,0.9999782531159322,0.99998046875,0.997920997920998,0.9979166666666667,0.9999999999999479,0.9999999999999479,3840,960
S3,BorderlineSMOTE,10,2,KNN,1.0,1.0,1.0,1.0,0.9999999999999479,0.9999999999999479,3840,960
S3,BorderlineSMOTE,10,2,RF,1.0,1.0,1.0,1.0,0.9999999999999479,0.9999999999999479,3840,960
S3,BorderlineSMOTE,10,2,LR,0.9657364138229505,0.9637109375,0.8835257082896117,0.884375,0.9999999999999479,0.9999999999999479,3840,960
S3,BorderlineSMOTE,10,2,DT,0.9948089916839917,0.9968750000000001,0.9968782518210197,0.996875,0.9999999999999479,0.9999999999999479,3840,960
S3,BorderlineSMOTE,10,2,XGB,0.9999999999999999,1.0,0.9989572471324296,0.9989583333333334,0.9999999999999479,0.9999999999999479,3840,960
S3,BorderlineSMOTE,10,3,KNN,1.0,1.0,1.0,1.0,0.9999999999999479,0.9999999999999479,3840,960
S3,BorderlineSMOTE,10,3,RF,1.0,1.0,1.0,1.0,0.9999999999999479,0.9999999999999479,3840,960
S3,BorderlineSMOTE,10,3,LR,0.9649103131123753,0.9633203125,0.8783068783068783,0.8802083333333334,0.9999999999999479,0.9999999999999479,3840,960
S3,BorderlineSMOTE,10,3,DT,1.0,1.0,1.0,1.0,0.9999999999999479,0.9999999999999479,3840,960
S3,BorderlineSMOTE,10,3,XGB,1.0,1.0,0.9989572471324296,0.9989583333333334,0.9999999999999479,0.9999999999999479,3840,960
S3,BorderlineSMOTE,20,42,KNN,1.0,1.0,1.0,1.0,0.9999999999999479,0.9999999999999479,3840,960
S3,BorderlineSMOTE,20,42,RF,1.0,1.0,1.0,1.0,0.9999999999999479,0.9999999999999479,3840,960
S3,BorderlineSMOTE,20,42,LR,0.9671513198998454,0.9646267361111112,0.8858638743455497,0.8864583333333333,0.9999999999999479,0.9999999999999479,3840,960
S3,BorderlineSMOTE,20,42,DT,0.9958376826722338,0.996875,0.9968717413972888,0.996875,0.9999999999999479,0.9999999999999479,3840,960
S3,BorderlineSMOTE,20,42,XGB,0.9999956687456686,0.9999956597222222,0.9979166666666667,0.9979166666666667,0.9999999999999479,0.9999999999999479,3840,960
S3,BorderlineSMOTE,20,0,KNN,1.0,1.0,1.0,1.0,0.9999999999999479,0.9999999999999479,3840,960
S3,BorderlineSMOTE,20,0,RF,1.0,1.0,1.0,1.0,0.9999999999999479,0.9999999999999479,3840,960
S3,BorderlineSMOTE,20,0,LR,0.9635560463807075,0.9618532986111111,0.8821052631578947,0.8833333333333333,0.9999999999999479,0.9999999999999479,3840,960
S3,BorderlineSMOTE,20,0,DT,1.0,1.0,1.0,1.0,0.9999999999999479,0.9999999999999479,3840,960
S3,BorderlineSMOTE,20,0,XGB,0.9999999999999999,1.0,1.0,1.0,0.9999999999999479,0.9999999999999479,3840,960
S3,BorderlineSMOTE,20,1,KNN,1.0,1.0,1.0,1.0,0.9999999999999479,0.9999999999999479,3840,960
S3,BorderlineSMOTE,20,1,RF,0.9999654662252663,0.9999652777777779,0.9958333333333333,0.9958333333333333,0.9999999999999479,0.9999999999999479,3840,960
S3,BorderlineSMOTE,20,1,LR,0.9667809838082433,0.9643923611111112,0.8831725616291533,0.8864583333333333,0.9999999999999479,0.9999999999999479,3840,960
S3,BorderlineSMOTE,20,1,DT,0.9906940131124913,0.9947916666666667,0.9948078920041536,0.9947916666666667,0.9999999999999479,0.9999999999999479,3840,960
S3,BorderlineSMOTE,20,1,XGB,0.9999782531159322,0.99998046875,0.997920997920998,0.9979166666666667,0.9999999999999479,0.9999999999999479,3840,960
S3,BorderlineSMOTE,20,2,KNN,1.0,1.0,1.0,1.0,0.9999999999999479,0.9999999999999479,3840,960
S3,BorderlineSMOTE,20,2,RF,1.0,1.0,1.0,1.0,0.9999999999999479,0.9999999999999479,3840,960
S3,BorderlineSMOTE,20,2,LR,0.9657364138229505,0.9637109375,0.8835257082896117,0.884375,0.9999999999999479,0.9999999999999479,3840,960
S3,BorderlineSMOTE,20,2,DT,0.9948089916839917,0.9968750000000001,0.9968782518210197,0.996875,0.9999999999999479,0.9999999999999479,3840,960
S3,BorderlineSMOTE,20,2,XGB,0.9999999999999999,1.0,0.9989572471324296,0.9989583333333334,0.9999999999999479,0.9999999999999479,3840,960
S3,BorderlineSMOTE,20,3,KNN,1.0,1.0,1.0,1.0,0.9999999999999479,0.9999999999999479,3840,960
S3,BorderlineSMOTE,20,3,RF,1.0,1.0,1.0,1.0,0.9999999999999479,0.9999999999999479,3840,960
S3,BorderlineSMOTE,20,3,LR,0.9649103131123753,0.9633203125,0.8783068783068783,0.8802083333333334,0.9999999999999479,0.9999999999999479,3840,960
S3,BorderlineSMOTE,20,3,DT,1.0,1.0,1.0,1.0,0.9999999999999479,0.9999999999999479,3840,960
S3,BorderlineSMOTE,20,3,XGB,1.0,1.0,0.9989572471324296,0.9989583333333334,0.9999999999999479,0.9999999999999479,3840,960
S3,BorderlineSMOTE,50,42,KNN,1.0,1.0,1.0,1.0,0.9999999999999479,0.9999999999999479,3840,960
S3,BorderlineSMOTE,50,42,RF,1.0,1.0,1.0,1.0,0.9999999999999479,0.9999999999999479,3840,960
S3,BorderlineSMOTE,50,42,LR,0.9671513198998454,0.9646267361111112,0.8858638743455497,0.8864583333333333,0.9999999999999479,0.9999999999999479,3840,960
S3,BorderlineSMOTE,50,42,DT,0.9958376826722338,0.996875,0.9968717413972888,0.996875,0.9999999999999479,0.9999999999999479,3840,960
S3,BorderlineSMOTE,50,42,XGB,0.9999956687456686,0.9999956597222222,0.9979166666666667,0.9979166666666667,0.9999999999999479,0.9999999999999479,3840,960
S3,BorderlineSMOTE,50,0,KNN,1.0,1.0,1.0,1.0,0.9999999999999479,0.9999999999999479,3840,960
S3,BorderlineSMOTE,50,0,RF,1.0,1.0,1.0,1.0,0.9999999999999479,0.9999999999999479,3840,960
S3,BorderlineSMOTE,50,0,LR,0.9635560463807075,0.9618532986111111,0.8821052631578947,0.8833333333333333,0.9999999999999479,0.9999999999999479,3840,960
S3,BorderlineSMOTE,50,0,DT,1.0,1.0,1.0,1.0,0.9999999999999479,0.9999999999999479,3840,960
S3,BorderlineSMOTE,50,0,XGB,0.9999999999999999,1.0,1.0,1.0,0.9999999999999479,0.9999999999999479,3840,960
S3,BorderlineSMOTE,50,1,KNN,1.0,1.0,1.0,1.0,0.9999999999999479,0.9999999999999479,3840,960
S3,BorderlineSMOTE,50,1,RF,0.9999654662252663,0.9999652777777779,0.9958333333333333,0.9958333333333333,0.9999999999999479,0.9999999999999479,3840,960
S3,BorderlineSMOTE,50,1,LR,0.9667809838082433,0.9643923611111112,0.8831725616291533,0.8864583333333333,0.9999999999999479,0.9999999999999479,3840,960
S3,BorderlineSMOTE,50,1,DT,0.9906940131124913,0.9947916666666667,0.9948078920041536,0.9947916666666667,0.9999999999999479,0.9999999999999479,3840,960
S3,BorderlineSMOTE,50,1,XGB,0.9999782531159322,0.99998046875,0.997920997920998,0.9979166666666667,0.9999999999999479,0.9999999999999479,3840,960
S3,BorderlineSMOTE,50,2,KNN,1.0,1.0,1.0,1.0,0.9999999999999479,0.9999999999999479,3840,960
S3,BorderlineSMOTE,50,2,RF,1.0,1.0,1.0,1.0,0.9999999999999479,0.9999999999999479,3840,960
S3,BorderlineSMOTE,50,2,LR,0.9657364138229505,0.9637109375,0.8835257082896117,0.884375,0.9999999999999479,0.9999999999999479,3840,960
S3,BorderlineSMOTE,50,2,DT,0.9948089916839917,0.9968750000000001,0.9968782518210197,0.996875,0.9999999999999479,0.9999999999999479,3840,960
S3,BorderlineSMOTE,50,2,XGB,0.9999999999999999,1.0,0.9989572471324296,0.9989583333333334,0.9999999999999479,0.9999999999999479,3840,960
S3,BorderlineSMOTE,50,3,KNN,1.0,1.0,1.0,1.0,0.9999999999999479,0.9999999999999479,3840,960
S3,BorderlineSMOTE,50,3,RF,1.0,1.0,1.0,1.0,0.9999999999999479,0.9999999999999479,3840,960
S3,BorderlineSMOTE,50,3,LR,0.9649103131123753,0.9633203125,0.8783068783068783,0.8802083333333334,0.9999999999999479,0.9999999999999479,3840,960
S3,BorderlineSMOTE,50,3,DT,1.0,1.0,1.0,1.0,0.9999999999999479,0.9999999999999479,3840,960
S3,BorderlineSMOTE,50,3,XGB,1.0,1.0,0.9989572471324296,0.9989583333333334,0.9999999999999479,0.9999999999999479,3840,960
S3,RandomOS,5,42,KNN,1.0,1.0,1.0,1.0,0.9999999999999479,0.9999999999999479,3840,960
S3,RandomOS,5,42,RF,1.0,1.0,1.0,1.0,0.9999999999999479,0.9999999999999479,3840,960
S3,RandomOS,5,42,LR,0.9671513198998454,0.9646267361111112,0.8858638743455497,0.8864583333333333,0.9999999999999479,0.9999999999999479,3840,960
S3,RandomOS,5,42,DT,0.9958376826722338,0.996875,0.9968717413972888,0.996875,0.9999999999999479,0.9999999999999479,3840,960
S3,RandomOS,5,42,XGB,0.9999956687456686,0.9999956597222222,0.9979166666666667,0.9979166666666667,0.9999999999999479,0.9999999999999479,3840,960
S3,RandomOS,5,0,KNN,1.0,1.0,1.0,1.0,0.9999999999999479,0.9999999999999479,3840,960
S3,RandomOS,5,0,RF,1.0,1.0,1.0,1.0,0.9999999999999479,0.9999999999999479,3840,960
S3,RandomOS,5,0,LR,0.9635560463807075,0.9618532986111111,0.8821052631578947,0.8833333333333333,0.9999999999999479,0.9999999999999479,3840,960
S3,RandomOS,5,0,DT,1.0,1.0,1.0,1.0,0.9999999999999479,0.9999999999999479,3840,960
S3,RandomOS,5,0,XGB,0.9999999999999999,1.0,1.0,1.0,0.9999999999999479,0.9999999999999479,3840,960
S3,RandomOS,5,1,KNN,1.0,1.0,1.0,1.0,0.9999999999999479,0.9999999999999479,3840,960
S3,RandomOS,5,1,RF,0.9999654662252663,0.9999652777777779,0.9958333333333333,0.9958333333333333,0.9999999999999479,0.9999999999999479,3840,960
S3,RandomOS,5,1,LR,0.9667809838082433,0.9643923611111112,0.8831725616291533,0.8864583333333333,0.9999999999999479,0.9999999999999479,3840,960
S3,RandomOS,5,1,DT,0.9906940131124913,0.9947916666666667,0.9948078920041536,0.9947916666666667,0.9999999999999479,0.9999999999999479,3840,960
S3,RandomOS,5,1,XGB,0.9999782531159322,0.99998046875,0.997920997920998,0.9979166666666667,0.9999999999999479,0.9999999999999479,3840,960
S3,RandomOS,5,2,KNN,1.0,1.0,1.0,1.0,0.9999999999999479,0.9999999999999479,3840,960
S3,RandomOS,5,2,RF,1.0,1.0,1.0,1.0,0.9999999999999479,0.9999999999999479,3840,960
S3,RandomOS,5,2,LR,0.9657364138229505,0.9637109375,0.8835257082896117,0.884375,0.9999999999999479,0.9999999999999479,3840,960
S3,RandomOS,5,2,DT,0.9948089916839917,0.9968750000000001,0.9968782518210197,0.996875,0.9999999999999479,0.9999999999999479,3840,960
S3,RandomOS,5,2,XGB,0.9999999999999999,1.0,0.9989572471324296,0.9989583333333334,0.9999999999999479,0.9999999999999479,3840,960
S3,RandomOS,5,3,KNN,1.0,1.0,1.0,1.0,0.9999999999999479,0.9999999999999479,3840,960
S3,RandomOS,5,3,RF,1.0,1.0,1.0,1.0,0.9999999999999479,0.9999999999999479,3840,960
S3,RandomOS,5,3,LR,0.9649103131123753,0.9633203125,0.8783068783068783,0.8802083333333334,0.9999999999999479,0.9999999999999479,3840,960
S3,RandomOS,5,3,DT,1.0,1.0,1.0,1.0,0.9999999999999479,0.9999999999999479,3840,960
S3,RandomOS,5,3,XGB,1.0,1.0,0.9989572471324296,0.9989583333333334,0.9999999999999479,0.9999999999999479,3840,960
S3,RandomOS,10,42,KNN,1.0,1.0,1.0,1.0,0.9999999999999479,0.9999999999999479,3840,960
S3,RandomOS,10,42,RF,1.0,1.0,1.0,1.0,0.9999999999999479,0.9999999999999479,3840,960
S3,RandomOS,10,42,LR,0.9671513198998454,0.9646267361111112,0.8858638743455497,0.8864583333333333,0.9999999999999479,0.9999999999999479,3840,960
S3,RandomOS,10,42,DT,0.9958376826722338,0.996875,0.9968717413972888,0.996875,0.9999999999999479,0.9999999999999479,3840,960
S3,RandomOS,10,42,XGB,0.9999956687456686,0.9999956597222222,0.9979166666666667,0.9979166666666667,0.9999999999999479,0.9999999999999479,3840,960
S3,RandomOS,10,0,KNN,1.0,1.0,1.0,1.0,0.9999999999999479,0.9999999999999479,3840,960
S3,RandomOS,10,0,RF,1.0,1.0,1.0,1.0,0.9999999999999479,0.9999999999999479,3840,960
S3,RandomOS,10,0,LR,0.9635560463807075,0.9618532986111111,0.8821052631578947,0.8833333333333333,0.9999999999999479,0.9999999999999479,3840,960
S3,RandomOS,10,0,DT,1.0,1.0,1.0,1.0,0.9999999999999479,0.9999999999999479,3840,960
S3,RandomOS,10,0,XGB,0.9999999999999999,1.0,1.0,1.0,0.9999999999999479,0.9999999999999479,3840,960
S3,RandomOS,10,1,KNN,1.0,1.0,1.0,1.0,0.9999999999999479,0.9999999999999479,3840,960
S3,RandomOS,10,1,RF,0.9999654662252663,0.9999652777777779,0.9958333333333333,0.9958333333333333,0.9999999999999479,0.9999999999999479,3840,960
S3,RandomOS,10,1,LR,0.9667809838082433,0.9643923611111112,0.8831725616291533,0.8864583333333333,0.9999999999999479,0.9999999999999479,3840,960
S3,RandomOS,10,1,DT,0.9906940131124913,0.9947916666666667,0.9948078920041536,0.9947916666666667,0.9999999999999479,0.9999999999999479,3840,960
S3,RandomOS,10,1,XGB,0.9999782531159322,0.99998046875,0.997920997920998,0.9979166666666667,0.9999999999999479,0.9999999999999479,3840,960
S3,RandomOS,10,2,KNN,1.0,1.0,1.0,1.0,0.9999999999999479,0.9999999999999479,3840,960
S3,RandomOS,10,2,RF,1.0,1.0,1.0,1.0,0.9999999999999479,0.9999999999999479,3840,960
S3,RandomOS,10,2,LR,0.9657364138229505,0.9637109375,0.8835257082896117,0.884375,0.9999999999999479,0.9999999999999479,3840,960
S3,RandomOS,10,2,DT,0.9948089916839917,0.9968750000000001,0.9968782518210197,0.996875,0.9999999999999479,0.9999999999999479,3840,960
S3,RandomOS,10,2,XGB,0.9999999999999999,1.0,0.9989572471324296,0.9989583333333334,0.9999999999999479,0.9999999999999479,3840,960
S3,RandomOS,10,3,KNN,1.0,1.0,1.0,1.0,0.9999999999999479,0.9999999999999479,3840,960
S3,RandomOS,10,3,RF,1.0,1.0,1.0,1.0,0.9999999999999479,0.9999999999999479,3840,960
S3,RandomOS,10,3,LR,0.9649103131123753,0.9633203125,0.8783068783068783,0.8802083333333334,0.9999999999999479,0.9999999999999479,3840,960
S3,RandomOS,10,3,DT,1.0,1.0,1.0,1.0,0.9999999999999479,0.9999999999999479,3840,960
S3,RandomOS,10,3,XGB,1.0,1.0,0.9989572471324296,0.9989583333333334,0.9999999999999479,0.9999999999999479,3840,960
S3,RandomOS,20,42,KNN,1.0,1.0,1.0,1.0,0.9999999999999479,0.9999999999999479,3840,960
S3,RandomOS,20,42,RF,1.0,1.0,1.0,1.0,0.9999999999999479,0.9999999999999479,3840,960
S3,RandomOS,20,42,LR,0.9671513198998454,0.9646267361111112,0.8858638743455497,0.8864583333333333,0.9999999999999479,0.9999999999999479,3840,960
S3,RandomOS,20,42,DT,0.9958376826722338,0.996875,0.9968717413972888,0.996875,0.9999999999999479,0.9999999999999479,3840,960
S3,RandomOS,20,42,XGB,0.9999956687456686,0.9999956597222222,0.9979166666666667,0.9979166666666667,0.9999999999999479,0.9999999999999479,3840,960
S3,RandomOS,20,0,KNN,1.0,1.0,1.0,1.0,0.9999999999999479,0.9999999999999479,3840,960
S3,RandomOS,20,0,RF,1.0,1.0,1.0,1.0,0.9999999999999479,0.9999999999999479,3840,960
S3,RandomOS,20,0,LR,0.9635560463807075,0.9618532986111111,0.8821052631578947,0.8833333333333333,0.9999999999999479,0.9999999999999479,3840,960
S3,RandomOS,20,0,DT,1.0,1.0,1.0,1.0,0.9999999999999479,0.9999999999999479,3840,960
S3,RandomOS,20,0,XGB,0.9999999999999999,1.0,1.0,1.0,0.9999999999999479,0.9999999999999479,3840,960
S3,RandomOS,20,1,KNN,1.0,1.0,1.0,1.0,0.9999999999999479,0.9999999999999479,3840,960
S3,RandomOS,20,1,RF,0.9999654662252663,0.9999652777777779,0.9958333333333333,0.9958333333333333,0.9999999999999479,0.9999999999999479,3840,960
S3,RandomOS,20,1,LR,0.9667809838082433,0.9643923611111112,0.8831725616291533,0.8864583333333333,0.9999999999999479,0.9999999999999479,3840,960
S3,RandomOS,20,1,DT,0.9906940131124913,0.9947916666666667,0.9948078920041536,0.9947916666666667,0.9999999999999479,0.9999999999999479,3840,960
S3,RandomOS,20,1,XGB,0.9999782531159322,0.99998046875,0.997920997920998,0.9979166666666667,0.9999999999999479,0.9999999999999479,3840,960
S3,RandomOS,20,2,KNN,1.0,1.0,1.0,1.0,0.9999999999999479,0.9999999999999479,3840,960
S3,RandomOS,20,2,RF,1.0,1.0,1.0,1.0,0.9999999999999479,0.9999999999999479,3840,960
S3,RandomOS,20,2,LR,0.9657364138229505,0.9637109375,0.8835257082896117,0.884375,0.9999999999999479,0.9999999999999479,3840,960
S3,RandomOS,20,2,DT,0.9948089916839917,0.9968750000000001,0.9968782518210197,0.996875,0.9999999999999479,0.9999999999999479,3840,960
S3,RandomOS,20,2,XGB,0.9999999999999999,1.0,0.9989572471324296,0.9989583333333334,0.9999999999999479,0.9999999999999479,3840,960
S3,RandomOS,20,3,KNN,1.0,1.0,1.0,1.0,0.9999999999999479,0.9999999999999479,3840,960
S3,RandomOS,20,3,RF,1.0,1.0,1.0,1.0,0.9999999999999479,0.9999999999999479,3840,960
S3,RandomOS,20,3,LR,0.9649103131123753,0.9633203125,0.8783068783068783,0.8802083333333334,0.9999999999999479,0.9999999999999479,3840,960
S3,RandomOS,20,3,DT,1.0,1.0,1.0,1.0,0.9999999999999479,0.9999999999999479,3840,960
S3,RandomOS,20,3,XGB,1.0,1.0,0.9989572471324296,0.9989583333333334,0.9999999999999479,0.9999999999999479,3840,960
S3,RandomOS,50,42,KNN,1.0,1.0,1.0,1.0,0.9999999999999479,0.9999999999999479,3840,960
S3,RandomOS,50,42,RF,1.0,1.0,1.0,1.0,0.9999999999999479,0.9999999999999479,3840,960
S3,RandomOS,50,42,LR,0.9671513198998454,0.9646267361111112,0.8858638743455497,0.8864583333333333,0.9999999999999479,0.9999999999999479,3840,960
S3,RandomOS,50,42,DT,0.9958376826722338,0.996875,0.9968717413972888,0.996875,0.9999999999999479,0.9999999999999479,3840,960
S3,RandomOS,50,42,XGB,0.9999956687456686,0.9999956597222222,0.9979166666666667,0.9979166666666667,0.9999999999999479,0.9999999999999479,3840,960
S3,RandomOS,50,0,KNN,1.0,1.0,1.0,1.0,0.9999999999999479,0.9999999999999479,3840,960
S3,RandomOS,50,0,RF,1.0,1.0,1.0,1.0,0.9999999999999479,0.9999999999999479,3840,960
S3,RandomOS,50,0,LR,0.9635560463807075,0.9618532986111111,0.8821052631578947,0.8833333333333333,0.9999999999999479,0.9999999999999479,3840,960
S3,RandomOS,50,0,DT,1.0,1.0,1.0,1.0,0.9999999999999479,0.9999999999999479,3840,960
S3,RandomOS,50,0,XGB,0.9999999999999999,1.0,1.0,1.0,0.9999999999999479,0.9999999999999479,3840,960
S3,RandomOS,50,1,KNN,1.0,1.0,1.0,1.0,0.9999999999999479,0.9999999999999479,3840,960
S3,RandomOS,50,1,RF,0.9999654662252663,0.9999652777777779,0.9958333333333333,0.9958333333333333,0.9999999999999479,0.9999999999999479,3840,960
S3,RandomOS,50,1,LR,0.9667809838082433,0.9643923611111112,0.8831725616291533,0.8864583333333333,0.9999999999999479,0.9999999999999479,3840,960
S3,RandomOS,50,1,DT,0.9906940131124913,0.9947916666666667,0.9948078920041536,0.9947916666666667,0.9999999999999479,0.9999999999999479,3840,960
S3,RandomOS,50,1,XGB,0.9999782531159322,0.99998046875,0.997920997920998,0.9979166666666667,0.9999999999999479,0.9999999999999479,3840,960
S3,RandomOS,50,2,KNN,1.0,1.0,1.0,1.0,0.9999999999999479,0.9999999999999479,3840,960
S3,RandomOS,50,2,RF,1.0,1.0,1.0,1.0,0.9999999999999479,0.9999999999999479,3840,960
S3,RandomOS,50,2,LR,0.9657364138229505,0.9637109375,0.8835257082896117,0.884375,0.9999999999999479,0.9999999999999479,3840,960
S3,RandomOS,50,2,DT,0.9948089916839917,0.9968750000000001,0.9968782518210197,0.996875,0.9999999999999479,0.9999999999999479,3840,960
S3,RandomOS,50,2,XGB,0.9999999999999999,1.0,0.9989572471324296,0.9989583333333334,0.9999999999999479,0.9999999999999479,3840,960
S3,RandomOS,50,3,KNN,1.0,1.0,1.0,1.0,0.9999999999999479,0.9999999999999479,3840,960
S3,RandomOS,50,3,RF,1.0,1.0,1.0,1.0,0.9999999999999479,0.9999999999999479,3840,960
S3,RandomOS,50,3,LR,0.9649103131123753,0.9633203125,0.8783068783068783,0.8802083333333334,0.9999999999999479,0.9999999999999479,3840,960
S3,RandomOS,50,3,DT,1.0,1.0,1.0,1.0,0.9999999999999479,0.9999999999999479,3840,960
S3,RandomOS,50,3,XGB,1.0,1.0,0.9989572471324296,0.9989583333333334,0.9999999999999479,0.9999999999999479,3840,960
S3,SMOTETomek,5,42,KNN,1.0,1.0,1.0,1.0,0.9999999999999479,0.9999999999999479,3840,960
S3,SMOTETomek,5,42,RF,1.0,1.0,1.0,1.0,0.9999999999999479,0.9999999999999479,3840,960
S3,SMOTETomek,5,42,LR,0.9671513198998454,0.9646267361111112,0.8858638743455497,0.8864583333333333,0.9999999999999479,0.9999999999999479,3840,960
S3,SMOTETomek,5,42,DT,0.9958376826722338,0.996875,0.9968717413972888,0.996875,0.9999999999999479,0.9999999999999479,3840,960
S3,SMOTETomek,5,42,XGB,0.9999956687456686,0.9999956597222222,0.9979166666666667,0.9979166666666667,0.9999999999999479,0.9999999999999479,3840,960
S3,SMOTETomek,5,0,KNN,1.0,1.0,1.0,1.0,0.9999999999999479,0.9999999999999479,3840,960
S3,SMOTETomek,5,0,RF,1.0,1.0,1.0,1.0,0.9999999999999479,0.9999999999999479,3840,960
S3,SMOTETomek,5,0,LR,0.9635560463807075,0.9618532986111111,0.8821052631578947,0.8833333333333333,0.9999999999999479,0.9999999999999479,3840,960
S3,SMOTETomek,5,0,DT,1.0,1.0,1.0,1.0,0.9999999999999479,0.9999999999999479,3840,960
S3,SMOTETomek,5,0,XGB,0.9999999999999999,1.0,1.0,1.0,0.9999999999999479,0.9999999999999479,3840,960
S3,SMOTETomek,5,1,KNN,1.0,1.0,1.0,1.0,0.9999999999999479,0.9999999999999479,3840,960
S3,SMOTETomek,5,1,RF,0.9999654662252663,0.9999652777777779,0.9958333333333333,0.9958333333333333,0.9999999999999479,0.9999999999999479,3840,960
S3,SMOTETomek,5,1,LR,0.9667809838082433,0.9643923611111112,0.8831725616291533,0.8864583333333333,0.9999999999999479,0.9999999999999479,3840,960
S3,SMOTETomek,5,1,DT,0.9906940131124913,0.9947916666666667,0.9948078920041536,0.9947916666666667,0.9999999999999479,0.9999999999999479,3840,960
S3,SMOTETomek,5,1,XGB,0.9999782531159322,0.99998046875,0.997920997920998,0.9979166666666667,0.9999999999999479,0.9999999999999479,3840,960
S3,SMOTETomek,5,2,KNN,1.0,1.0,1.0,1.0,0.9999999999999479,0.9999999999999478,3840,960
S3,SMOTETomek,5,2,RF,1.0,1.0,1.0,1.0,0.9999999999999479,0.9999999999999478,3840,960
S3,SMOTETomek,5,2,LR,0.9657252194408943,0.9636979166666666,0.8835257082896117,0.884375,0.9999999999999479,0.9999999999999478,3840,960
S3,SMOTETomek,5,2,DT,0.9948089916839917,0.9968750000000001,0.9968782518210197,0.996875,0.9999999999999479,0.9999999999999478,3840,960
S3,SMOTETomek,5,2,XGB,0.9999869791289905,0.9999869791666667,0.9989594172736732,0.9989583333333334,0.9999999999999479,0.9999999999999478,3840,960
S3,SMOTETomek,5,3,KNN,1.0,1.0,1.0,1.0,0.9999999999999479,0.9999999999999479,3840,960
S3,SMOTETomek,5,3,RF,1.0,1.0,1.0,1.0,0.9999999999999479,0.9999999999999479,3840,960
S3,SMOTETomek,5,3,LR,0.9649103131123753,0.9633203125,0.8783068783068783,0.8802083333333334,0.9999999999999479,0.9999999999999479,3840,960
S3,SMOTETomek,5,3,DT,1.0,1.0,1.0,1.0,0.9999999999999479,0.9999999999999479,3840,960
S3,SMOTETomek,5,3,XGB,1.0,1.0,0.9989572471324296,0.9989583333333334,0.9999999999999479,0.9999999999999479,3840,960
S3,SMOTETomek,10,42,KNN,1.0,1.0,1.0,1.0,0.9999999999999479,0.9999999999999479,3840,960
S3,SMOTETomek,10,42,RF,1.0,1.0,1.0,1.0,0.9999999999999479,0.9999999999999479,3840,960
S3,SMOTETomek,10,42,LR,0.9671513198998454,0.9646267361111112,0.8858638743455497,0.8864583333333333,0.9999999999999479,0.9999999999999479,3840,960
S3,SMOTETomek,10,42,DT,0.9958376826722338,0.996875,0.9968717413972888,0.996875,0.9999999999999479,0.9999999999999479,3840,960
S3,SMOTETomek,10,42,XGB,0.9999956687456686,0.9999956597222222,0.9979166666666667,0.9979166666666667,0.9999999999999479,0.9999999999999479,3840,960
S3,SMOTETomek,10,0,KNN,1.0,1.0,1.0,1.0,0.9999999999999479,0.9999999999999479,3840,960
S3,SMOTETomek,10,0,RF,1.0,1.0,1.0,1.0,0.9999999999999479,0.9999999999999479,3840,960
S3,SMOTETomek,10,0,LR,0.9635560463807075,0.9618532986111111,0.8821052631578947,0.8833333333333333,0.9999999999999479,0.9999999999999479,3840,960
S3,SMOTETomek,10,0,DT,1.0,1.0,1.0,1.0,0.9999999999999479,0.9999999999999479,3840,960
S3,SMOTETomek,10,0,XGB,0.9999999999999999,1.0,1.0,1.0,0.9999999999999479,0.9999999999999479,3840,960
S3,SMOTETomek,10,1,KNN,1.0,1.0,1.0,1.0,0.9999999999999479,0.9999999999999479,3840,960
S3,SMOTETomek,10,1,RF,0.9999654662252663,0.9999652777777779,0.9958333333333333,0.9958333333333333,0.9999999999999479,0.9999999999999479,3840,960
S3,SMOTETomek,10,1,LR,0.9667809838082433,0.9643923611111112,0.8831725616291533,0.8864583333333333,0.9999999999999479,0.9999999999999479,3840,960
S3,SMOTETomek,10,1,DT,0.9906940131124913,0.9947916666666667,0.9948078920041536,0.9947916666666667,0.9999999999999479,0.9999999999999479,3840,960
S3,SMOTETomek,10,1,XGB,0.9999782531159322,0.99998046875,0.997920997920998,0.9979166666666667,0.9999999999999479,0.9999999999999479,3840,960
S3,SMOTETomek,10,2,KNN,1.0,1.0,1.0,1.0,0.9999999999999479,0.9999999999999478,3840,960
S3,SMOTETomek,10,2,RF,1.0,1.0,1.0,1.0,0.9999999999999479,0.9999999999999478,3840,960
S3,SMOTETomek,10,2,LR,0.9657252194408943,0.9636979166666666,0.8835257082896117,0.884375,0.9999999999999479,0.9999999999999478,3840,960
S3,SMOTETomek,10,2,DT,0.9948089916839917,0.9968750000000001,0.9968782518210197,0.996875,0.9999999999999479,0.9999999999999478,3840,960
S3,SMOTETomek,10,2,XGB,0.9999869791289905,0.9999869791666667,0.9989594172736732,0.9989583333333334,0.9999999999999479,0.9999999999999478,3840,960
S3,SMOTETomek,10,3,KNN,1.0,1.0,1.0,1.0,0.9999999999999479,0.9999999999999479,3840,960
S3,SMOTETomek,10,3,RF,1.0,1.0,1.0,1.0,0.9999999999999479,0.9999999999999479,3840,960
S3,SMOTETomek,10,3,LR,0.9649103131123753,0.9633203125,0.8783068783068783,0.8802083333333334,0.9999999999999479,0.9999999999999479,3840,960
S3,SMOTETomek,10,3,DT,1.0,1.0,1.0,1.0,0.9999999999999479,0.9999999999999479,3840,960
S3,SMOTETomek,10,3,XGB,1.0,1.0,0.9989572471324296,0.9989583333333334,0.9999999999999479,0.9999999999999479,3840,960
S3,SMOTETomek,20,42,KNN,1.0,1.0,1.0,1.0,0.9999999999999479,0.9999999999999479,3840,960
S3,SMOTETomek,20,42,RF,1.0,1.0,1.0,1.0,0.9999999999999479,0.9999999999999479,3840,960
S3,SMOTETomek,20,42,LR,0.9671513198998454,0.9646267361111112,0.8858638743455497,0.8864583333333333,0.9999999999999479,0.9999999999999479,3840,960
S3,SMOTETomek,20,42,DT,0.9958376826722338,0.996875,0.9968717413972888,0.996875,0.9999999999999479,0.9999999999999479,3840,960
S3,SMOTETomek,20,42,XGB,0.9999956687456686,0.9999956597222222,0.9979166666666667,0.9979166666666667,0.9999999999999479,0.9999999999999479,3840,960
S3,SMOTETomek,20,0,KNN,1.0,1.0,1.0,1.0,0.9999999999999479,0.9999999999999479,3840,960
S3,SMOTETomek,20,0,RF,1.0,1.0,1.0,1.0,0.9999999999999479,0.9999999999999479,3840,960
S3,SMOTETomek,20,0,LR,0.9635560463807075,0.9618532986111111,0.8821052631578947,0.8833333333333333,0.9999999999999479,0.9999999999999479,3840,960
S3,SMOTETomek,20,0,DT,1.0,1.0,1.0,1.0,0.9999999999999479,0.9999999999999479,3840,960
S3,SMOTETomek,20,0,XGB,0.9999999999999999,1.0,1.0,1.0,0.9999999999999479,0.9999999999999479,3840,960
S3,SMOTETomek,20,1,KNN,1.0,1.0,1.0,1.0,0.9999999999999479,0.9999999999999479,3840,960
S3,SMOTETomek,20,1,RF,0.9999654662252663,0.9999652777777779,0.9958333333333333,0.9958333333333333,0.9999999999999479,0.9999999999999479,3840,960
S3,SMOTETomek,20,1,LR,0.9667809838082433,0.9643923611111112,0.8831725616291533,0.8864583333333333,0.9999999999999479,0.9999999999999479,3840,960
S3,SMOTETomek,20,1,DT,0.9906940131124913,0.9947916666666667,0.9948078920041536,0.9947916666666667,0.9999999999999479,0.9999999999999479,3840,960
S3,SMOTETomek,20,1,XGB,0.9999782531159322,0.99998046875,0.997920997920998,0.9979166666666667,0.9999999999999479,0.9999999999999479,3840,960
S3,SMOTETomek,20,2,KNN,1.0,1.0,1.0,1.0,0.9999999999999479,0.9999999999999478,3840,960
S3,SMOTETomek,20,2,RF,1.0,1.0,1.0,1.0,0.9999999999999479,0.9999999999999478,3840,960
S3,SMOTETomek,20,2,LR,0.9657252194408943,0.9636979166666666,0.8835257082896117,0.884375,0.9999999999999479,0.9999999999999478,3840,960
S3,SMOTETomek,20,2,DT,0.9948089916839917,0.9968750000000001,0.9968782518210197,0.996875,0.9999999999999479,0.9999999999999478,3840,960
S3,SMOTETomek,20,2,XGB,0.9999869791289905,0.9999869791666667,0.9989594172736732,0.9989583333333334,0.9999999999999479,0.9999999999999478,3840,960
S3,SMOTETomek,20,3,KNN,1.0,1.0,1.0,1.0,0.9999999999999479,0.9999999999999479,3840,960
S3,SMOTETomek,20,3,RF,1.0,1.0,1.0,1.0,0.9999999999999479,0.9999999999999479,3840,960
S3,SMOTETomek,20,3,LR,0.9649103131123753,0.9633203125,0.8783068783068783,0.8802083333333334,0.9999999999999479,0.9999999999999479,3840,960
S3,SMOTETomek,20,3,DT,1.0,1.0,1.0,1.0,0.9999999999999479,0.9999999999999479,3840,960
S3,SMOTETomek,20,3,XGB,1.0,1.0,0.9989572471324296,0.9989583333333334,0.9999999999999479,0.9999999999999479,3840,960
S3,SMOTETomek,50,42,KNN,1.0,1.0,1.0,1.0,0.9999999999999479,0.9999999999999479,3840,960
S3,SMOTETomek,50,42,RF,1.0,1.0,1.0,1.0,0.9999999999999479,0.9999999999999479,3840,960
S3,SMOTETomek,50,42,LR,0.9671513198998454,0.9646267361111112,0.8858638743455497,0.8864583333333333,0.9999999999999479,0.9999999999999479,3840,960
S3,SMOTETomek,50,42,DT,0.9958376826722338,0.996875,0.9968717413972888,0.996875,0.9999999999999479,0.9999999999999479,3840,960
S3,SMOTETomek,50,42,XGB,0.9999956687456686,0.9999956597222222,0.9979166666666667,0.9979166666666667,0.9999999999999479,0.9999999999999479,3840,960
S3,SMOTETomek,50,0,KNN,1.0,1.0,1.0,1.0,0.9999999999999479,0.9999999999999479,3840,960
S3,SMOTETomek,50,0,RF,1.0,1.0,1.0,1.0,0.9999999999999479,0.9999999999999479,3840,960
S3,SMOTETomek,50,0,LR,0.9635560463807075,0.9618532986111111,0.8821052631578947,0.8833333333333333,0.9999999999999479,0.9999999999999479,3840,960
S3,SMOTETomek,50,0,DT,1.0,1.0,1.0,1.0,0.9999999999999479,0.9999999999999479,3840,960
S3,SMOTETomek,50,0,XGB,0.9999999999999999,1.0,1.0,1.0,0.9999999999999479,0.9999999999999479,3840,960
S3,SMOTETomek,50,1,KNN,1.0,1.0,1.0,1.0,0.9999999999999479,0.9999999999999479,3840,960
S3,SMOTETomek,50,1,RF,0.9999654662252663,0.9999652777777779,0.9958333333333333,0.9958333333333333,0.9999999999999479,0.9999999999999479,3840,960
S3,SMOTETomek,50,1,LR,0.9667809838082433,0.9643923611111112,0.8831725616291533,0.8864583333333333,0.9999999999999479,0.9999999999999479,3840,960
S3,SMOTETomek,50,1,DT,0.9906940131124913,0.9947916666666667,0.9948078920041536,0.9947916666666667,0.9999999999999479,0.9999999999999479,3840,960
S3,SMOTETomek,50,1,XGB,0.9999782531159322,0.99998046875,0.997920997920998,0.9979166666666667,0.9999999999999479,0.9999999999999479,3840,960
S3,SMOTETomek,50,2,KNN,1.0,1.0,1.0,1.0,0.9999999999999479,0.9999999999999478,3840,960
S3,SMOTETomek,50,2,RF,1.0,1.0,1.0,1.0,0.9999999999999479,0.9999999999999478,3840,960
S3,SMOTETomek,50,2,LR,0.9657252194408943,0.9636979166666666,0.8835257082896117,0.884375,0.9999999999999479,0.9999999999999478,3840,960
S3,SMOTETomek,50,2,DT,0.9948089916839917,0.9968750000000001,0.9968782518210197,0.996875,0.9999999999999479,0.9999999999999478,3840,960
S3,SMOTETomek,50,2,XGB,0.9999869791289905,0.9999869791666667,0.9989594172736732,0.9989583333333334,0.9999999999999479,0.9999999999999478,3840,960
S3,SMOTETomek,50,3,KNN,1.0,1.0,1.0,1.0,0.9999999999999479,0.9999999999999479,3840,960
S3,SMOTETomek,50,3,RF,1.0,1.0,1.0,1.0,0.9999999999999479,0.9999999999999479,3840,960
S3,SMOTETomek,50,3,LR,0.9649103131123753,0.9633203125,0.8783068783068783,0.8802083333333334,0.9999999999999479,0.9999999999999479,3840,960
S3,SMOTETomek,50,3,DT,1.0,1.0,1.0,1.0,0.9999999999999479,0.9999999999999479,3840,960
S3,SMOTETomek,50,3,XGB,1.0,1.0,0.9989572471324296,0.9989583333333334,0.9999999999999479,0.9999999999999479,3840,960
S3,GMR,5,42,KNN,1.0,1.0,1.0,1.0,0.9999999999999479,0.9999999999999478,3840,960
S3,GMR,5,42,RF,1.0,1.0,1.0,1.0,0.9999999999999479,0.9999999999999478,3840,960
S3,GMR,5,42,LR,0.9671117910031262,0.9645833333333333,0.8858638743455497,0.8864583333333333,0.9999999999999479,0.9999999999999478,3840,960
S3,GMR,5,42,DT,0.9968793402777778,0.9979166666666668,0.9979166666666667,0.9979166666666667,0.9999999999999479,0.9999999999999478,3840,960
S3,GMR,5,42,XGB,0.9999956687456688,0.9999956597222223,0.9979166666666667,0.9979166666666667,0.9999999999999479,0.9999999999999478,3840,960
S3,GMR,5,0,KNN,1.0,1.0,1.0,1.0,0.9999999999999479,0.9999999999999479,3840,960
S3,GMR,5,0,RF,1.0,1.0,1.0,1.0,0.9999999999999479,0.9999999999999479,3840,960
S3,GMR,5,0,LR,0.9635560463807075,0.9618532986111111,0.8821052631578947,0.8833333333333333,0.9999999999999479,0.9999999999999479,3840,960
S3,GMR,5,0,DT,1.0,1.0,1.0,1.0,0.9999999999999479,0.9999999999999479,3840,960
S3,GMR,5,0,XGB,0.9999999999999999,1.0,1.0,1.0,0.9999999999999479,0.9999999999999479,3840,960
S3,GMR,5,1,KNN,1.0,1.0,1.0,1.0,0.9999999999999479,0.9999999999999479,3840,960
S3,GMR,5,1,RF,0.9999654662252663,0.9999652777777779,0.9958333333333333,0.9958333333333333,0.9999999999999479,0.9999999999999479,3840,960
S3,GMR,5,1,LR,0.9667809838082433,0.9643923611111112,0.8831725616291533,0.8864583333333333,0.9999999999999479,0.9999999999999479,3840,960
S3,GMR,5,1,DT,0.9906940131124913,0.9947916666666667,0.9948078920041536,0.9947916666666667,0.9999999999999479,0.9999999999999479,3840,960
S3,GMR,5,1,XGB,0.9999782531159322,0.99998046875,0.997920997920998,0.9979166666666667,0.9999999999999479,0.9999999999999479,3840,960
S3,GMR,5,2,KNN,1.0,1.0,1.0,1.0,0.9999999999999479,0.9999999999999478,3840,960
S3,GMR,5,2,RF,1.0,1.0,1.0,1.0,0.9999999999999479,0.9999999999999478,3840,960
S3,GMR,5,2,LR,0.9657301668161973,0.9637022569444444,0.8835257082896117,0.884375,0.9999999999999479,0.9999999999999478,3840,960
S3,GMR,5,2,DT,0.9948089916839917,0.9968750000000001,0.9968782518210197,0.996875,0.9999999999999479,0.9999999999999478,3840,960
S3,GMR,5,2,XGB,0.9999956687456687,0.9999956597222222,0.9989572471324296,0.9989583333333334,0.9999999999999479,0.9999999999999478,3840,960
S3,GMR,5,3,KNN,1.0,1.0,1.0,1.0,0.9999999999999479,1.000521104742001,3840,960
S3,GMR,5,3,RF,1.0,1.0,1.0,1.0,0.9999999999999479,1.000521104742001,3840,960
S3,GMR,5,3,LR,0.9648954585425069,0.9633072916666667,0.8783068783068783,0.8802083333333334,0.9999999999999479,1.000521104742001,3840,960
S3,GMR,5,3,DT,1.0,1.0,1.0,1.0,0.9999999999999479,1.000521104742001,3840,960
S3,GMR,5,3,XGB,0.9999956687456687,0.9999956597222223,0.9979166666666667,0.9979166666666667,0.9999999999999479,1.000521104742001,3840,960
S3,GMR,10,42,KNN,1.0,1.0,1.0,1.0,0.9999999999999479,0.9999999999999478,3840,960
S3,GMR,10,42,RF,1.0,1.0,1.0,1.0,0.9999999999999479,0.9999999999999478,3840,960
S3,GMR,10,42,LR,0.9671117910031262,0.9645833333333333,0.8858638743455497,0.8864583333333333,0.9999999999999479,0.9999999999999478,3840,960
S3,GMR,10,42,DT,0.9968793402777778,0.9979166666666668,0.9979166666666667,0.9979166666666667,0.9999999999999479,0.9999999999999478,3840,960
S3,GMR,10,42,XGB,0.9999956687456688,0.9999956597222223,0.9979166666666667,0.9979166666666667,0.9999999999999479,0.9999999999999478,3840,960
S3,GMR,10,0,KNN,1.0,1.0,1.0,1.0,0.9999999999999479,0.9999999999999479,3840,960
S3,GMR,10,0,RF,1.0,1.0,1.0,1.0,0.9999999999999479,0.9999999999999479,3840,960
S3,GMR,10,0,LR,0.9635560463807075,0.9618532986111111,0.8821052631578947,0.8833333333333333,0.9999999999999479,0.9999999999999479,3840,960
S3,GMR,10,0,DT,1.0,1.0,1.0,1.0,0.9999999999999479,0.9999999999999479,3840,960
S3,GMR,10,0,XGB,0.9999999999999999,1.0,1.0,1.0,0.9999999999999479,0.9999999999999479,3840,960
S3,GMR,10,1,KNN,1.0,1.0,1.0,1.0,0.9999999999999479,0.9999999999999479,3840,960
S3,GMR,10,1,RF,0.9999654662252663,0.9999652777777779,0.9958333333333333,0.9958333333333333,0.9999999999999479,0.9999999999999479,3840,960
S3,GMR,10,1,LR,0.9667809838082433,0.9643923611111112,0.8831725616291533,0.8864583333333333,0.9999999999999479,0.9999999999999479,3840,960
S3,GMR,10,1,DT,0.9906940131124913,0.9947916666666667,0.9948078920041536,0.9947916666666667,0.9999999999999479,0.9999999999999479,3840,960
S3,GMR,10,1,XGB,0.9999782531159322,0.99998046875,0.997920997920998,0.9979166666666667,0.9999999999999479,0.9999999999999479,3840,960
S3,GMR,10,2,KNN,1.0,1.0,1.0,1.0,0.9999999999999479,0.9999999999999478,3840,960
S3,GMR,10,2,RF,1.0,1.0,1.0,1.0,0.9999999999999479,0.9999999999999478,3840,960
S3,GMR,10,2,LR,0.9657301668161973,0.9637022569444444,0.8835257082896117,0.884375,0.9999999999999479,0.9999999999999478,3840,960
S3,GMR,10,2,DT,0.9948089916839917,0.9968750000000001,0.9968782518210197,0.996875,0.9999999999999479,0.9999999999999478,3840,960
S3,GMR,10,2,XGB,0.9999956687456687,0.9999956597222222,0.9989572471324296,0.9989583333333334,0.9999999999999479,0.9999999999999478,3840,960
S3,GMR,10,3,KNN,1.0,1.0,1.0,1.0,0.9999999999999479,1.000521104742001,3840,960
S3,GMR,10,3,RF,1.0,1.0,1.0,1.0,0.9999999999999479,1.000521104742001,3840,960
S3,GMR,10,3,LR,0.9648954585425069,0.9633072916666667,0.8783068783068783,0.8802083333333334,0.9999999999999479,1.000521104742001,3840,960
S3,GMR,10,3,DT,1.0,1.0,1.0,1.0,0.9999999999999479,1.000521104742001,3840,960
S3,GMR,10,3,XGB,0.9999956687456687,0.9999956597222223,0.9979166666666667,0.9979166666666667,0.9999999999999479,1.000521104742001,3840,960
S3,GMR,20,42,KNN,1.0,1.0,1.0,1.0,0.9999999999999479,0.9999999999999478,3840,960
S3,GMR,20,42,RF,1.0,1.0,1.0,1.0,0.9999999999999479,0.9999999999999478,3840,960
S3,GMR,20,42,LR,0.9671117910031262,0.9645833333333333,0.8858638743455497,0.8864583333333333,0.9999999999999479,0.9999999999999478,3840,960
S3,GMR,20,42,DT,0.9968793402777778,0.9979166666666668,0.9979166666666667,0.9979166666666667,0.9999999999999479,0.9999999999999478,3840,960
S3,GMR,20,42,XGB,0.9999956687456688,0.9999956597222223,0.9979166666666667,0.9979166666666667,0.9999999999999479,0.9999999999999478,3840,960
S3,GMR,20,0,KNN,1.0,1.0,1.0,1.0,0.9999999999999479,0.9999999999999479,3840,960
S3,GMR,20,0,RF,1.0,1.0,1.0,1.0,0.9999999999999479,0.9999999999999479,3840,960
S3,GMR,20,0,LR,0.9635560463807075,0.9618532986111111,0.8821052631578947,0.8833333333333333,0.9999999999999479,0.9999999999999479,3840,960
S3,GMR,20,0,DT,1.0,1.0,1.0,1.0,0.9999999999999479,0.9999999999999479,3840,960
S3,GMR,20,0,XGB,0.9999999999999999,1.0,1.0,1.0,0.9999999999999479,0.9999999999999479,3840,960
S3,GMR,20,1,KNN,1.0,1.0,1.0,1.0,0.9999999999999479,0.9999999999999479,3840,960
S3,GMR,20,1,RF,0.9999654662252663,0.9999652777777779,0.9958333333333333,0.9958333333333333,0.9999999999999479,0.9999999999999479,3840,960
S3,GMR,20,1,LR,0.9667809838082433,0.9643923611111112,0.8831725616291533,0.8864583333333333,0.9999999999999479,0.9999999999999479,3840,960
S3,GMR,20,1,DT,0.9906940131124913,0.9947916666666667,0.9948078920041536,0.9947916666666667,0.9999999999999479,0.9999999999999479,3840,960
S3,GMR,20,1,XGB,0.9999782531159322,0.99998046875,0.997920997920998,0.9979166666666667,0.9999999999999479,0.9999999999999479,3840,960
S3,GMR,20,2,KNN,1.0,1.0,1.0,1.0,0.9999999999999479,0.9999999999999478,3840,960
S3,GMR,20,2,RF,1.0,1.0,1.0,1.0,0.9999999999999479,0.9999999999999478,3840,960
S3,GMR,20,2,LR,0.9657301668161973,0.9637022569444444,0.8835257082896117,0.884375,0.9999999999999479,0.9999999999999478,3840,960
S3,GMR,20,2,DT,0.9948089916839917,0.9968750000000001,0.9968782518210197,0.996875,0.9999999999999479,0.9999999999999478,3840,960
S3,GMR,20,2,XGB,0.9999956687456687,0.9999956597222222,0.9989572471324296,0.9989583333333334,0.9999999999999479,0.9999999999999478,3840,960
S3,GMR,20,3,KNN,1.0,1.0,1.0,1.0,0.9999999999999479,1.000521104742001,3840,960
S3,GMR,20,3,RF,1.0,1.0,1.0,1.0,0.9999999999999479,1.000521104742001,3840,960
S3,GMR,20,3,LR,0.9648954585425069,0.9633072916666667,0.8783068783068783,0.8802083333333334,0.9999999999999479,1.000521104742001,3840,960
S3,GMR,20,3,DT,1.0,1.0,1.0,1.0,0.9999999999999479,1.000521104742001,3840,960
S3,GMR,20,3,XGB,0.9999956687456687,0.9999956597222223,0.9979166666666667,0.9979166666666667,0.9999999999999479,1.000521104742001,3840,960
S3,GMR,50,42,KNN,1.0,1.0,1.0,1.0,0.9999999999999479,0.9999999999999478,3840,960
S3,GMR,50,42,RF,1.0,1.0,1.0,1.0,0.9999999999999479,0.9999999999999478,3840,960
S3,GMR,50,42,LR,0.9671117910031262,0.9645833333333333,0.8858638743455497,0.8864583333333333,0.9999999999999479,0.9999999999999478,3840,960
S3,GMR,50,42,DT,0.9968793402777778,0.9979166666666668,0.9979166666666667,0.9979166666666667,0.9999999999999479,0.9999999999999478,3840,960
S3,GMR,50,42,XGB,0.9999956687456688,0.9999956597222223,0.9979166666666667,0.9979166666666667,0.9999999999999479,0.9999999999999478,3840,960
S3,GMR,50,0,KNN,1.0,1.0,1.0,1.0,0.9999999999999479,0.9999999999999479,3840,960
S3,GMR,50,0,RF,1.0,1.0,1.0,1.0,0.9999999999999479,0.9999999999999479,3840,960
S3,GMR,50,0,LR,0.9635560463807075,0.9618532986111111,0.8821052631578947,0.8833333333333333,0.9999999999999479,0.9999999999999479,3840,960
S3,GMR,50,0,DT,1.0,1.0,1.0,1.0,0.9999999999999479,0.9999999999999479,3840,960
S3,GMR,50,0,XGB,0.9999999999999999,1.0,1.0,1.0,0.9999999999999479,0.9999999999999479,3840,960
S3,GMR,50,1,KNN,1.0,1.0,1.0,1.0,0.9999999999999479,0.9999999999999479,3840,960
S3,GMR,50,1,RF,0.9999654662252663,0.9999652777777779,0.9958333333333333,0.9958333333333333,0.9999999999999479,0.9999999999999479,3840,960
S3,GMR,50,1,LR,0.9667809838082433,0.9643923611111112,0.8831725616291533,0.8864583333333333,0.9999999999999479,0.9999999999999479,3840,960
S3,GMR,50,1,DT,0.9906940131124913,0.9947916666666667,0.9948078920041536,0.9947916666666667,0.9999999999999479,0.9999999999999479,3840,960
S3,GMR,50,1,XGB,0.9999782531159322,0.99998046875,0.997920997920998,0.9979166666666667,0.9999999999999479,0.9999999999999479,3840,960
S3,GMR,50,2,KNN,1.0,1.0,1.0,1.0,0.9999999999999479,0.9999999999999478,3840,960
S3,GMR,50,2,RF,1.0,1.0,1.0,1.0,0.9999999999999479,0.9999999999999478,3840,960
S3,GMR,50,2,LR,0.9657301668161973,0.9637022569444444,0.8835257082896117,0.884375,0.9999999999999479,0.9999999999999478,3840,960
S3,GMR,50,2,DT,0.9948089916839917,0.9968750000000001,0.9968782518210197,0.996875,0.9999999999999479,0.9999999999999478,3840,960
S3,GMR,50,2,XGB,0.9999956687456687,0.9999956597222222,0.9989572471324296,0.9989583333333334,0.9999999999999479,0.9999999999999478,3840,960
S3,GMR,50,3,KNN,1.0,1.0,1.0,1.0,0.9999999999999479,1.000521104742001,3840,960
S3,GMR,50,3,RF,1.0,1.0,1.0,1.0,0.9999999999999479,1.000521104742001,3840,960
S3,GMR,50,3,LR,0.9648954585425069,0.9633072916666667,0.8783068783068783,0.8802083333333334,0.9999999999999479,1.000521104742001,3840,960
S3,GMR,50,3,DT,1.0,1.0,1.0,1.0,0.9999999999999479,1.000521104742001,3840,960
S3,GMR,50,3,XGB,0.9999956687456687,0.9999956597222223,0.9979166666666667,0.9979166666666667,0.9999999999999479,1.000521104742001,3840,960
S4,None,5,42,KNN,0.7667345799384742,0.9545625000000001,0.7435897435897436,0.84,4.999999999996875,4.999999999996875,960,240
S4,None,5,42,RF,0.7661168388380417,0.96125,0.7894736842105263,0.86,4.999999999996875,4.999999999996875,960,240
S4,None,5,42,LR,0.20283435607725736,0.63375,0.3333333333333333,0.6000000000000001,4.999999999996875,4.999999999996875,960,240
S4,None,5,42,DT,0.6439393939393939,0.8375,0.7671232876712328,0.8374999999999999,4.999999999996875,4.999999999996875,960,240
S4,None,5,42,XGB,0.7938497428159055,0.9545625,0.8051948051948052,0.8725,4.999999999996875,4.999999999996875,960,240
S4,None,5,0,KNN,0.783707948185877,0.95775,0.7435897435897436,0.84,4.999999999996875,4.999999999996875,960,240
S4,None,5,0,RF,0.8908520966135507,0.9715,0.8533333333333334,0.8925000000000001,4.999999999996875,4.999999999996875,960,240
S4,None,5,0,LR,0.20424227272196468,0.638,0.3609022556390977,0.6275,4.999999999996875,4.999999999996875,960,240
S4,None,5,0,DT,0.7252252252252253,0.8875,0.8311688311688312,0.8875,4.999999999996875,4.999999999996875,960,240
S4,None,5,0,XGB,0.8807957287050469,0.9700000000000001,0.8354430379746836,0.8975,4.999999999996875,4.999999999996875,960,240
S4,None,5,1,KNN,0.7519229594330401,0.94475,0.8,0.8975,4.999999999996875,4.999999999996875,960,240
S4,None,5,1,RF,0.7294972825553669,0.9621875,0.775,0.865,4.999999999996875,4.999999999996875,960,240
S4,None,5,1,LR,0.21216101336053633,0.653875,0.3384615384615385,0.605,4.999999999996875,4.999999999996875,960,240
S4,None,5,1,DT,0.49019607843137253,0.775,0.6486486486486487,0.7749999999999999,4.999999999996875,4.999999999996875,960,240
S4,None,5,1,XGB,0.7230140382309221,0.9555000000000001,0.72,0.8175,4.999999999996875,4.999999999996875,960,240
S4,None,5,2,KNN,0.7737990196078431,0.9690000000000001,0.8181818181818182,0.9199999999999999,4.999999999996875,4.999999999996875,960,240
S4,None,5,2,RF,0.7945309153986487,0.9721875,0.8181818181818182,0.9199999999999999,4.999999999996875,4.999999999996875,960,240
S4,None,5,2,LR,0.19270816098166604,0.607125,0.3698630136986301,0.64,4.999999999996875,4.999999999996875,960,240
S4,None,5,2,DT,0.6672222222222222,0.8975000000000001,0.8,0.8975,4.999999999996875,4.999999999996875,960,240
S4,None,5,2,XGB,0.7422096829959202,0.959875,0.7906976744186046,0.895,4.999999999996875,4.999999999996875,960,240
S4,None,5,3,KNN,0.8174567956318529,0.9731875,0.813953488372093,0.9099999999999999,4.999999999996875,4.999999999996875,960,240
S4,None,5,3,RF,0.769884035231515,0.9698124999999997,0.8205128205128205,0.885,4.999999999996875,4.999999999996875,960,240
S4,None,5,3,LR,0.18676908425791508,0.5916250000000001,0.3790849673202614,0.6525,4.999999999996875,4.999999999996875,960,240
S4,None,5,3,DT,0.6185897435897436,0.8524999999999999,0.759493670886076,0.8525,4.999999999996875,4.999999999996875,960,240
S4,None,5,3,XGB,0.7317663485355324,0.9625,0.8,0.88,4.999999999996875,4.999999999996875,960,240
S4,None,10,42,KNN,0.7306226601681147,0.9569432860717265,0.6666666666666666,0.8407005838198499,10.034482758609155,10.034482758609155,960,240
S4,None,10,42,RF,0.6463074755755236,0.9246246872393662,0.723404255319149,0.8680150125104253,10.034482758609155,10.034482758609155,960,240
S4,None,10,42,LR,0.10984492751806425,0.6013344453711427,0.21311475409836064,0.5959132610508757,10.034482758609155,10.034482758609155,960,240
S4,None,10,42,DT,0.5426406926406927,0.8861551292743954,0.72,0.8861551292743954,10.034482758609155,10.034482758609155,960,240
S4,None,10,42,XGB,0.6267729321277791,0.9245204336947457,0.6938775510204082,0.8634278565471226,10.034482758609155,10.034482758609155,960,240
S4,None,10,0,KNN,0.6211095921622237,0.9489157631359465,0.5853658536585366,0.7566722268557131,10.034482758609155,10.034482758609155,960,240
S4,None,10,0,RF,0.6040226063235395,0.9442243536280234,0.65,0.7839866555462887,10.034482758609155,10.034482758609155,960,240
S4,None,10,0,LR,0.1134858004651273,0.615929941618015,0.17699115044247787,0.5414929107589658,10.034482758609155,10.034482758609155,960,240
S4,None,10,0,DT,0.4053030303030303,0.7589658048373644,0.6,0.7589658048373644,10.034482758609155,10.034482758609155,960,240
S4,None,10,0,XGB,0.6424323629445333,0.9546497080900751,0.6341463414634146,0.7816930775646372,10.034482758609155,10.034482758609155,960,240
S4,None,10,1,KNN,0.7008658008658007,0.933069224353628,0.7619047619047619,0.8544620517097581,10.034482758609155,10.034482758609155,960,240
S4,None,10,1,RF,0.6997357522872931,0.9794620517097582,0.7317073170731707,0.8317347789824854,10.034482758609155,10.034482758609155,960,240
S4,None,10,1,LR,0.11910935608471634,0.6340700583819849,0.20869565217391303,0.5869474562135113,10.034482758609155,10.034482758609155,960,240
S4,None,10,1,DT,0.37467532467532466,0.7180984153461217,0.5555555555555556,0.7180984153461217,10.034482758609155,10.034482758609155,960,240
S4,None,10,1,XGB,0.7413262100606312,0.9766472060050041,0.6153846153846154,0.7612593828190158,10.034482758609155,10.034482758609155,960,240
S4,None,10,2,KNN,0.6676498232949846,0.9755004170141786,0.5789473684210527,0.7385321100917431,10.034482758609155,10.034482758609155,960,240
S4,None,10,2,RF,0.760934754490904,0.9750834028356965,0.6,0.7589658048373644,10.034482758609155,10.034482758609155,960,240
S4,None,10,2,LR,0.11455099085749787,0.6140533778148458,0.27419354838709675,0.6914095079232694,10.034482758609155,10.034482758609155,960,240
S4,None,10,2,DT,0.2892344497607655,0.706630525437865,0.4878048780487805,0.7066305254378649,10.034482758609155,10.034482758609155,960,240
S4,None,10,2,XGB,0.6914862030667022,0.963302752293578,0.6,0.7589658048373644,10.034482758609155,10.034482758609155,960,240
S4,None,10,3,KNN,0.6739743258007016,0.9526688907422853,0.6956521739130435,0.8452877397831526,10.034482758609155,10.034482758609155,960,240
S4,None,10,3,RF,0.5994235126568183,0.9218098415346121,0.6808510638297872,0.8429941618015013,10.034482758609155,10.034482758609155,960,240
S4,None,10,3,LR,0.10473591780559405,0.5794412010008341,0.2153846153846154,0.6025854879065888,10.034482758609155,10.034482758609155,960,240
S4,None,10,3,DT,0.4904545454545455,0.8429941618015012,0.6808510638297872,0.8429941618015013,10.034482758609155,10.034482758609155,960,240
S4,None,10,3,XGB,0.616653868932633,0.9337989991659716,0.6956521739130435,0.8452877397831526,10.034482758609155,10.034482758609155,960,240
S4,None,20,42,KNN,0.6493200916730328,0.9861055974593093,0.72,0.8981738785232235,19.869565217348107,19.869565217348107,960,240
S4,None,20,42,RF,0.6945034763216582,0.9851131401349742,0.6363636363636364,0.8094481937276696,19.869565217348107,19.869565217348107,960,240
S4,None,20,42,LR,0.05806211970478974,0.5978562921794363,0.10810810810810811,0.5674870980547837,19.869565217348107,19.869565217348107,960,240
S4,None,20,42,DT,0.3844696969696969,0.7661770543866614,0.6,0.7661770543866613,19.869565217348107,19.869565217348107,960,240
S4,None,20,42,XGB,0.6045014644446463,0.9184200079396586,0.5714285714285714,0.7639936482731242,19.869565217348107,19.869565217348107,960,240
S4,None,20,0,KNN,0.3870179063360882,0.9227868201667329,0.45454545454545453,0.7141722905915046,19.869565217348107,19.869565217348107,960,240
S4,None,20,0,RF,0.480316961707336,0.9730051607780865,0.47619047619047616,0.7163556967050416,19.869565217348107,19.869565217348107,960,240
S4,None,20,0,LR,0.053876055660388944,0.5676855895196506,0.09345794392523364,0.5285827709408495,19.869565217348107,19.869565217348107,960,240
S4,None,20,0,DT,0.19078282828282828,0.6709011512504963,0.4,0.6709011512504962,19.869565217348107,19.869565217348107,960,240
S4,None,20,0,XGB,0.48065832828709276,0.9497816593886462,0.4,0.6709011512504962,19.869565217348107,19.869565217348107,960,240
S4,None,20,1,KNN,0.4509986225895316,0.9287415641127432,0.5454545454545454,0.7618102421595871,19.869565217348107,19.869565217348107,960,240
S4,None,20,1,RF,0.45533104709675165,0.9636760619293371,0.5714285714285714,0.7639936482731242,19.869565217348107,19.869565217348107,960,240
S4,None,20,1,LR,0.045190193876747636,0.4938467645891227,0.05172413793103448,0.4136562127828503,19.869565217348107,19.869565217348107,960,240
S4,None,20,1,DT,0.17462121212121215,0.6687177451369591,0.38095238095238093,0.6687177451369591,19.869565217348107,19.869565217348107,960,240
S4,None,20,1,XGB,0.4050882198609471,0.9523620484319175,0.5,0.7574434299325129,19.869565217348107,19.869565217348107,960,240
S4,None,20,2,KNN,0.3992132867132867,0.8451766574037316,0.375,0.6319968241365621,19.869565217348107,19.869565217348107,960,240
S4,None,20,2,RF,0.3420528335301063,0.9086939261611751,0.21052631578947367,0.5778086542278682,19.869565217348107,19.869565217348107,960,240
S4,None,20,2,LR,0.05878376851315848,0.5982532751091704,0.05825242718446602,0.44204049225883285,19.869565217348107,19.869565217348107,960,240
S4,None,20,2,DT,0.16969696969696968,0.6298134180230249,0.35294117647058826,0.629813418023025,19.869565217348107,19.869565217348107,960,240
S4,None,20,2,XGB,0.3630413645299299,0.8858674077014688,0.5,0.7185391028185788,19.869565217348107,19.869565217348107,960,240
S4,None,20,3,KNN,0.42613636363636365,0.9652639936482731,0.42105263157894735,0.6730845573640334,19.869565217348107,19.869565217348107,960,240
S4,None,20,3,RF,0.4895798645798646,0.9676458912266772,0.36363636363636365,0.666534339023422,19.869565217348107,19.869565217348107,960,240
S4,None,20,3,LR,0.0537771335434247,0.5664946407304485,0.0975609756097561,0.5412862246923382,19.869565217348107,19.869565217348107,960,240
S4,None,20,3,DT,0.22537878787878787,0.7508932115919015,0.4444444444444444,0.7508932115919016,19.869565217348107,19.869565217348107,960,240
S4,None,20,3,XGB,0.4195357304034205,0.964073044859071,0.5217391304347826,0.7596268360460501,19.869565217348107,19.869565217348107,960,240
S4,None,50,42,KNN,0.6038461538461538,0.9902127659574468,0.6666666666666666,0.7978723404255319,52.333333333042596,52.333333333042596,960,240
S4,None,50,42,RF,0.5988888888888889,0.9868085106382978,0.6666666666666666,0.7978723404255319,52.333333333042596,52.333333333042596,960,240
S4,None,50,42,LR,0.023081925057106663,0.48851063829787233,0.032,0.448936170212766,52.333333333042596,52.333333333042596,960,240
S4,None,50,42,DT,0.36833333333333335,0.7957446808510639,0.6,0.7957446808510638,52.333333333042596,52.333333333042596,960,240
S4,None,50,42,XGB,0.6302564102564103,0.9897872340425532,0.8,0.897872340425532,52.333333333042596,52.333333333042596,960,240
S4,None,50,0,KNN,0.35833333333333334,0.7855319148936172,0.25,0.5957446808510638,52.333333333042596,52.333333333042596,960,240
S4,None,50,0,RF,0.5833333333333333,0.9761702127659575,0.4444444444444444,0.6957446808510639,52.333333333042596,52.333333333042596,960,240
S4,None,50,0,LR,0.027943130489984633,0.571063829787234,0.04,0.5021276595744681,52.333333333042596,52.333333333042596,960,240
S4,None,50,0,DT,0.14583333333333334,0.6914893617021276,0.36363636363636365,0.6914893617021276,52.333333333042596,52.333333333042596,960,240
S4,None,50,0,XGB,0.45897435897435895,0.9506382978723403,0.36363636363636365,0.6914893617021276,52.333333333042596,52.333333333042596,960,240
S4,None,50,1,KNN,0.2174242424242424,0.7829787234042553,0.2857142857142857,0.597872340425532,52.333333333042596,52.333333333042596,960,240
S4,None,50,1,RF,0.2729112554112554,0.8706382978723405,0.0,0.4978723404255319,52.333333333042596,52.333333333042596,960,240
S4,None,50,1,LR,0.023146813697477456,0.4919148936170213,0.03773584905660377,0.48936170212765956,52.333333333042596,52.333333333042596,960,240
S4,None,50,1,DT,0.06666666666666667,0.5936170212765958,0.2222222222222222,0.5936170212765958,52.333333333042596,52.333333333042596,960,240
S4,None,50,1,XGB,0.2855913978494624,0.9553191489361702,0.0,0.4957446808510638,52.333333333042596,52.333333333042596,960,240
S4,None,50,2,KNN,0.29404761904761906,0.7812765957446809,0.0,0.5,52.333333333042596,52.333333333042596,960,240
S4,None,50,2,RF,0.2625,0.6553191489361702,0.3333333333333333,0.6,52.333333333042596,52.333333333042596,960,240
S4,None,50,2,LR,0.022915368192018178,0.4859574468085106,0.036036036036036036,0.4787234042553192,52.333333333042596,52.333333333042596,960,240
S4,None,50,2,DT,0.08333333333333333,0.5957446808510638,0.25,0.5957446808510638,52.333333333042596,52.333333333042596,960,240
S4,None,50,2,XGB,0.30686332052997284,0.7404255319148936,0.3333333333333333,0.6,52.333333333042596,52.333333333042596,960,240
S4,None,50,3,KNN,0.09987179487179487,0.7608510638297873,0.0,0.49148936170212765,52.333333333042596,52.333333333042596,960,240
S4,None,50,3,RF,0.18866138763197587,0.9485106382978723,0.0,0.49148936170212765,52.333333333042596,52.333333333042596,960,240
S4,None,50,3,LR,0.028157696250108062,0.585531914893617,0.05263157894736842,0.574468085106383,52.333333333042596,52.333333333042596,960,240
S4,None,50,3,DT,0.03888888888888889,0.5829787234042553,0.14285714285714285,0.5829787234042553,52.333333333042596,52.333333333042596,960,240
S4,None,50,3,XGB,0.2293160198808466,0.9412765957446808,0.18181818181818182,0.5893617021276596,52.333333333042596,52.333333333042596,960,240
S4,TomekLinks,5,42,KNN,0.7736593137254901,0.9555000000000001,0.725,0.835,4.999999999996875,4.88124999999695,960,240
S4,TomekLinks,5,42,RF,0.76623202591886,0.9483750000000001,0.75,0.85,4.999999999996875,4.88124999999695,960,240
S4,TomekLinks,5,42,LR,0.20413153837466055,0.636625,0.3308270676691729,0.5975,4.999999999996875,4.88124999999695,960,240
S4,TomekLinks,5,42,DT,0.5849358974358974,0.8374999999999999,0.7341772151898734,0.8374999999999999,4.999999999996875,4.88124999999695,960,240
S4,TomekLinks,5,42,XGB,0.773411249698434,0.959125,0.775,0.865,4.999999999996875,4.88124999999695,960,240
S4,TomekLinks,5,0,KNN,0.8045885176651306,0.9610625,0.8,0.8975,4.999999999996875,4.831249999996981,960,240
S4,TomekLinks,5,0,RF,0.8949632346504668,0.9700625,0.8292682926829268,0.905,4.999999999996875,4.831249999996981,960,240
S4,TomekLinks,5,0,LR,0.20599879468097648,0.641625,0.3609022556390977,0.6275,4.999999999996875,4.831249999996981,960,240
S4,TomekLinks,5,0,DT,0.6234756097560976,0.8624999999999999,0.7654320987654321,0.8625,4.999999999996875,4.831249999996981,960,240
S4,TomekLinks,5,0,XGB,0.8747061339472192,0.974375,0.8395061728395061,0.9075,4.999999999996875,4.831249999996981,960,240
S4,TomekLinks,5,1,KNN,0.735337007953287,0.951875,0.8,0.915,4.999999999996875,4.8687499999969575,960,240
S4,TomekLinks,5,1,RF,0.7416720634120753,0.96375,0.8235294117647058,0.9125,4.999999999996875,4.8687499999969575,960,240
S4,TomekLinks,5,1,LR,0.2134558149926782,0.656375,0.3384615384615385,0.605,4.999999999996875,4.8687499999969575,960,240
S4,TomekLinks,5,1,DT,0.6095238095238096,0.8599999999999999,0.7560975609756098,0.86,4.999999999996875,4.8687499999969575,960,240
S4,TomekLinks,5,1,XGB,0.7122772273052691,0.959875,0.759493670886076,0.8525,4.999999999996875,4.8687499999969575,960,240
S4,TomekLinks,5,2,KNN,0.7799949937964465,0.969875,0.8089887640449438,0.9175,4.999999999996875,4.862499999996961,960,240
S4,TomekLinks,5,2,RF,0.8471230387311421,0.9739375,0.8222222222222222,0.93,4.999999999996875,4.862499999996961,960,240
S4,TomekLinks,5,2,LR,0.19162649179196287,0.6045,0.3561643835616438,0.625,4.999999999996875,4.862499999996961,960,240
S4,TomekLinks,5,2,DT,0.6724290780141844,0.9075,0.8045977011494253,0.9075,4.999999999996875,4.862499999996961,960,240
S4,TomekLinks,5,2,XGB,0.7825527287431188,0.9606874999999999,0.8043478260869565,0.925,4.999999999996875,4.862499999996961,960,240
S4,TomekLinks,5,3,KNN,0.8510256835128418,0.977375,0.7912087912087912,0.9125000000000001,4.999999999996875,4.837499999996977,960,240
S4,TomekLinks,5,3,RF,0.7711930993102729,0.9690625,0.8095238095238095,0.8999999999999999,4.999999999996875,4.837499999996977,960,240
S4,TomekLinks,5,3,LR,0.18635102869419265,0.59075,0.38961038961038963,0.665,4.999999999996875,4.837499999996977,960,240
S4,TomekLinks,5,3,DT,0.6022222222222222,0.8675,0.7529411764705882,0.8675,4.999999999996875,4.837499999996977,960,240
S4,TomekLinks,5,3,XGB,0.7516553345010342,0.9688749999999999,0.8192771084337349,0.9025,4.999999999996875,4.837499999996977,960,240
S4,TomekLinks,10,42,KNN,0.6656142818153795,0.9541284403669725,0.72,0.8861551292743954,10.034482758609155,9.850574712632355,960,240
S4,TomekLinks,10,42,RF,0.5618674238309829,0.9354670558798999,0.68,0.8611342785654712,10.034482758609155,9.850574712632355,960,240
S4,TomekLinks,10,42,LR,0.1087794631386533,0.5975813177648039,0.21138211382113822,0.5936196830692244,10.034482758609155,9.850574712632355,960,240
S4,TomekLinks,10,42,DT,0.4904545454545455,0.8429941618015012,0.6808510638297872,0.8429941618015013,10.034482758609155,9.850574712632355,960,240
S4,TomekLinks,10,42,XGB,0.553882597267447,0.9437030859049208,0.6666666666666666,0.8588407005838199,10.034482758609155,9.850574712632355,960,240
S4,TomekLinks,10,0,KNN,0.6793568804932442,0.9536071726438698,0.6818181818181818,0.8248540450375312,10.034482758609155,9.827586206885256,960,240
S4,TomekLinks,10,0,RF,0.7106088017060057,0.9481859883236029,0.6666666666666666,0.80442035029191,10.034482758609155,9.827586206885256,960,240
S4,TomekLinks,10,0,LR,0.11368660896419229,0.6165554628857381,0.17543859649122806,0.5391993327773145,10.034482758609155,9.827586206885256,960,240
S4,TomekLinks,10,0,DT,0.4418062200956938,0.7816930775646371,0.6341463414634146,0.7816930775646372,10.034482758609155,9.827586206885256,960,240
S4,TomekLinks,10,0,XGB,0.670037588162713,0.9458924103419516,0.6666666666666666,0.80442035029191,10.034482758609155,9.827586206885256,960,240
S4,TomekLinks,10,1,KNN,0.7594639491290209,0.9782110091743119,0.723404255319149,0.8680150125104253,10.034482758609155,9.827586206885256,960,240
S4,TomekLinks,10,1,RF,0.7483331506986844,0.978628023352794,0.7142857142857143,0.8294412010008341,10.034482758609155,9.827586206885256,960,240
S4,TomekLinks,10,1,LR,0.11898111586344551,0.6336530442035029,0.20512820512820512,0.5823603002502085,10.034482758609155,9.827586206885256,960,240
S4,TomekLinks,10,1,DT,0.38616427432216904,0.756672226855713,0.5853658536585366,0.7566722268557131,10.034482758609155,9.827586206885256,960,240
S4,TomekLinks,10,1,XGB,0.7733770486451472,0.975604670558799,0.5853658536585366,0.7566722268557131,10.034482758609155,9.827586206885256,960,240
S4,TomekLinks,10,2,KNN,0.7509740259740261,0.9822768974145121,0.782608695652174,0.8953294412010009,10.034482758609155,9.804597701138155,960,240
S4,TomekLinks,10,2,RF,0.806999029103826,0.9802960800667222,0.782608695652174,0.8953294412010009,10.034482758609155,9.804597701138155,960,240
S4,TomekLinks,10,2,LR,0.11446345171464886,0.6136363636363636,0.27419354838709675,0.6914095079232694,10.034482758609155,9.804597701138155,960,240
S4,TomekLinks,10,2,DT,0.37149209486166007,0.7725187656380317,0.5777777777777777,0.7725187656380317,10.034482758609155,9.804597701138155,960,240
S4,TomekLinks,10,2,XGB,0.7553311339009476,0.9741451209341118,0.6363636363636364,0.7998331943286072,10.034482758609155,9.804597701138155,960,240
S4,TomekLinks,10,3,KNN,0.6633980624731153,0.9523561301084237,0.6956521739130435,0.8452877397831526,10.034482758609155,9.758620689643955,960,240
S4,TomekLinks,10,3,RF,0.6694968832058156,0.9220183486238532,0.7083333333333334,0.865721434528774,10.034482758609155,9.758620689643955,960,240
S4,TomekLinks,10,3,LR,0.10415699815213639,0.5771476230191827,0.21374045801526717,0.6002919099249374,10.034482758609155,9.758620689643955,960,240
S4,TomekLinks,10,3,DT,0.5260780885780886,0.8657214345287739,0.7083333333333334,0.865721434528774,10.034482758609155,9.758620689643955,960,240
S4,TomekLinks,10,3,XGB,0.6710743908949683,0.9464136780650543,0.6666666666666666,0.8225604670558799,10.034482758609155,9.758620689643955,960,240
S4,TomekLinks,20,42,KNN,0.6283011106540519,0.9837236998809051,0.6923076923076923,0.8959904724096864,19.869565217348107,19.565217391261815,960,240
S4,TomekLinks,20,42,RF,0.634430216248398,0.9829297340214371,0.6666666666666666,0.852719333068678,19.869565217348107,19.565217391261815,960,240
S4,TomekLinks,20,42,LR,0.057740605480977876,0.5958713775307662,0.10714285714285714,0.5653036919412465,19.869565217348107,19.565217391261815,960,240
S4,TomekLinks,20,42,DT,0.3878787878787879,0.8072647876141326,0.6086956521739131,0.8072647876141326,19.869565217348107,19.565217391261815,960,240
S4,TomekLinks,20,42,XGB,0.5517790290517562,0.981341802302501,0.6666666666666666,0.852719333068678,19.869565217348107,19.565217391261815,960,240
S4,TomekLinks,20,0,KNN,0.39581037649219464,0.924374751885669,0.43478260869565216,0.7119888844779675,19.869565217348107,19.608695652131285,960,240
S4,TomekLinks,20,0,RF,0.5538769311496584,0.9749900754267566,0.5454545454545454,0.7618102421595871,19.869565217348107,19.608695652131285,960,240
S4,TomekLinks,20,0,LR,0.053818880131515305,0.5672886065899166,0.09345794392523364,0.5285827709408495,19.869565217348107,19.608695652131285,960,240
S4,TomekLinks,20,0,DT,0.17462121212121215,0.6687177451369591,0.38095238095238093,0.6687177451369591,19.869565217348107,19.608695652131285,960,240
S4,TomekLinks,20,0,XGB,0.5396825396825397,0.9483922191345773,0.47619047619047616,0.7163556967050416,19.869565217348107,19.608695652131285,960,240
S4,TomekLinks,20,1,KNN,0.5468663911845729,0.9305279872965463,0.5454545454545454,0.7618102421595871,19.869565217348107,19.58695652169655,960,240
S4,TomekLinks,20,1,RF,0.4281589758862486,0.962882096069869,0.5217391304347826,0.7596268360460501,19.869565217348107,19.58695652169655,960,240
S4,TomekLinks,20,1,LR,0.04445848855438362,0.4847161572052402,0.05084745762711865,0.4092894005557761,19.869565217348107,19.58695652169655,960,240
S4,TomekLinks,20,1,DT,0.4003787878787879,0.8483525208416038,0.6153846153846154,0.8483525208416038,19.869565217348107,19.58695652169655,960,240
S4,TomekLinks,20,1,XGB,0.40418401375339175,0.9559348947995236,0.4444444444444444,0.7508932115919016,19.869565217348107,19.58695652169655,960,240
S4,TomekLinks,20,2,KNN,0.4297077922077922,0.8447796744739976,0.5263157894736842,0.7207225089321159,19.869565217348107,19.521739130392344,960,240
S4,TomekLinks,20,2,RF,0.4448763698763698,0.8717745136959112,0.5217391304347826,0.7596268360460501,19.869565217348107,19.521739130392344,960,240
S4,TomekLinks,20,2,LR,0.058911743835907034,0.5990472409686384,0.05825242718446602,0.44204049225883285,19.869565217348107,19.521739130392344,960,240
S4,TomekLinks,20,2,DT,0.31835399449035806,0.7618102421595871,0.5454545454545454,0.7618102421595871,19.869565217348107,19.521739130392344,960,240
S4,TomekLinks,20,2,XGB,0.43980219548092014,0.8991663358475586,0.45454545454545453,0.7141722905915046,19.869565217348107,19.521739130392344,960,240
S4,TomekLinks,20,3,KNN,0.4496786042240588,0.9710202461294164,0.5454545454545454,0.7618102421595871,19.869565217348107,19.478260869522874,960,240
S4,TomekLinks,20,3,RF,0.5187532728709199,0.9753870583564906,0.6428571428571429,0.8916236601826122,19.869565217348107,19.478260869522874,960,240
S4,TomekLinks,20,3,LR,0.053399935684779284,0.5637157602223104,0.0975609756097561,0.5412862246923382,19.869565217348107,19.478260869522874,960,240
S4,TomekLinks,20,3,DT,0.278698752228164,0.7963477570464469,0.5,0.796347757046447,19.869565217348107,19.478260869522874,960,240
S4,TomekLinks,20,3,XGB,0.5239580680757151,0.9736006351726876,0.6,0.8872568479555379,19.869565217348107,19.478260869522874,960,240
S4,TomekLinks,50,42,KNN,0.5405128205128205,0.9893617021276595,0.6,0.7957446808510638,52.333333333042596,51.833333333045374,960,240
S4,TomekLinks,50,42,RF,0.5745421245421245,0.9880851063829788,0.5454545454545454,0.7936170212765957,52.333333333042596,51.833333333045374,960,240
S4,TomekLinks,50,42,LR,0.023081925057106663,0.48851063829787233,0.032,0.448936170212766,52.333333333042596,51.833333333045374,960,240
S4,TomekLinks,50,42,DT,0.4041666666666667,0.8914893617021277,0.6153846153846154,0.8914893617021277,52.333333333042596,51.833333333045374,960,240
S4,TomekLinks,50,42,XGB,0.650909090909091,0.9914893617021276,0.7272727272727273,0.8957446808510638,52.333333333042596,51.833333333045374,960,240
S4,TomekLinks,50,0,KNN,0.235,0.7851063829787235,0.4444444444444444,0.6957446808510639,52.333333333042596,51.77777777749013,960,240
S4,TomekLinks,50,0,RF,0.4570588235294118,0.9697872340425532,0.2857142857142857,0.6851063829787234,52.333333333042596,51.77777777749013,960,240
S4,TomekLinks,50,0,LR,0.027987923323131325,0.5719148936170212,0.04,0.5021276595744681,52.333333333042596,51.77777777749013,960,240
S4,TomekLinks,50,0,DT,0.1125,0.6872340425531914,0.3076923076923077,0.6872340425531915,52.333333333042596,51.77777777749013,960,240
S4,TomekLinks,50,0,XGB,0.5837121212121212,0.9770212765957447,0.3076923076923077,0.6872340425531915,52.333333333042596,51.77777777749013,960,240
S4,TomekLinks,50,1,KNN,0.20833333333333331,0.7817021276595746,0.2857142857142857,0.597872340425532,52.333333333042596,51.999999999711115,960,240
S4,TomekLinks,50,1,RF,0.2791666666666667,0.8740425531914893,0.0,0.4957446808510638,52.333333333042596,51.999999999711115,960,240
S4,TomekLinks,50,1,LR,0.023146813697477456,0.4919148936170213,0.037383177570093455,0.4872340425531915,52.333333333042596,51.999999999711115,960,240
S4,TomekLinks,50,1,DT,0.020833333333333332,0.4957446808510638,0.0,0.4957446808510638,52.333333333042596,51.999999999711115,960,240
S4,TomekLinks,50,1,XGB,0.34444444444444444,0.9617021276595744,0.0,0.4957446808510638,52.333333333042596,51.999999999711115,960,240
S4,TomekLinks,50,2,KNN,0.28833333333333333,0.7795744680851064,0.0,0.5,52.333333333042596,51.888888888600626,960,240
S4,TomekLinks,50,2,RF,0.35803030303030303,0.8625531914893618,0.3333333333333333,0.6,52.333333333042596,51.888888888600626,960,240
S4,TomekLinks,50,2,LR,0.022964508241158227,0.4868085106382979,0.036036036036036036,0.4787234042553192,52.333333333042596,51.888888888600626,960,240
S4,TomekLinks,50,2,DT,0.11666666666666667,0.5978723404255318,0.2857142857142857,0.597872340425532,52.333333333042596,51.888888888600626,960,240
S4,TomekLinks,50,2,XGB,0.265891984750356,0.6880851063829787,0.2857142857142857,0.597872340425532,52.333333333042596,51.888888888600626,960,240
S4,TomekLinks,50,3,KNN,0.11767399267399267,0.763404255319149,0.15384615384615385,0.5851063829787234,52.333333333042596,51.94444444415587,960,240
S4,TomekLinks,50,3,RF,0.2081682206682207,0.9506382978723404,0.14285714285714285,0.5829787234042553,52.333333333042596,51.94444444415587,960,240
S4,TomekLinks,50,3,LR,0.028104234608835675,0.5846808510638298,0.05263157894736842,0.574468085106383,52.333333333042596,51.94444444415587,960,240
S4,TomekLinks,50,3,DT,0.03666666666666667,0.5808510638297872,0.13333333333333333,0.5808510638297872,52.333333333042596,51.94444444415587,960,240
S4,TomekLinks,50,3,XGB,0.3434080298786181,0.9421276595744681,0.13333333333333333,0.5808510638297872,52.333333333042596,51.94444444415587,960,240
S4,SMOTE,5,42,KNN,0.7710558880023641,0.9573750000000001,0.7872340425531915,0.92,4.999999999996875,0.999999999999875,960,240
S4,SMOTE,5,42,RF,0.7417606626527627,0.9458125,0.7529411764705882,0.8675,4.999999999996875,0.999999999999875,960,240
S4,SMOTE,5,42,LR,0.20632671134647346,0.64125,0.37037037037037035,0.6375,4.999999999996875,0.999999999999875,960,240
S4,SMOTE,5,42,DT,0.6095238095238096,0.8599999999999999,0.7560975609756098,0.86,4.999999999996875,0.999999999999875,960,240
S4,SMOTE,5,42,XGB,0.7501300805947344,0.9540000000000001,0.7469879518072289,0.8574999999999999,4.999999999996875,0.999999999999875,960,240
S4,SMOTE,5,0,KNN,0.7525812509888508,0.953875,0.782608695652174,0.91,4.999999999996875,0.999999999999875,960,240
S4,SMOTE,5,0,RF,0.902507073368951,0.969125,0.8604651162790697,0.94,4.999999999996875,0.999999999999875,960,240
S4,SMOTE,5,0,LR,0.20366976152725905,0.636875,0.3609022556390977,0.6275,4.999999999996875,0.999999999999875,960,240
S4,SMOTE,5,0,DT,0.6428571428571429,0.875,0.7804878048780488,0.875,4.999999999996875,0.999999999999875,960,240
S4,SMOTE,5,0,XGB,0.8879569940191535,0.971875,0.8470588235294118,0.9275,4.999999999996875,0.999999999999875,960,240
S4,SMOTE,5,1,KNN,0.6960221306471306,0.9368125,0.8,0.915,4.999999999996875,0.999999999999875,960,240
S4,SMOTE,5,1,RF,0.7357687476306045,0.9608125,0.7865168539325843,0.9025000000000001,4.999999999996875,0.999999999999875,960,240
S4,SMOTE,5,1,LR,0.20734042677601555,0.64475,0.3076923076923077,0.575,4.999999999996875,0.999999999999875,960,240
S4,SMOTE,5,1,DT,0.5904471544715447,0.8474999999999999,0.7407407407407407,0.8474999999999999,4.999999999996875,0.999999999999875,960,240
S4,SMOTE,5,1,XGB,0.7475808160097595,0.9615,0.8045977011494253,0.9075,4.999999999996875,0.999999999999875,960,240
S4,SMOTE,5,2,KNN,0.7435897435897436,0.9635,0.8,0.95,4.999999999996875,0.999999999999875,960,240
S4,SMOTE,5,2,RF,0.7965921879372465,0.9710625,0.8043478260869565,0.925,4.999999999996875,0.999999999999875,960,240
S4,SMOTE,5,2,LR,0.1933957097951639,0.60875,0.3673469387755102,0.6375,4.999999999996875,0.999999999999875,960,240
S4,SMOTE,5,2,DT,0.6646666666666667,0.9149999999999999,0.8,0.915,4.999999999996875,0.999999999999875,960,240
S4,SMOTE,5,2,XGB,0.7811214155142986,0.9665625,0.8085106382978723,0.935,4.999999999996875,0.999999999999875,960,240
S4,SMOTE,5,3,KNN,0.7369612380757643,0.9628125,0.7878787878787878,0.9375,4.999999999996875,0.999999999999875,960,240
S4,SMOTE,5,3,RF,0.78323722767393,0.970875,0.8372093023255814,0.925,4.999999999996875,0.999999999999875,960,240
S4,SMOTE,5,3,LR,0.18913511060707072,0.5972500000000001,0.3841059602649007,0.6575,4.999999999996875,0.999999999999875,960,240
S4,SMOTE,5,3,DT,0.6724290780141844,0.9075,0.8045977011494253,0.9075,4.999999999996875,0.999999999999875,960,240
S4,SMOTE,5,3,XGB,0.7452922961081521,0.9631875,0.782608695652174,0.91,4.999999999996875,0.999999999999875,960,240
S4,SMOTE,10,42,KNN,0.61653157448612,0.9490200166805671,0.7017543859649122,0.9201417848206839,10.034482758609155,0.9999999999998854,960,240
S4,SMOTE,10,42,RF,0.6131267011519059,0.9344245204336947,0.6909090909090909,0.8997080900750626,10.034482758609155,0.9999999999998854,960,240
S4,SMOTE,10,42,LR,0.11010039620778142,0.6021684737281068,0.22764227642276422,0.6186405337781484,10.034482758609155,0.9999999999998854,960,240
S4,SMOTE,10,42,DT,0.43134469696969696,0.8519599666388656,0.6296296296296297,0.8519599666388658,10.034482758609155,0.9999999999998854,960,240
S4,SMOTE,10,42,XGB,0.6782829686199995,0.9307756463719766,0.7142857142857143,0.9224353628023353,10.034482758609155,0.9999999999998854,960,240
S4,SMOTE,10,0,KNN,0.596474358974359,0.9472477064220183,0.6923076923076923,0.8815679733110926,10.034482758609155,0.9999999999998854,960,240
S4,SMOTE,10,0,RF,0.6437058909341749,0.9638240200166807,0.7346938775510204,0.8884487072560467,10.034482758609155,0.9999999999998854,960,240
S4,SMOTE,10,0,LR,0.11442796665994848,0.6186405337781484,0.1592920353982301,0.5164720600500418,10.034482758609155,0.9999999999998854,960,240
S4,SMOTE,10,0,DT,0.5260780885780886,0.8657214345287739,0.7083333333333334,0.865721434528774,10.034482758609155,0.9999999999998854,960,240
S4,SMOTE,10,0,XGB,0.5971279342135298,0.9457881567973311,0.7083333333333334,0.865721434528774,10.034482758609155,0.9999999999998854,960,240
S4,SMOTE,10,1,KNN,0.6973905723905724,0.9738323603002502,0.7407407407407407,0.927022518765638,10.034482758609155,0.9999999999998854,960,240
S4,SMOTE,10,1,RF,0.8048022940851647,0.9819641367806505,0.7843137254901961,0.9339032527105922,10.034482758609155,0.9999999999998854,960,240
S4,SMOTE,10,1,LR,0.11655481943788176,0.6269808173477898,0.19130434782608696,0.5619266055045872,10.034482758609155,0.9999999999998854,960,240
S4,SMOTE,10,1,DT,0.559469696969697,0.9065888240200167,0.7307692307692307,0.9065888240200166,10.034482758609155,0.9999999999998854,960,240
S4,SMOTE,10,1,XGB,0.7869346256886514,0.9739366138448707,0.7346938775510204,0.8884487072560467,10.034482758609155,0.9999999999998854,960,240
S4,SMOTE,10,2,KNN,0.6466338808250573,0.9710175145954962,0.75,0.9474562135112594,10.034482758609155,0.9999999999998854,960,240
S4,SMOTE,10,2,RF,0.7747772358880091,0.9767514595496247,0.7241379310344828,0.9428690575479566,10.034482758609155,0.9999999999998854,960,240
S4,SMOTE,10,2,LR,0.10867160101123333,0.5959132610508757,0.21311475409836064,0.5959132610508757,10.034482758609155,0.9999999999998854,960,240
S4,SMOTE,10,2,DT,0.375990675990676,0.7906588824020017,0.5833333333333334,0.7906588824020017,10.034482758609155,0.9999999999998854,960,240
S4,SMOTE,10,2,XGB,0.8049603660415287,0.9789407839866555,0.7169811320754716,0.9042952460383653,10.034482758609155,0.9999999999998854,960,240
S4,SMOTE,10,3,KNN,0.5602813852813853,0.9418265221017516,0.7017543859649122,0.9201417848206839,10.034482758609155,0.9999999999998854,960,240
S4,SMOTE,10,3,RF,0.5680400589278891,0.9291075896580484,0.6666666666666666,0.8951209341117599,10.034482758609155,0.9999999999998854,960,240
S4,SMOTE,10,3,LR,0.1059244678463424,0.5840283569641368,0.21875,0.6071726438698916,10.034482758609155,0.9999999999998854,960,240
S4,SMOTE,10,3,DT,0.4768939393939394,0.8769808173477899,0.6666666666666666,0.8769808173477899,10.034482758609155,0.9999999999998854,960,240
S4,SMOTE,10,3,XGB,0.5940857053621985,0.9360925771476231,0.6909090909090909,0.8997080900750626,10.034482758609155,0.9999999999998854,960,240
S4,SMOTE,20,42,KNN,0.7019822282980178,0.9896784438269155,0.6470588235294118,0.9737991266375545,19.869565217348107,0.9999999999998905,960,240
S4,SMOTE,20,42,RF,0.5866307934489752,0.9783644303294958,0.625,0.9305279872965462,19.869565217348107,0.9999999999998905,960,240
S4,SMOTE,20,42,LR,0.06143638460530625,0.6169114728066694,0.14545454545454545,0.664946407304486,19.869565217348107,0.9999999999998905,960,240
S4,SMOTE,20,42,DT,0.34304407713498625,0.8807066296149266,0.5454545454545454,0.8807066296149266,19.869565217348107,0.9999999999998905,960,240
S4,SMOTE,20,42,XGB,0.6081862386439851,0.9614926558157999,0.5806451612903226,0.8850734418420008,19.869565217348107,0.9999999999998905,960,240
S4,SMOTE,20,0,KNN,0.409034087344364,0.9267566494640731,0.5517241379310345,0.8418023025009924,19.869565217348107,0.9999999999998905,960,240
S4,SMOTE,20,0,RF,0.41537296904240323,0.9670504168320762,0.6206896551724138,0.8894402540690751,19.869565217348107,0.9999999999998905,960,240
S4,SMOTE,20,0,LR,0.05550212382014055,0.5791980944819373,0.09345794392523364,0.5285827709408495,19.869565217348107,0.9999999999998905,960,240
S4,SMOTE,20,0,DT,0.44148841354723706,0.8916236601826122,0.6428571428571429,0.8916236601826122,19.869565217348107,0.9999999999998905,960,240
S4,SMOTE,20,0,XGB,0.43719366171871094,0.9410480349344978,0.5185185185185185,0.7985311631599841,19.869565217348107,0.9999999999998905,960,240
S4,SMOTE,20,1,KNN,0.38202286843591193,0.9219928543072647,0.5294117647058824,0.8785232235013894,19.869565217348107,0.9999999999998905,960,240
S4,SMOTE,20,1,RF,0.36443451551107053,0.9406510520047638,0.5517241379310345,0.8418023025009924,19.869565217348107,0.9999999999998905,960,240
S4,SMOTE,20,1,LR,0.051949707284658385,0.5581579992060341,0.12173913043478261,0.6063914251687177,19.869565217348107,0.9999999999998905,960,240
S4,SMOTE,20,1,DT,0.14105477855477858,0.6621675267963478,0.3333333333333333,0.6621675267963478,19.869565217348107,0.9999999999998905,960,240
S4,SMOTE,20,1,XGB,0.32959928329246513,0.9388646288209607,0.4666666666666667,0.7919809448193728,19.869565217348107,0.9999999999998905,960,240
S4,SMOTE,20,2,KNN,0.417822966507177,0.8433902342199284,0.5333333333333333,0.8396188963874553,19.869565217348107,0.9999999999998905,960,240
S4,SMOTE,20,2,RF,0.44159764358906417,0.9513695911075823,0.5185185185185185,0.7985311631599841,19.869565217348107,0.9999999999998905,960,240
S4,SMOTE,20,2,LR,0.0576409497370871,0.591901548233426,0.05714285714285714,0.4376736800317586,19.869565217348107,0.9999999999998905,960,240
S4,SMOTE,20,2,DT,0.2390151515151515,0.7530766177054387,0.46153846153846156,0.7530766177054387,19.869565217348107,0.9999999999998905,960,240
S4,SMOTE,20,2,XGB,0.3543385144758592,0.8785232235013894,0.5161290322580645,0.8374354902739183,19.869565217348107,0.9999999999998905,960,240
S4,SMOTE,20,3,KNN,0.3825979089136984,0.9610956728860659,0.5641025641025641,0.962882096069869,19.869565217348107,0.9999999999998905,960,240
S4,SMOTE,20,3,RF,0.38549122349401344,0.9630805875347361,0.5641025641025641,0.962882096069869,19.869565217348107,0.9999999999998905,960,240
S4,SMOTE,20,3,LR,0.05588366565629917,0.5803890432711394,0.09917355371900827,0.5456530369194125,19.869565217348107,0.9999999999998905,960,240
S4,SMOTE,20,3,DT,0.29155011655011653,0.8719730051607781,0.4864864864864865,0.8719730051607781,19.869565217348107,0.9999999999998905,960,240
S4,SMOTE,20,3,XGB,0.41070175615630167,0.9644700277888051,0.5555555555555556,0.9217943628423977,19.869565217348107,0.9999999999998905,960,240
S4,SMOTE,50,42,KNN,0.4324786324786325,0.9859574468085107,0.47619047619047616,0.9765957446808511,52.333333333042596,0.9999999999998938,960,240
S4,SMOTE,50,42,RF,0.5142857142857142,0.9880851063829788,0.625,0.9872340425531915,52.333333333042596,0.9999999999998938,960,240
S4,SMOTE,50,42,LR,0.02408571105091024,0.5089361702127659,0.03361344537815126,0.46170212765957447,52.333333333042596,0.9999999999998938,960,240
S4,SMOTE,50,42,DT,0.45454545454545453,0.9872340425531915,0.625,0.9872340425531915,52.333333333042596,0.9999999999998938,960,240
S4,SMOTE,50,42,XGB,0.5775757575757575,0.9902127659574468,0.625,0.9872340425531915,52.333333333042596,0.9999999999998938,960,240
S4,SMOTE,50,0,KNN,0.24570512820512821,0.8787234042553191,0.4444444444444444,0.8808510638297873,52.333333333042596,0.9999999999998938,960,240
S4,SMOTE,50,0,RF,0.26042735042735043,0.9689361702127659,0.4,0.7851063829787234,52.333333333042596,0.9999999999998938,960,240
S4,SMOTE,50,0,LR,0.028240590676902197,0.5753191489361703,0.04040404040404041,0.5042553191489362,52.333333333042596,0.9999999999998938,960,240
S4,SMOTE,50,0,DT,0.1125,0.6872340425531914,0.3076923076923077,0.6872340425531915,52.333333333042596,0.9999999999998938,960,240
S4,SMOTE,50,0,XGB,0.28127659574468084,0.9340425531914894,0.4,0.7851063829787234,52.333333333042596,0.9999999999998938,960,240
S4,SMOTE,50,1,KNN,0.23500000000000001,0.7842553191489362,0.375,0.7829787234042553,52.333333333042596,0.9999999999998938,960,240
S4,SMOTE,50,1,RF,0.3268939393939394,0.8663829787234043,0.42857142857142855,0.7872340425531914,52.333333333042596,0.9999999999998938,960,240
S4,SMOTE,50,1,LR,0.020563192354920292,0.42723404255319153,0.015037593984962405,0.32978723404255317,52.333333333042596,0.9999999999998938,960,240
S4,SMOTE,50,1,DT,0.2333333333333333,0.7893617021276595,0.46153846153846156,0.7893617021276595,52.333333333042596,0.9999999999998938,960,240
S4,SMOTE,50,1,XGB,0.326078431372549,0.9638297872340426,0.4,0.7851063829787234,52.333333333042596,0.9999999999998938,960,240
S4,SMOTE,50,2,KNN,0.15833333333333333,0.7765957446808511,0.2857142857142857,0.7723404255319148,52.333333333042596,0.9999999999998938,960,240
S4,SMOTE,50,2,RF,0.13362745098039214,0.7429787234042553,0.23529411764705882,0.6787234042553192,52.333333333042596,0.9999999999998938,960,240
S4,SMOTE,50,2,LR,0.022614908732362222,0.48,0.03571428571428571,0.4765957446808511,52.333333333042596,0.9999999999998938,960,240
S4,SMOTE,50,2,DT,0.07916666666666666,0.6787234042553192,0.23529411764705882,0.6787234042553192,52.333333333042596,0.9999999999998938,960,240
S4,SMOTE,50,2,XGB,0.1556317786247008,0.7663829787234044,0.23529411764705882,0.6787234042553192,52.333333333042596,0.9999999999998938,960,240
S4,SMOTE,50,3,KNN,0.1357818545478392,0.8557446808510639,0.2222222222222222,0.7595744680851064,52.333333333042596,0.9999999999998938,960,240
S4,SMOTE,50,3,RF,0.21260312151616498,0.9536170212765958,0.2608695652173913,0.7680851063829788,52.333333333042596,0.9999999999998938,960,240
S4,SMOTE,50,3,LR,0.026469097685691223,0.56,0.05128205128205128,0.5680851063829787,52.333333333042596,0.9999999999998938,960,240
S4,SMOTE,50,3,DT,0.12833333333333333,0.7744680851063831,0.3,0.774468085106383,52.333333333042596,0.9999999999998938,960,240
S4,SMOTE,50,3,XGB,0.2191725921137686,0.8714893617021275,0.25,0.7659574468085106,52.333333333042596,0.9999999999998938,960,240
S4,BorderlineSMOTE,5,42,KNN,0.7368774268219833,0.953875,0.8,0.9325,4.999999999996875,0.999999999999875,960,240
S4,BorderlineSMOTE,5,42,RF,0.7744804438676175,0.9645625,0.8,0.915,4.999999999996875,0.999999999999875,960,240
S4,BorderlineSMOTE,5,42,LR,0.19150027301241285,0.5720000000000001,0.2857142857142857,0.54,4.999999999996875,0.999999999999875,960,240
S4,BorderlineSMOTE,5,42,DT,0.638125,0.8649999999999999,0.775,0.865,4.999999999996875,0.999999999999875,960,240
S4,BorderlineSMOTE,5,42,XGB,0.7074830687679744,0.9490000000000001,0.8,0.915,4.999999999996875,0.999999999999875,960,240
S4,BorderlineSMOTE,5,0,KNN,0.7497499999999999,0.9554375,0.7835051546391752,0.9275,4.999999999996875,0.999999999999875,960,240
S4,BorderlineSMOTE,5,0,RF,0.8539278824946197,0.9640000000000001,0.8275862068965517,0.9225,4.999999999996875,0.999999999999875,960,240
S4,BorderlineSMOTE,5,0,LR,0.16659699489849417,0.5435,0.2926829268292683,0.55,4.999999999996875,0.999999999999875,960,240
S4,BorderlineSMOTE,5,0,DT,0.6970930232558139,0.9025,0.8192771084337349,0.9025,4.999999999996875,0.999999999999875,960,240
S4,BorderlineSMOTE,5,0,XGB,0.8259095067757792,0.9556874999999999,0.813953488372093,0.9099999999999999,4.999999999996875,0.999999999999875,960,240
S4,BorderlineSMOTE,5,1,KNN,0.6642801323427923,0.9315,0.8131868131868132,0.9275,4.999999999996875,0.999999999999875,960,240
S4,BorderlineSMOTE,5,1,RF,0.6485555848955243,0.9494375,0.7727272727272727,0.89,4.999999999996875,0.999999999999875,960,240
S4,BorderlineSMOTE,5,1,LR,0.19070373791078093,0.61175,0.35374149659863946,0.6225,4.999999999996875,0.999999999999875,960,240
S4,BorderlineSMOTE,5,1,DT,0.5028985507246377,0.8200000000000001,0.6744186046511628,0.8200000000000001,4.999999999996875,0.999999999999875,960,240
S4,BorderlineSMOTE,5,1,XGB,0.7248422866176825,0.9517499999999999,0.7209302325581395,0.8500000000000001,4.999999999996875,0.999999999999875,960,240
S4,BorderlineSMOTE,5,2,KNN,0.6449572523343016,0.9445,0.7920792079207921,0.9475,4.999999999996875,0.999999999999875,960,240
S4,BorderlineSMOTE,5,2,RF,0.7064316243786819,0.9600000000000001,0.8125,0.9450000000000001,4.999999999996875,0.999999999999875,960,240
S4,BorderlineSMOTE,5,2,LR,0.14196770345061624,0.4445,0.19895287958115182,0.4075,4.999999999996875,0.999999999999875,960,240
S4,BorderlineSMOTE,5,2,DT,0.6458333333333334,0.9025,0.7865168539325843,0.9025000000000001,4.999999999996875,0.999999999999875,960,240
S4,BorderlineSMOTE,5,2,XGB,0.7624870481778834,0.9586875,0.8043478260869565,0.925,4.999999999996875,0.999999999999875,960,240
S4,BorderlineSMOTE,5,3,KNN,0.6998926905074119,0.9560625,0.7722772277227723,0.9325,4.999999999996875,0.999999999999875,960,240
S4,BorderlineSMOTE,5,3,RF,0.701936467282923,0.963125,0.8351648351648352,0.9425,4.999999999996875,0.999999999999875,960,240
S4,BorderlineSMOTE,5,3,LR,0.16997469260005993,0.5475,0.3026315789473684,0.565,4.999999999996875,0.999999999999875,960,240
S4,BorderlineSMOTE,5,3,DT,0.5835227272727272,0.855,0.7380952380952381,0.855,4.999999999996875,0.999999999999875,960,240
S4,BorderlineSMOTE,5,3,XGB,0.6785412505913307,0.955875,0.7777777777777778,0.9,4.999999999996875,0.999999999999875,960,240
S4,BorderlineSMOTE,10,42,KNN,0.5880827505827506,0.9458924103419517,0.6885245901639344,0.9359883236030025,10.034482758609155,0.9999999999998854,960,240
S4,BorderlineSMOTE,10,42,RF,0.5552326222192994,0.9510008340283571,0.6909090909090909,0.8997080900750626,10.034482758609155,0.9999999999998854,960,240
S4,BorderlineSMOTE,10,42,LR,0.08202018017450047,0.43640533778148455,0.0963855421686747,0.3698915763135947,10.034482758609155,0.9999999999998854,960,240
S4,BorderlineSMOTE,10,42,DT,0.5097451790633609,0.8997080900750626,0.6909090909090909,0.8997080900750626,10.034482758609155,0.9999999999998854,960,240
S4,BorderlineSMOTE,10,42,XGB,0.5157534593844628,0.9151376146788991,0.7142857142857143,0.9224353628023353,10.034482758609155,0.9999999999998854,960,240
S4,BorderlineSMOTE,10,0,KNN,0.6038669663669665,0.948185988323603,0.7307692307692307,0.9065888240200166,10.034482758609155,0.9999999999998854,960,240
S4,BorderlineSMOTE,10,0,RF,0.5888600748670207,0.9433903252710593,0.7083333333333334,0.865721434528774,10.034482758609155,0.9999999999998854,960,240
S4,BorderlineSMOTE,10,0,LR,0.10209601321892148,0.5715179316096748,0.2,0.5775646371976647,10.034482758609155,0.9999999999998854,960,240
S4,BorderlineSMOTE,10,0,DT,0.47383069828722,0.8225604670558798,0.6666666666666666,0.8225604670558799,10.034482758609155,0.9999999999998854,960,240
S4,BorderlineSMOTE,10,0,XGB,0.5795919914479398,0.9586113427856546,0.6530612244897959,0.8384070058381985,10.034482758609155,0.9999999999998854,960,240
S4,BorderlineSMOTE,10,1,KNN,0.7135243532302356,0.9780025020850709,0.75,0.9474562135112594,10.034482758609155,0.9999999999998854,960,240
S4,BorderlineSMOTE,10,1,RF,0.8636844976112006,0.9860300250208507,0.7843137254901961,0.9339032527105922,10.034482758609155,0.9999999999998854,960,240
S4,BorderlineSMOTE,10,1,LR,0.08641987383172067,0.4793577981651376,0.11688311688311688,0.4224353628023353,10.034482758609155,0.9999999999998854,960,240
S4,BorderlineSMOTE,10,1,DT,0.5098484848484849,0.8452877397831526,0.6956521739130435,0.8452877397831526,10.034482758609155,0.9999999999998854,960,240
S4,BorderlineSMOTE,10,1,XGB,0.8032405499088583,0.9848832360300249,0.8333333333333334,0.9407839866555463,10.034482758609155,0.9999999999998854,960,240
S4,BorderlineSMOTE,10,2,KNN,0.6452031969273349,0.9714345287739783,0.7457627118644068,0.9655963302752293,10.034482758609155,0.9999999999998854,960,240
S4,BorderlineSMOTE,10,2,RF,0.710110150941774,0.9759174311926605,0.7457627118644068,0.9655963302752293,10.034482758609155,0.9999999999998854,960,240
S4,BorderlineSMOTE,10,2,LR,0.09556804068562035,0.5456630525437864,0.18181818181818182,0.5473311092577148,10.034482758609155,0.9999999999998854,960,240
S4,BorderlineSMOTE,10,2,DT,0.524503657262278,0.883861551292744,0.7058823529411765,0.8838615512927439,10.034482758609155,0.9999999999998854,960,240
S4,BorderlineSMOTE,10,2,XGB,0.8249272625588414,0.9795663052543787,0.7169811320754716,0.9042952460383653,10.034482758609155,0.9999999999998854,960,240
S4,BorderlineSMOTE,10,3,KNN,0.5449181338927256,0.9399499582985822,0.7017543859649122,0.9201417848206839,10.034482758609155,0.9999999999998854,960,240
S4,BorderlineSMOTE,10,3,RF,0.4952368523802827,0.923999165971643,0.6896551724137931,0.9178482068390326,10.034482758609155,0.9999999999998854,960,240
S4,BorderlineSMOTE,10,3,LR,0.08462110547203264,0.4847789824854045,0.15384615384615385,0.49291075896580483,10.034482758609155,0.9999999999998854,960,240
S4,BorderlineSMOTE,10,3,DT,0.46294765840220387,0.8746872393661386,0.6545454545454545,0.8746872393661385,10.034482758609155,0.9999999999998854,960,240
S4,BorderlineSMOTE,10,3,XGB,0.562307524856932,0.9255629691409509,0.7169811320754716,0.9042952460383653,10.034482758609155,0.9999999999998854,960,240
S4,BorderlineSMOTE,20,42,KNN,0.6616161616161615,0.9876935291782454,0.6875,0.9781659388646289,19.869565217348107,0.9999999999998905,960,240
S4,BorderlineSMOTE,20,42,RF,0.6939850846827591,0.9807463279079,0.6896551724137931,0.9370782056371576,19.869565217348107,0.9999999999998905,960,240
S4,BorderlineSMOTE,20,42,LR,0.04634249839151279,0.5041683207622072,0.07751937984496124,0.4805478364430329,19.869565217348107,0.9999999999998905,960,240
S4,BorderlineSMOTE,20,42,DT,0.5389260249554367,0.9392616117506948,0.7142857142857143,0.9392616117506947,19.869565217348107,0.9999999999998905,960,240
S4,BorderlineSMOTE,20,42,XGB,0.6758837122473486,0.9797538705835649,0.7407407407407407,0.9414450178642318,19.869565217348107,0.9999999999998905,960,240
S4,BorderlineSMOTE,20,0,KNN,0.4412392559131689,0.9295355299722112,0.5517241379310345,0.8418023025009924,19.869565217348107,0.9999999999998905,960,240
S4,BorderlineSMOTE,20,0,RF,0.43023860236414946,0.9678443826915442,0.6666666666666666,0.9348947995236205,19.869565217348107,0.9999999999998905,960,240
S4,BorderlineSMOTE,20,0,LR,0.05823435009007818,0.5966653433902342,0.09523809523809523,0.5329495831679237,19.869565217348107,0.9999999999998905,960,240
S4,BorderlineSMOTE,20,0,DT,0.4003787878787879,0.8483525208416038,0.6153846153846154,0.8483525208416038,19.869565217348107,0.9999999999998905,960,240
S4,BorderlineSMOTE,20,0,XGB,0.5528413657483366,0.9458118300913061,0.6666666666666666,0.9348947995236205,19.869565217348107,0.9999999999998905,960,240
S4,BorderlineSMOTE,20,1,KNN,0.4009723861996589,0.9249702262802699,0.5806451612903226,0.8850734418420008,19.869565217348107,0.9999999999998905,960,240
S4,BorderlineSMOTE,20,1,RF,0.39355479498401463,0.9599047240968638,0.6,0.8872568479555379,19.869565217348107,0.9999999999998905,960,240
S4,BorderlineSMOTE,20,1,LR,0.043991362315853814,0.41206828106391424,0.028368794326241134,0.3114331083763398,19.869565217348107,0.9999999999998905,960,240
S4,BorderlineSMOTE,20,1,DT,0.1503787878787879,0.664350932909885,0.34782608695652173,0.6643509329098849,19.869565217348107,0.9999999999998905,960,240
S4,BorderlineSMOTE,20,1,XGB,0.34515430982483897,0.9321159190154824,0.5517241379310345,0.8418023025009924,19.869565217348107,0.9999999999998905,960,240
S4,BorderlineSMOTE,20,2,KNN,0.38657568508046974,0.8414053195712584,0.5333333333333333,0.8396188963874553,19.869565217348107,0.9999999999998905,960,240
S4,BorderlineSMOTE,20,2,RF,0.35232422913343964,0.8543072647876142,0.5384615384615384,0.8007145692735212,19.869565217348107,0.9999999999998905,960,240
S4,BorderlineSMOTE,20,2,LR,0.05405799428118676,0.5680825724493846,0.12389380530973451,0.610758237395792,19.869565217348107,0.9999999999998905,960,240
S4,BorderlineSMOTE,20,2,DT,0.29507575757575755,0.7985311631599841,0.5185185185185185,0.7985311631599841,19.869565217348107,0.9999999999998905,960,240
S4,BorderlineSMOTE,20,2,XGB,0.40101919305610845,0.8759428344581184,0.5384615384615384,0.8007145692735212,19.869565217348107,0.9999999999998905,960,240
S4,BorderlineSMOTE,20,3,KNN,0.48863636363636365,0.9747915839618897,0.5945945945945946,0.9672489082969432,19.869565217348107,0.9999999999998905,960,240
S4,BorderlineSMOTE,20,3,RF,0.41969482298261407,0.96347757046447,0.5945945945945946,0.9672489082969432,19.869565217348107,0.9999999999998905,960,240
S4,BorderlineSMOTE,20,3,LR,0.04635472435867886,0.49980150853513294,0.0821917808219178,0.4910678840809845,19.869565217348107,0.9999999999998905,960,240
S4,BorderlineSMOTE,20,3,DT,0.4074074074074074,0.9650655021834061,0.5789473684210527,0.965065502183406,19.869565217348107,0.9999999999998905,960,240
S4,BorderlineSMOTE,20,3,XGB,0.5172854922854924,0.9739976181024216,0.5714285714285714,0.9239777689559349,19.869565217348107,0.9999999999998905,960,240
S4,BorderlineSMOTE,50,42,KNN,0.5404761904761904,0.9906382978723405,0.5,0.9787234042553192,52.333333333042596,0.9999999999998938,960,240
S4,BorderlineSMOTE,50,42,RF,0.5783333333333334,0.9923404255319149,0.7692307692307693,0.9936170212765958,52.333333333042596,0.9999999999998938,960,240
S4,BorderlineSMOTE,50,42,LR,0.02526128207837396,0.5302127659574468,0.036036036036036036,0.4787234042553192,52.333333333042596,0.9999999999998938,960,240
S4,BorderlineSMOTE,50,42,DT,0.5,0.9893617021276595,0.6666666666666666,0.9893617021276595,52.333333333042596,0.9999999999998938,960,240
S4,BorderlineSMOTE,50,42,XGB,0.6416666666666666,0.9931914893617022,0.7692307692307693,0.9936170212765958,52.333333333042596,0.9999999999998938,960,240
S4,BorderlineSMOTE,50,0,KNN,0.24570512820512821,0.8787234042553191,0.4444444444444444,0.8808510638297873,52.333333333042596,0.9999999999998938,960,240
S4,BorderlineSMOTE,50,0,RF,0.3088888888888889,0.971063829787234,0.42857142857142855,0.7872340425531914,52.333333333042596,0.9999999999998938,960,240
S4,BorderlineSMOTE,50,0,LR,0.029515592195907304,0.5957446808510638,0.04081632653061224,0.5063829787234042,52.333333333042596,0.9999999999998938,960,240
S4,BorderlineSMOTE,50,0,DT,0.1125,0.6872340425531914,0.3076923076923077,0.6872340425531915,52.333333333042596,0.9999999999998938,960,240
S4,BorderlineSMOTE,50,0,XGB,0.303572929802438,0.9153191489361701,0.3076923076923077,0.6872340425531915,52.333333333042596,0.9999999999998938,960,240
S4,BorderlineSMOTE,50,1,KNN,0.2683333333333333,0.7880851063829788,0.5,0.7914893617021277,52.333333333042596,0.9999999999998938,960,240
S4,BorderlineSMOTE,50,1,RF,0.48749999999999993,0.8731914893617021,0.5454545454545454,0.7936170212765957,52.333333333042596,0.9999999999998938,960,240
S4,BorderlineSMOTE,50,1,LR,0.029660349553289184,0.5982978723404255,0.06593406593406594,0.623404255319149,52.333333333042596,0.9999999999998938,960,240
S4,BorderlineSMOTE,50,1,DT,0.30833333333333335,0.7936170212765958,0.5454545454545454,0.7936170212765957,52.333333333042596,0.9999999999998938,960,240
S4,BorderlineSMOTE,50,1,XGB,0.3748717948717949,0.9685106382978723,0.5454545454545454,0.7936170212765957,52.333333333042596,0.9999999999998938,960,240
S4,BorderlineSMOTE,50,2,KNN,0.10077030812324929,0.7651063829787235,0.21052631578947367,0.674468085106383,52.333333333042596,0.9999999999998938,960,240
S4,BorderlineSMOTE,50,2,RF,0.14833333333333332,0.7327659574468085,0.125,0.5787234042553192,52.333333333042596,0.9999999999998938,960,240
S4,BorderlineSMOTE,50,2,LR,0.021863345723084446,0.46297872340425533,0.03418803418803419,0.46595744680851064,52.333333333042596,0.9999999999998938,960,240
S4,BorderlineSMOTE,50,2,DT,0.03666666666666667,0.5808510638297872,0.13333333333333333,0.5808510638297872,52.333333333042596,0.9999999999998938,960,240
S4,BorderlineSMOTE,50,2,XGB,0.2574874686716792,0.7106382978723406,0.1111111111111111,0.574468085106383,52.333333333042596,0.9999999999998938,960,240
S4,BorderlineSMOTE,50,3,KNN,0.1354020979020979,0.8574468085106384,0.2962962962962963,0.8617021276595744,52.333333333042596,0.9999999999998938,960,240
S4,BorderlineSMOTE,50,3,RF,0.19898268398268398,0.9506382978723406,0.2727272727272727,0.7702127659574468,52.333333333042596,0.9999999999998938,960,240
S4,BorderlineSMOTE,50,3,LR,0.02588156953180273,0.5404255319148936,0.04838709677419355,0.553191489361702,52.333333333042596,0.9999999999998938,960,240
S4,BorderlineSMOTE,50,3,DT,0.12833333333333333,0.7744680851063831,0.3,0.774468085106383,52.333333333042596,0.9999999999998938,960,240
S4,BorderlineSMOTE,50,3,XGB,0.22708677090699564,0.8953191489361702,0.2608695652173913,0.7680851063829788,52.333333333042596,0.9999999999998938,960,240
S4,RandomOS,5,42,KNN,0.7702801120448179,0.9577500000000001,0.7916666666666666,0.9299999999999999,4.999999999996875,0.999999999999875,960,240
S4,RandomOS,5,42,RF,0.779707072346716,0.959125,0.7848101265822784,0.8674999999999999,4.999999999996875,0.999999999999875,960,240
S4,RandomOS,5,42,LR,0.20439052257745516,0.6371249999999999,0.34328358208955223,0.61,4.999999999996875,0.999999999999875,960,240
S4,RandomOS,5,42,DT,0.6845238095238094,0.8625,0.8,0.8625,4.999999999996875,0.999999999999875,960,240
S4,RandomOS,5,42,XGB,0.7765171662961255,0.9498125,0.759493670886076,0.8525,4.999999999996875,0.999999999999875,960,240
S4,RandomOS,5,0,KNN,0.747634268884269,0.9554375,0.7835051546391752,0.9275,4.999999999996875,0.999999999999875,960,240
S4,RandomOS,5,0,RF,0.8916096568753676,0.972125,0.8571428571428571,0.9299999999999999,4.999999999996875,0.999999999999875,960,240
S4,RandomOS,5,0,LR,0.20181769856279075,0.633,0.3333333333333333,0.6000000000000001,4.999999999996875,0.999999999999875,960,240
S4,RandomOS,5,0,DT,0.6420698924731183,0.8275,0.7605633802816901,0.8275,4.999999999996875,0.999999999999875,960,240
S4,RandomOS,5,0,XGB,0.8660954591111193,0.9758749999999999,0.8354430379746836,0.8975,4.999999999996875,0.999999999999875,960,240
S4,RandomOS,5,1,KNN,0.7014629315223542,0.937875,0.7628865979381443,0.9125000000000001,4.999999999996875,0.999999999999875,960,240
S4,RandomOS,5,1,RF,0.7016809180346885,0.9458125000000001,0.8045977011494253,0.9075,4.999999999996875,0.999999999999875,960,240
S4,RandomOS,5,1,LR,0.20379576012118117,0.637375,0.29457364341085274,0.5625,4.999999999996875,0.999999999999875,960,240
S4,RandomOS,5,1,DT,0.5337719298245615,0.81,0.6923076923076923,0.81,4.999999999996875,0.999999999999875,960,240
S4,RandomOS,5,1,XGB,0.7146982745860211,0.9526249999999999,0.7341772151898734,0.8374999999999999,4.999999999996875,0.999999999999875,960,240
S4,RandomOS,5,2,KNN,0.7022397094430992,0.9570625,0.7878787878787878,0.9375,4.999999999996875,0.999999999999875,960,240
S4,RandomOS,5,2,RF,0.7841031319857014,0.968875,0.8131868131868132,0.9275,4.999999999996875,0.999999999999875,960,240
S4,RandomOS,5,2,LR,0.19101106117183914,0.603375,0.35374149659863946,0.6225,4.999999999996875,0.999999999999875,960,240
S4,RandomOS,5,2,DT,0.6210144927536231,0.88,0.7674418604651163,0.88,4.999999999996875,0.999999999999875,960,240
S4,RandomOS,5,2,XGB,0.8099120429759052,0.9709375,0.7692307692307693,0.8975,4.999999999996875,0.999999999999875,960,240
S4,RandomOS,5,3,KNN,0.7091019591019592,0.9574374999999999,0.7572815533980582,0.9275,4.999999999996875,0.999999999999875,960,240
S4,RandomOS,5,3,RF,0.7666658845711106,0.96975,0.813953488372093,0.9099999999999999,4.999999999996875,0.999999999999875,960,240
S4,RandomOS,5,3,LR,0.18646716446815875,0.591,0.3790849673202614,0.6525,4.999999999996875,0.999999999999875,960,240
S4,RandomOS,5,3,DT,0.5467342342342343,0.8125,0.7012987012987013,0.8125,4.999999999996875,0.999999999999875,960,240
S4,RandomOS,5,3,XGB,0.7212365393049,0.9572499999999999,0.8095238095238095,0.8999999999999999,4.999999999996875,0.999999999999875,960,240
S4,RandomOS,10,42,KNN,0.5998584328129783,0.9474562135112594,0.7241379310344828,0.9428690575479566,10.034482758609155,0.9999999999998854,960,240
S4,RandomOS,10,42,RF,0.5775802243885748,0.9377606338615513,0.7450980392156863,0.9088824020016681,10.034482758609155,0.9999999999998854,960,240
S4,RandomOS,10,42,LR,0.1107139386596764,0.603836530442035,0.22764227642276422,0.6186405337781484,10.034482758609155,0.9999999999998854,960,240
S4,RandomOS,10,42,DT,0.5073653198653199,0.8634278565471226,0.6938775510204082,0.8634278565471226,10.034482758609155,0.9999999999998854,960,240
S4,RandomOS,10,42,XGB,0.5793211131661515,0.9224353628023353,0.6923076923076923,0.8815679733110926,10.034482758609155,0.9999999999998854,960,240
S4,RandomOS,10,0,KNN,0.5936679829397015,0.9481859883236029,0.7547169811320755,0.9293160967472893,10.034482758609155,0.9999999999998854,960,240
S4,RandomOS,10,0,RF,0.6390490552790358,0.9500625521267723,0.6976744186046512,0.8271476230191827,10.034482758609155,0.9999999999998854,960,240
S4,RandomOS,10,0,LR,0.11362604694868841,0.616346955796497,0.17699115044247787,0.5414929107589658,10.034482758609155,0.9999999999998854,960,240
S4,RandomOS,10,0,DT,0.5674441786283891,0.8317347789824854,0.7317073170731707,0.8317347789824854,10.034482758609155,0.9999999999998854,960,240
S4,RandomOS,10,0,XGB,0.6159099932922599,0.9441201000834029,0.6818181818181818,0.8248540450375312,10.034482758609155,0.9999999999998854,960,240
S4,RandomOS,10,1,KNN,0.6253126503126503,0.9280650542118433,0.6923076923076923,0.8815679733110926,10.034482758609155,0.9999999999998854,960,240
S4,RandomOS,10,1,RF,0.707023503376677,0.9797748123436196,0.7142857142857143,0.8294412010008341,10.034482758609155,0.9999999999998854,960,240
S4,RandomOS,10,1,LR,0.12268420390804555,0.6436613844870724,0.16666666666666666,0.5279399499582986,10.034482758609155,0.9999999999998854,960,240
S4,RandomOS,10,1,DT,0.21542699724517905,0.6248957464553795,0.36363636363636365,0.6248957464553795,10.034482758609155,0.9999999999998854,960,240
S4,RandomOS,10,1,XGB,0.7789757660677366,0.982485404503753,0.7441860465116279,0.8521684737281068,10.034482758609155,0.9999999999998854,960,240
S4,RandomOS,10,2,KNN,0.5982646129704954,0.966743119266055,0.75,0.9474562135112594,10.034482758609155,0.9999999999998854,960,240
S4,RandomOS,10,2,RF,0.7578000611063491,0.975187656380317,0.723404255319149,0.8680150125104253,10.034482758609155,0.9999999999998854,960,240
S4,RandomOS,10,2,LR,0.11119641473782099,0.603628023352794,0.21311475409836064,0.5959132610508757,10.034482758609155,0.9999999999998854,960,240
S4,RandomOS,10,2,DT,0.4575757575757575,0.8021267723102585,0.6511627906976745,0.8021267723102585,10.034482758609155,0.9999999999998854,960,240
S4,RandomOS,10,2,XGB,0.7610295241688079,0.9691409507923269,0.625,0.8156797331109258,10.034482758609155,0.9999999999998854,960,240
S4,RandomOS,10,3,KNN,0.5404768270944742,0.938490408673895,0.6785714285714286,0.8974145120934112,10.034482758609155,0.9999999999998854,960,240
S4,RandomOS,10,3,RF,0.5759935630859893,0.9163886572143454,0.7058823529411765,0.8838615512927439,10.034482758609155,0.9999999999998854,960,240
S4,RandomOS,10,3,LR,0.1027974903371992,0.5717264386989158,0.21212121212121213,0.597998331943286,10.034482758609155,0.9999999999998854,960,240
S4,RandomOS,10,3,DT,0.45530303030303027,0.8202668890742285,0.6521739130434783,0.8202668890742285,10.034482758609155,0.9999999999998854,960,240
S4,RandomOS,10,3,XGB,0.6156282839546254,0.9336947456213511,0.72,0.8861551292743954,10.034482758609155,0.9999999999998854,960,240
S4,RandomOS,20,42,KNN,0.6993506493506494,0.9894799523620484,0.6666666666666666,0.9759825327510917,19.869565217348107,0.9999999999998905,960,240
S4,RandomOS,20,42,RF,0.6522818090999909,0.9861055974593093,0.7692307692307693,0.9436284239777689,19.869565217348107,0.9999999999998905,960,240
S4,RandomOS,20,42,LR,0.05663972152716845,0.5891226677252879,0.10619469026548672,0.5631202858277093,19.869565217348107,0.9999999999998905,960,240
S4,RandomOS,20,42,DT,0.4621212121212121,0.8116315998412067,0.6666666666666666,0.8116315998412068,19.869565217348107,0.9999999999998905,960,240
S4,RandomOS,20,42,XGB,0.6242882117882118,0.8981738785232236,0.6923076923076923,0.8959904724096864,19.869565217348107,0.9999999999998905,960,240
S4,RandomOS,20,0,KNN,0.45960622976173215,0.9275506153235411,0.4444444444444444,0.7508932115919016,19.869565217348107,0.9999999999998905,960,240
S4,RandomOS,20,0,RF,0.5032808026791984,0.9751885668916237,0.5833333333333334,0.8050813815005955,19.869565217348107,0.9999999999998905,960,240
S4,RandomOS,20,0,LR,0.050532151411375445,0.5422786820166733,0.09009009009009009,0.5198491464867011,19.869565217348107,0.9999999999998905,960,240
S4,RandomOS,20,0,DT,0.23161157024793386,0.7141722905915047,0.45454545454545453,0.7141722905915046,19.869565217348107,0.9999999999998905,960,240
S4,RandomOS,20,0,XGB,0.5326495474222748,0.9509726081778483,0.6086956521739131,0.8072647876141326,19.869565217348107,0.9999999999998905,960,240
S4,RandomOS,20,1,KNN,0.3451881345423545,0.9182215164747917,0.5294117647058824,0.8785232235013894,19.869565217348107,0.9999999999998905,960,240
S4,RandomOS,20,1,RF,0.4282846941509034,0.9527590313616515,0.5833333333333334,0.8050813815005955,19.869565217348107,0.9999999999998905,960,240
S4,RandomOS,20,1,LR,0.04340995378128301,0.47002778880508134,0.05,0.40492258832870187,19.869565217348107,0.9999999999998905,960,240
S4,RandomOS,20,1,DT,0.12424242424242424,0.6232631996824137,0.3,0.6232631996824136,19.869565217348107,0.9999999999998905,960,240
S4,RandomOS,20,1,XGB,0.36780189507462235,0.9321159190154823,0.5185185185185185,0.7985311631599841,19.869565217348107,0.9999999999998905,960,240
S4,RandomOS,20,2,KNN,0.4163600288600288,0.8441842000793965,0.5517241379310345,0.8418023025009924,19.869565217348107,0.9999999999998905,960,240
S4,RandomOS,20,2,RF,0.31715015447072864,0.8652242953552998,0.5,0.7574434299325129,19.869565217348107,0.9999999999998905,960,240
S4,RandomOS,20,2,LR,0.059131940316868054,0.6010321556173085,0.058823529411764705,0.44422389837237,19.869565217348107,0.9999999999998905,960,240
S4,RandomOS,20,2,DT,0.19696969696969693,0.6319968241365621,0.375,0.6319968241365621,19.869565217348107,0.9999999999998905,960,240
S4,RandomOS,20,2,XGB,0.3349176598065866,0.8729654624851131,0.4,0.6709011512504962,19.869565217348107,0.9999999999998905,960,240
S4,RandomOS,20,3,KNN,0.40094696969696975,0.962683604605002,0.5405405405405406,0.9196109567288606,19.869565217348107,0.9999999999998905,960,240
S4,RandomOS,20,3,RF,0.42535358929220823,0.9646685192536721,0.46153846153846156,0.7530766177054387,19.869565217348107,0.9999999999998905,960,240
S4,RandomOS,20,3,LR,0.053247572472822906,0.5625248114331084,0.0975609756097561,0.5412862246923382,19.869565217348107,0.9999999999998905,960,240
S4,RandomOS,20,3,DT,0.22537878787878787,0.7508932115919015,0.4444444444444444,0.7508932115919016,19.869565217348107,0.9999999999998905,960,240
S4,RandomOS,20,3,XGB,0.519908374453829,0.9710202461294165,0.5714285714285714,0.8439857086145296,19.869565217348107,0.9999999999998905,960,240
S4,RandomOS,50,42,KNN,0.3819230769230769,0.982127659574468,0.5333333333333333,0.8872340425531915,52.333333333042596,0.9999999999998938,960,240
S4,RandomOS,50,42,RF,0.5388888888888889,0.9842553191489362,0.6,0.7957446808510638,52.333333333042596,0.9999999999998938,960,240
S4,RandomOS,50,42,LR,0.022964904129315553,0.48595744680851066,0.032,0.448936170212766,52.333333333042596,0.9999999999998938,960,240
S4,RandomOS,50,42,DT,0.2654761904761905,0.7914893617021277,0.5,0.7914893617021277,52.333333333042596,0.9999999999998938,960,240
S4,RandomOS,50,42,XGB,0.6442424242424242,0.9914893617021276,0.8,0.897872340425532,52.333333333042596,0.9999999999998938,960,240
S4,RandomOS,50,0,KNN,0.19166666666666665,0.7825531914893618,0.3333333333333333,0.7787234042553192,52.333333333042596,0.9999999999998938,960,240
S4,RandomOS,50,0,RF,0.34534798534798533,0.9731914893617022,0.3333333333333333,0.6893617021276596,52.333333333042596,0.9999999999998938,960,240
S4,RandomOS,50,0,LR,0.02895344081002435,0.5880851063829787,0.04040404040404041,0.5042553191489362,52.333333333042596,0.9999999999998938,960,240
S4,RandomOS,50,0,DT,0.17250000000000004,0.6936170212765957,0.4,0.6936170212765957,52.333333333042596,0.9999999999998938,960,240
S4,RandomOS,50,0,XGB,0.3946092335304392,0.8604255319148936,0.3076923076923077,0.6872340425531915,52.333333333042596,0.9999999999998938,960,240
S4,RandomOS,50,1,KNN,0.20833333333333331,0.7851063829787235,0.3333333333333333,0.6893617021276596,52.333333333042596,0.9999999999998938,960,240
S4,RandomOS,50,1,RF,0.27464285714285713,0.8731914893617021,0.0,0.4957446808510638,52.333333333042596,0.9999999999998938,960,240
S4,RandomOS,50,1,LR,0.0240779650745523,0.5089361702127659,0.03773584905660377,0.48936170212765956,52.333333333042596,0.9999999999998938,960,240
S4,RandomOS,50,1,DT,0.06666666666666667,0.5936170212765958,0.2222222222222222,0.5936170212765958,52.333333333042596,0.9999999999998938,960,240
S4,RandomOS,50,1,XGB,0.1642997542997543,0.9255319148936171,0.0,0.4957446808510638,52.333333333042596,0.9999999999998938,960,240
S4,RandomOS,50,2,KNN,0.175,0.7787234042553192,0.2857142857142857,0.6851063829787234,52.333333333042596,0.9999999999998938,960,240
S4,RandomOS,50,2,RF,0.3113095238095238,0.8455319148936171,0.2857142857142857,0.597872340425532,52.333333333042596,0.9999999999998938,960,240
S4,RandomOS,50,2,LR,0.02200797277890163,0.4663829787234043,0.03418803418803419,0.46595744680851064,52.333333333042596,0.9999999999998938,960,240
S4,RandomOS,50,2,DT,0.11666666666666667,0.5978723404255318,0.2857142857142857,0.597872340425532,52.333333333042596,0.9999999999998938,960,240
S4,RandomOS,50,2,XGB,0.19581237971068483,0.7404255319148937,0.2857142857142857,0.597872340425532,52.333333333042596,0.9999999999998938,960,240
S4,RandomOS,50,3,KNN,0.07772740675217454,0.7510638297872341,0.18181818181818182,0.6680851063829787,52.333333333042596,0.9999999999998938,960,240
S4,RandomOS,50,3,RF,0.18039083379640655,0.946808510638298,0.13333333333333333,0.5808510638297872,52.333333333042596,0.9999999999998938,960,240
S4,RandomOS,50,3,LR,0.027617603294148092,0.5787234042553191,0.05217391304347826,0.5723404255319149,52.333333333042596,0.9999999999998938,960,240
S4,RandomOS,50,3,DT,0.03888888888888889,0.5829787234042553,0.14285714285714285,0.5829787234042553,52.333333333042596,0.9999999999998938,960,240
S4,RandomOS,50,3,XGB,0.15041546688605512,0.847659574468085,0.13333333333333333,0.5808510638297872,52.333333333042596,0.9999999999998938,960,240
S4,SMOTETomek,5,42,KNN,0.7520413817383313,0.95575,0.7956989247311828,0.9225000000000001,4.999999999996875,0.9999999999998725,960,240
S4,SMOTETomek,5,42,RF,0.7409943306267655,0.95875,0.7560975609756098,0.86,4.999999999996875,0.9999999999998725,960,240
S4,SMOTETomek,5,42,LR,0.20639584851461507,0.6413749999999999,0.37037037037037035,0.6375,4.999999999996875,0.9999999999998725,960,240
S4,SMOTETomek,5,42,DT,0.6623062015503876,0.8875,0.7951807228915663,0.8875,4.999999999996875,0.9999999999998725,960,240
S4,SMOTETomek,5,42,XGB,0.7803010310758344,0.94975,0.7764705882352941,0.8825,4.999999999996875,0.9999999999998725,960,240
S4,SMOTETomek,5,0,KNN,0.7442761340003128,0.9531875000000001,0.782608695652174,0.91,4.999999999996875,0.9999999999998728,960,240
S4,SMOTETomek,5,0,RF,0.9013435664961289,0.970375,0.8604651162790697,0.94,4.999999999996875,0.9999999999998728,960,240
S4,SMOTETomek,5,0,LR,0.20339298469847797,0.636375,0.3582089552238806,0.625,4.999999999996875,0.9999999999998728,960,240
S4,SMOTETomek,5,0,DT,0.6151515151515152,0.87,0.7619047619047619,0.87,4.999999999996875,0.9999999999998728,960,240
S4,SMOTETomek,5,0,XGB,0.8745721824880983,0.9711875,0.8409090909090909,0.935,4.999999999996875,0.9999999999998728,960,240
S4,SMOTETomek,5,1,KNN,0.7225428921568627,0.9415,0.7912087912087912,0.9125000000000001,4.999999999996875,0.9999999999998724,960,240
S4,SMOTETomek,5,1,RF,0.7206645350236189,0.9579375,0.8,0.915,4.999999999996875,0.9999999999998724,960,240
S4,SMOTETomek,5,1,LR,0.2069010611753035,0.643875,0.3076923076923077,0.575,4.999999999996875,0.9999999999998724,960,240
S4,SMOTETomek,5,1,DT,0.6623062015503876,0.8875,0.7951807228915663,0.8875,4.999999999996875,0.9999999999998724,960,240
S4,SMOTETomek,5,1,XGB,0.7163051699776876,0.95725,0.7954545454545454,0.905,4.999999999996875,0.9999999999998724,960,240
S4,SMOTETomek,5,2,KNN,0.7286821705426356,0.96125,0.8,0.95,4.999999999996875,0.9999999999998728,960,240
S4,SMOTETomek,5,2,RF,0.8246441216344836,0.9745625,0.8085106382978723,0.935,4.999999999996875,0.9999999999998728,960,240
S4,SMOTETomek,5,2,LR,0.19329018313519397,0.6085,0.3673469387755102,0.6375,4.999999999996875,0.9999999999998728,960,240
S4,SMOTETomek,5,2,DT,0.7025641025641025,0.94,0.8260869565217391,0.94,4.999999999996875,0.9999999999998728,960,240
S4,SMOTETomek,5,2,XGB,0.8022399385846601,0.9668125000000001,0.8,0.9325,4.999999999996875,0.9999999999998728,960,240
S4,SMOTETomek,5,3,KNN,0.7284030100334449,0.9615,0.78,0.935,4.999999999996875,0.9999999999998724,960,240
S4,SMOTETomek,5,3,RF,0.7827705428139862,0.97125,0.8089887640449438,0.9175,4.999999999996875,0.9999999999998724,960,240
S4,SMOTETomek,5,3,LR,0.18913511060707072,0.5972500000000001,0.3841059602649007,0.6575,4.999999999996875,0.9999999999998724,960,240
S4,SMOTETomek,5,3,DT,0.7210144927536233,0.9249999999999999,0.8372093023255814,0.925,4.999999999996875,0.9999999999998724,960,240
S4,SMOTETomek,5,3,XGB,0.7336855632517122,0.96575,0.8409090909090909,0.935,4.999999999996875,0.9999999999998724,960,240
S4,SMOTETomek,10,42,KNN,0.5953880814174932,0.9465179316096748,0.6896551724137931,0.9178482068390326,10.034482758609155,0.9999999999998849,960,240
S4,SMOTETomek,10,42,RF,0.58052331579801,0.9319224353628024,0.6785714285714286,0.8974145120934112,10.034482758609155,0.9999999999998849,960,240
S4,SMOTETomek,10,42,LR,0.11010039620778142,0.6021684737281068,0.22764227642276422,0.6186405337781484,10.034482758609155,0.9999999999998849,960,240
S4,SMOTETomek,10,42,DT,0.46294765840220387,0.8746872393661386,0.6545454545454545,0.8746872393661385,10.034482758609155,0.9999999999998849,960,240
S4,SMOTETomek,10,42,XGB,0.6442907145140694,0.933069224353628,0.7017543859649122,0.9201417848206839,10.034482758609155,0.9999999999998849,960,240
S4,SMOTETomek,10,0,KNN,0.6233585858585858,0.9497497914929107,0.6923076923076923,0.8815679733110926,10.034482758609155,0.999999999999883,960,240
S4,SMOTETomek,10,0,RF,0.673716712484355,0.9680984153461217,0.6938775510204082,0.8634278565471226,10.034482758609155,0.999999999999883,960,240
S4,SMOTETomek,10,0,LR,0.1143715970983407,0.6184320266889074,0.1592920353982301,0.5164720600500418,10.034482758609155,0.999999999999883,960,240
S4,SMOTETomek,10,0,DT,0.5426406926406927,0.8861551292743954,0.72,0.8861551292743954,10.034482758609155,0.999999999999883,960,240
S4,SMOTETomek,10,0,XGB,0.6101205493071521,0.9550667222685572,0.7083333333333334,0.865721434528774,10.034482758609155,0.999999999999883,960,240
S4,SMOTETomek,10,1,KNN,0.6719932571320739,0.9718515429524605,0.7407407407407407,0.927022518765638,10.034482758609155,0.9999999999998835,960,240
S4,SMOTETomek,10,1,RF,0.7785880494039282,0.9805045871559633,0.7450980392156863,0.9088824020016681,10.034482758609155,0.9999999999998835,960,240
S4,SMOTETomek,10,1,LR,0.1161092535974293,0.6257297748123436,0.19130434782608696,0.5619266055045872,10.034482758609155,0.9999999999998835,960,240
S4,SMOTETomek,10,1,DT,0.4899891774891774,0.8611342785654712,0.68,0.8611342785654712,10.034482758609155,0.9999999999998835,960,240
S4,SMOTETomek,10,1,XGB,0.7811202141137599,0.976021684737281,0.68,0.8611342785654712,10.034482758609155,0.9999999999998835,960,240
S4,SMOTETomek,10,2,KNN,0.7308343171979536,0.9791492910758965,0.7368421052631579,0.9451626355296081,10.034482758609155,0.9999999999998823,960,240
S4,SMOTETomek,10,2,RF,0.7753595926882019,0.9791492910758965,0.7142857142857143,0.9224353628023353,10.034482758609155,0.9999999999998823,960,240
S4,SMOTETomek,10,2,LR,0.10849375480843844,0.5954962468723937,0.21311475409836064,0.5959132610508757,10.034482758609155,0.9999999999998823,960,240
S4,SMOTETomek,10,2,DT,0.559469696969697,0.9065888240200167,0.7307692307692307,0.9065888240200166,10.034482758609155,0.9999999999998823,960,240
S4,SMOTETomek,10,2,XGB,0.7850776954549331,0.9808173477898248,0.7142857142857143,0.9224353628023353,10.034482758609155,0.9999999999998823,960,240
S4,SMOTETomek,10,3,KNN,0.5703178618501199,0.9434945788156798,0.711864406779661,0.9405754795663053,10.034482758609155,0.999999999999883,960,240
S4,SMOTETomek,10,3,RF,0.5723678115783379,0.933277731442869,0.6428571428571429,0.8723936613844872,10.034482758609155,0.999999999999883,960,240
S4,SMOTETomek,10,3,LR,0.10575254999667127,0.5831943286071726,0.21875,0.6071726438698916,10.034482758609155,0.999999999999883,960,240
S4,SMOTETomek,10,3,DT,0.4374458874458874,0.8701000834028358,0.631578947368421,0.8701000834028357,10.034482758609155,0.999999999999883,960,240
S4,SMOTETomek,10,3,XGB,0.760937556310933,0.9432860717264387,0.6666666666666666,0.8769808173477899,10.034482758609155,0.999999999999883,960,240
S4,SMOTETomek,20,42,KNN,0.7019822282980178,0.9896784438269155,0.6470588235294118,0.9737991266375545,19.869565217348107,0.9999999999998892,960,240
S4,SMOTETomek,20,42,RF,0.644554858631105,0.982135768161969,0.625,0.9305279872965462,19.869565217348107,0.9999999999998892,960,240
S4,SMOTETomek,20,42,LR,0.06143638460530625,0.6169114728066694,0.14545454545454545,0.664946407304486,19.869565217348107,0.9999999999998892,960,240
S4,SMOTETomek,20,42,DT,0.4173898071625344,0.9283445811830091,0.6060606060606061,0.9283445811830091,19.869565217348107,0.9999999999998892,960,240
S4,SMOTETomek,20,42,XGB,0.6894841900523719,0.981738785232235,0.625,0.9305279872965462,19.869565217348107,0.9999999999998892,960,240
S4,SMOTETomek,20,0,KNN,0.4446428571428571,0.9295355299722112,0.5517241379310345,0.8418023025009924,19.869565217348107,0.9999999999998893,960,240
S4,SMOTETomek,20,0,RF,0.4440749043619857,0.9708217546645495,0.6206896551724138,0.8894402540690751,19.869565217348107,0.9999999999998893,960,240
S4,SMOTETomek,20,0,LR,0.05532041576441674,0.5780071456927353,0.09345794392523364,0.5285827709408495,19.869565217348107,0.9999999999998893,960,240
S4,SMOTETomek,20,0,DT,0.29507575757575755,0.7985311631599841,0.5185185185185185,0.7985311631599841,19.869565217348107,0.9999999999998893,960,240
S4,SMOTETomek,20,0,XGB,0.4208787760987933,0.9313219531560143,0.5714285714285714,0.8439857086145296,19.869565217348107,0.9999999999998893,960,240
S4,SMOTETomek,20,1,KNN,0.3767198381328816,0.9211988884477967,0.5294117647058824,0.8785232235013894,19.869565217348107,0.9999999999998895,960,240
S4,SMOTETomek,20,1,RF,0.38211880490588623,0.9477967447399762,0.5161290322580645,0.8374354902739183,19.869565217348107,0.9999999999998895,960,240
S4,SMOTETomek,20,1,LR,0.051819920611981735,0.556967050416832,0.12173913043478261,0.6063914251687177,19.869565217348107,0.9999999999998895,960,240
S4,SMOTETomek,20,1,DT,0.278698752228164,0.7963477570464469,0.5,0.796347757046447,19.869565217348107,0.9999999999998895,960,240
S4,SMOTETomek,20,1,XGB,0.3662419838918872,0.9483922191345772,0.4666666666666667,0.7919809448193728,19.869565217348107,0.9999999999998895,960,240
S4,SMOTETomek,20,2,KNN,0.3880709003914745,0.8420007939658594,0.5333333333333333,0.8396188963874553,19.869565217348107,0.9999999999998893,960,240
S4,SMOTETomek,20,2,RF,0.49918766987892266,0.9007542675664947,0.5,0.796347757046447,19.869565217348107,0.9999999999998893,960,240
S4,SMOTETomek,20,2,LR,0.0576409497370871,0.591901548233426,0.05714285714285714,0.4376736800317586,19.869565217348107,0.9999999999998893,960,240
S4,SMOTETomek,20,2,DT,0.3547459893048128,0.8439857086145296,0.5714285714285714,0.8439857086145296,19.869565217348107,0.9999999999998893,960,240
S4,SMOTETomek,20,2,XGB,0.5609106340813658,0.925168717745137,0.5,0.796347757046447,19.869565217348107,0.9999999999998893,960,240
S4,SMOTETomek,20,3,KNN,0.39562289562289565,0.963279078999603,0.5641025641025641,0.962882096069869,19.869565217348107,0.9999999999998883,960,240
S4,SMOTETomek,20,3,RF,0.37259676597911895,0.9608971814211988,0.5641025641025641,0.962882096069869,19.869565217348107,0.9999999999998883,960,240
S4,SMOTETomek,20,3,LR,0.05573465541181437,0.5791980944819373,0.09917355371900827,0.5456530369194125,19.869565217348107,0.9999999999998883,960,240
S4,SMOTETomek,20,3,DT,0.30287878787878786,0.8741564112743154,0.5,0.8741564112743152,19.869565217348107,0.9999999999998883,960,240
S4,SMOTETomek,20,3,XGB,0.4697527220254493,0.9698292973402144,0.5555555555555556,0.9217943628423977,19.869565217348107,0.9999999999998883,960,240
S4,SMOTETomek,50,42,KNN,0.45454545454545453,0.9872340425531915,0.5,0.9787234042553192,52.333333333042596,0.9999999999998925,960,240
S4,SMOTETomek,50,42,RF,0.5622222222222222,0.9910638297872341,0.5882352941176471,0.9851063829787234,52.333333333042596,0.9999999999998925,960,240
S4,SMOTETomek,50,42,LR,0.024036498452485046,0.5080851063829788,0.03333333333333333,0.4595744680851064,52.333333333042596,0.9999999999998925,960,240
S4,SMOTETomek,50,42,DT,0.45454545454545453,0.9872340425531915,0.625,0.9872340425531915,52.333333333042596,0.9999999999998925,960,240
S4,SMOTETomek,50,42,XGB,0.6087301587301587,0.9919148936170212,0.625,0.9872340425531915,52.333333333042596,0.9999999999998925,960,240
S4,SMOTETomek,50,0,KNN,0.24570512820512821,0.8787234042553191,0.4444444444444444,0.8808510638297873,52.333333333042596,0.9999999999998931,960,240
S4,SMOTETomek,50,0,RF,0.37964285714285717,0.9744680851063829,0.4,0.7851063829787234,52.333333333042596,0.9999999999998931,960,240
S4,SMOTETomek,50,0,LR,0.02831385075016227,0.5761702127659575,0.04,0.5021276595744681,52.333333333042596,0.9999999999998931,960,240
S4,SMOTETomek,50,0,DT,0.20833333333333331,0.7872340425531915,0.42857142857142855,0.7872340425531914,52.333333333042596,0.9999999999998931,960,240
S4,SMOTETomek,50,0,XGB,0.31002331002331,0.9319148936170213,0.375,0.7829787234042553,52.333333333042596,0.9999999999998931,960,240
S4,SMOTETomek,50,1,KNN,0.17716450216450214,0.7808510638297873,0.35294117647058826,0.7808510638297872,52.333333333042596,0.999999999999893,960,240
S4,SMOTETomek,50,1,RF,0.26630952380952383,0.865531914893617,0.42857142857142855,0.7872340425531914,52.333333333042596,0.999999999999893,960,240
S4,SMOTETomek,50,1,LR,0.020563192354920292,0.42723404255319153,0.015037593984962405,0.32978723404255317,52.333333333042596,0.999999999999893,960,240
S4,SMOTETomek,50,1,DT,0.2333333333333333,0.7893617021276595,0.46153846153846156,0.7893617021276595,52.333333333042596,0.999999999999893,960,240
S4,SMOTETomek,50,1,XGB,0.2751731601731602,0.9591489361702128,0.4,0.7851063829787234,52.333333333042596,0.999999999999893,960,240
S4,SMOTETomek,50,2,KNN,0.17196969696969694,0.777872340425532,0.2857142857142857,0.7723404255319148,52.333333333042596,0.9999999999998926,960,240
S4,SMOTETomek,50,2,RF,0.34461152882205515,0.92,0.25,0.6808510638297872,52.333333333042596,0.9999999999998926,960,240
S4,SMOTETomek,50,2,LR,0.022538458930637696,0.47829787234042553,0.03571428571428571,0.4765957446808511,52.333333333042596,0.9999999999998926,960,240
S4,SMOTETomek,50,2,DT,0.07916666666666666,0.6787234042553192,0.23529411764705882,0.6787234042553192,52.333333333042596,0.9999999999998926,960,240
S4,SMOTETomek,50,2,XGB,0.2659028760018859,0.806808510638298,0.2222222222222222,0.676595744680851,52.333333333042596,0.9999999999998926,960,240
S4,SMOTETomek,50,3,KNN,0.13382107023411371,0.8553191489361702,0.2222222222222222,0.7595744680851064,52.333333333042596,0.999999999999893,960,240
S4,SMOTETomek,50,3,RF,0.21192546583850932,0.9506382978723404,0.2608695652173913,0.7680851063829788,52.333333333042596,0.999999999999893,960,240
S4,SMOTETomek,50,3,LR,0.026469097685691223,0.56,0.05128205128205128,0.5680851063829787,52.333333333042596,0.999999999999893,960,240
S4,SMOTETomek,50,3,DT,0.12833333333333333,0.7744680851063831,0.3,0.774468085106383,52.333333333042596,0.999999999999893,960,240
S4,SMOTETomek,50,3,XGB,0.17915214866434379,0.9302127659574468,0.25,0.7659574468085106,52.333333333042596,0.999999999999893,960,240
S4,GMR,5,42,KNN,0.7645372237022104,0.9265,0.7435897435897436,0.84,4.999999999996875,5.20945945945594,960,240
S4,GMR,5,42,RF,0.7453789083450356,0.9318125,0.7435897435897436,0.84,4.999999999996875,5.20945945945594,960,240
S4,GMR,5,42,LR,0.1907153503969416,0.6071249999999999,0.2923076923076923,0.56,4.999999999996875,5.20945945945594,960,240
S4,GMR,5,42,DT,0.5849358974358974,0.8374999999999999,0.7341772151898734,0.8374999999999999,4.999999999996875,5.20945945945594,960,240
S4,GMR,5,42,XGB,0.7815242747869005,0.9295,0.7272727272727273,0.8274999999999999,4.999999999996875,5.20945945945594,960,240
S4,GMR,5,0,KNN,0.7947473246900241,0.9493125,0.7619047619047619,0.87,4.999999999996875,5.026490066221837,960,240
S4,GMR,5,0,RF,0.8651663317766365,0.9634375,0.8536585365853658,0.9199999999999999,4.999999999996875,5.026490066221837,960,240
S4,GMR,5,0,LR,0.1920071950162641,0.611875,0.3053435114503817,0.5725,4.999999999996875,5.026490066221837,960,240
S4,GMR,5,0,DT,0.6733333333333335,0.88,0.8,0.88,4.999999999996875,5.026490066221837,960,240
S4,GMR,5,0,XGB,0.8026529907495988,0.9530625,0.8536585365853658,0.9199999999999999,4.999999999996875,5.026490066221837,960,240
S4,GMR,5,1,KNN,0.708859477124183,0.9306875000000001,0.8131868131868132,0.9275,4.999999999996875,5.0331125827781245,960,240
S4,GMR,5,1,RF,0.7686777566922754,0.9544375,0.7954545454545454,0.905,4.999999999996875,5.0331125827781245,960,240
S4,GMR,5,1,LR,0.21432693803565514,0.658125,0.3125,0.5800000000000001,4.999999999996875,5.0331125827781245,960,240
S4,GMR,5,1,DT,0.6778911564625851,0.9175,0.8089887640449438,0.9175,4.999999999996875,5.0331125827781245,960,240
S4,GMR,5,1,XGB,0.7922632869749611,0.970125,0.8045977011494253,0.9075,4.999999999996875,5.0331125827781245,960,240
S4,GMR,5,2,KNN,0.7470770393935824,0.946875,0.8222222222222222,0.93,4.999999999996875,5.19047619047266,960,240
S4,GMR,5,2,RF,0.733954837103504,0.96225,0.8222222222222222,0.93,4.999999999996875,5.19047619047266,960,240
S4,GMR,5,2,LR,0.19044525085279654,0.6032500000000001,0.31724137931034485,0.5825,4.999999999996875,5.19047619047266,960,240
S4,GMR,5,2,DT,0.697,0.93,0.8222222222222222,0.93,4.999999999996875,5.19047619047266,960,240
S4,GMR,5,2,XGB,0.8224441247870419,0.9707499999999999,0.7956989247311828,0.9225000000000001,4.999999999996875,5.19047619047266,960,240
S4,GMR,5,3,KNN,0.8380850737100737,0.9782500000000001,0.8210526315789474,0.9475,4.999999999996875,5.0805369127482685,960,240
S4,GMR,5,3,RF,0.8151440758058653,0.9761250000000001,0.8181818181818182,0.9199999999999999,4.999999999996875,5.0805369127482685,960,240
S4,GMR,5,3,LR,0.18833948114173804,0.5955,0.3815789473684211,0.655,4.999999999996875,5.0805369127482685,960,240
S4,GMR,5,3,DT,0.6588541666666666,0.905,0.7954545454545454,0.905,4.999999999996875,5.0805369127482685,960,240
S4,GMR,5,3,XGB,0.8752006404056762,0.9760624999999999,0.8045977011494253,0.9075,4.999999999996875,5.0805369127482685,960,240
S4,GMR,10,42,KNN,0.6861807732497387,0.9366138448707256,0.7346938775510204,0.8884487072560467,10.034482758609155,10.759493670872455,960,240
S4,GMR,10,42,RF,0.6268898788312878,0.9600708924103418,0.7083333333333334,0.865721434528774,10.034482758609155,10.759493670872455,960,240
S4,GMR,10,42,LR,0.11395315511671754,0.6132193494578816,0.2459016393442623,0.645954962468724,10.034482758609155,10.759493670872455,960,240
S4,GMR,10,42,DT,0.5073653198653199,0.8634278565471226,0.6938775510204082,0.8634278565471226,10.034482758609155,10.759493670872455,960,240
S4,GMR,10,42,XGB,0.6357692820611984,0.9692452043369475,0.7755102040816326,0.9134695579649708,10.034482758609155,10.759493670872455,960,240
S4,GMR,10,0,KNN,0.6341103341103341,0.8914720600500418,0.6666666666666666,0.80442035029191,10.034482758609155,10.708860759480116,960,240
S4,GMR,10,0,RF,0.6140091498928355,0.9591326105087573,0.6341463414634146,0.7816930775646372,10.034482758609155,10.708860759480116,960,240
S4,GMR,10,0,LR,0.09622846116816353,0.5506672226855713,0.2047244094488189,0.5844453711426189,10.034482758609155,10.708860759480116,960,240
S4,GMR,10,0,DT,0.5098484848484849,0.8452877397831526,0.6956521739130435,0.8452877397831526,10.034482758609155,10.708860759480116,960,240
S4,GMR,10,0,XGB,0.6306762012546797,0.9416180150125104,0.6818181818181818,0.8248540450375312,10.034482758609155,10.708860759480116,960,240
S4,GMR,10,1,KNN,0.7413869644847906,0.957881567973311,0.7555555555555555,0.8726021684737282,10.034482758609155,10.810126582264797,960,240
S4,GMR,10,1,RF,0.7773308196999443,0.9778982485404503,0.7906976744186046,0.8771893244370308,10.034482758609155,10.810126582264797,960,240
S4,GMR,10,1,LR,0.12101467282050074,0.6386572143452877,0.18518518518518517,0.5529608006672226,10.034482758609155,10.810126582264797,960,240
S4,GMR,10,1,DT,0.6068181818181819,0.8544620517097582,0.7619047619047619,0.8544620517097581,10.034482758609155,10.810126582264797,960,240
S4,GMR,10,1,XGB,0.8302358766807822,0.982068390325271,0.7619047619047619,0.8544620517097581,10.034482758609155,10.810126582264797,960,240
S4,GMR,10,2,KNN,0.7885858585858586,0.9824854045037531,0.723404255319149,0.8680150125104253,10.034482758609155,10.683544303783945,960,240
S4,GMR,10,2,RF,0.8282072177556626,0.9573603002502084,0.7083333333333334,0.865721434528774,10.034482758609155,10.683544303783945,960,240
S4,GMR,10,2,LR,0.10916310689822517,0.5973728106755629,0.21311475409836064,0.5959132610508757,10.034482758609155,10.683544303783945,960,240
S4,GMR,10,2,DT,0.42252331002330995,0.8156797331109257,0.625,0.8156797331109258,10.034482758609155,10.683544303783945,960,240
S4,GMR,10,2,XGB,0.8474408620656974,0.9826939115929942,0.7450980392156863,0.9088824020016681,10.034482758609155,10.683544303783945,960,240
S4,GMR,10,3,KNN,0.6297533198424541,0.9493327773144287,0.6938775510204082,0.8634278565471226,10.034482758609155,10.74683544302437,960,240
S4,GMR,10,3,RF,0.6466285060633147,0.9220183486238532,0.7346938775510204,0.8884487072560467,10.034482758609155,10.74683544302437,960,240
S4,GMR,10,3,LR,0.10881500502728918,0.5946622185154296,0.23809523809523808,0.6367806505421184,10.034482758609155,10.74683544302437,960,240
S4,GMR,10,3,DT,0.524503657262278,0.883861551292744,0.7058823529411765,0.8838615512927439,10.034482758609155,10.74683544302437,960,240
S4,GMR,10,3,XGB,0.7154602000741961,0.9601751459549626,0.6666666666666666,0.8407005838198499,10.034482758609155,10.74683544302437,960,240
S4,GMR,20,42,KNN,0.6300953948012771,0.9851131401349742,0.6666666666666666,0.852719333068678,19.869565217348107,21.547619047567743,960,240
S4,GMR,20,42,RF,0.715348057739362,0.9855101230647082,0.75,0.9003572846367607,19.869565217348107,21.547619047567743,960,240
S4,GMR,20,42,LR,0.058878488433136325,0.6022231044065106,0.10909090909090909,0.5696705041683208,19.869565217348107,21.547619047567743,960,240
S4,GMR,20,42,DT,0.4973484848484849,0.8549027391822152,0.6956521739130435,0.8549027391822152,19.869565217348107,21.547619047567743,960,240
S4,GMR,20,42,XGB,0.6282276374651741,0.9579198094481937,0.6363636363636364,0.8094481937276696,19.869565217348107,21.547619047567743,960,240
S4,GMR,20,0,KNN,0.4305269292111398,0.887058356490671,0.5,0.7574434299325129,19.869565217348107,21.49999999994881,960,240
S4,GMR,20,0,RF,0.5669000191727464,0.9297340214370783,0.5217391304347826,0.7596268360460501,19.869565217348107,21.49999999994881,960,240
S4,GMR,20,0,LR,0.052399141695839486,0.5577610162763001,0.09259259259259259,0.5263993648273124,19.869565217348107,21.49999999994881,960,240
S4,GMR,20,0,DT,0.23161157024793386,0.7141722905915047,0.45454545454545453,0.7141722905915046,19.869565217348107,21.49999999994881,960,240
S4,GMR,20,0,XGB,0.5510946120571789,0.9122667725287812,0.45454545454545453,0.7141722905915046,19.869565217348107,21.49999999994881,960,240
S4,GMR,20,1,KNN,0.49920798898071617,0.9339023421992855,0.5454545454545454,0.7618102421595871,19.869565217348107,21.452380952329875,960,240
S4,GMR,20,1,RF,0.46775810048537325,0.9718142119888844,0.56,0.8028979753870584,19.869565217348107,21.452380952329875,960,240
S4,GMR,20,1,LR,0.055493893527211985,0.5851528384279476,0.12844036697247707,0.6194918618499404,19.869565217348107,21.452380952329875,960,240
S4,GMR,20,1,DT,0.1998251748251748,0.7098054783644303,0.4166666666666667,0.7098054783644303,19.869565217348107,21.452380952329875,960,240
S4,GMR,20,1,XGB,0.4576564250678272,0.9583167923779277,0.6363636363636364,0.8094481937276696,19.869565217348107,21.452380952329875,960,240
S4,GMR,20,2,KNN,0.5484766496130132,0.851131401349742,0.5555555555555556,0.722905915045653,19.869565217348107,21.40476190471094,960,240
S4,GMR,20,2,RF,0.4238961975974963,0.8693926161175071,0.47619047619047616,0.7163556967050416,19.869565217348107,21.40476190471094,960,240
S4,GMR,20,2,LR,0.05498461114100804,0.574037316395395,0.05660377358490566,0.4354902739182215,19.869565217348107,21.40476190471094,960,240
S4,GMR,20,2,DT,0.2109848484848485,0.6730845573640334,0.42105263157894735,0.6730845573640334,19.869565217348107,21.40476190471094,960,240
S4,GMR,20,2,XGB,0.4267305164133156,0.8904327113934101,0.5454545454545454,0.7618102421595871,19.869565217348107,21.40476190471094,960,240
S4,GMR,20,3,KNN,0.45712125070413845,0.9716157205240176,0.5454545454545454,0.7618102421595871,19.869565217348107,21.57142857137721,960,240
S4,GMR,20,3,RF,0.4683834683834684,0.9712187375942835,0.56,0.8028979753870584,19.869565217348107,21.57142857137721,960,240
S4,GMR,20,3,LR,0.05561372645385228,0.5784041286224693,0.09917355371900827,0.5456530369194125,19.869565217348107,21.57142857137721,960,240
S4,GMR,20,3,DT,0.17651515151515149,0.7054386661373561,0.38461538461538464,0.7054386661373561,19.869565217348107,21.57142857137721,960,240
S4,GMR,20,3,XGB,0.5176695128369769,0.9751885668916237,0.5925925925925926,0.8461691147280668,19.869565217348107,21.57142857137721,960,240
S4,GMR,50,42,KNN,0.6499999999999999,0.9927659574468085,0.6666666666666666,0.7978723404255319,52.333333333042596,55.41176470555641,960,240
S4,GMR,50,42,RF,0.6166666666666666,0.9919148936170213,0.5,0.6978723404255319,52.333333333042596,55.41176470555641,960,240
S4,GMR,50,42,LR,0.02557539260831966,0.5353191489361703,0.05357142857142857,0.5787234042553191,52.333333333042596,55.41176470555641,960,240
S4,GMR,50,42,DT,0.36833333333333335,0.7957446808510639,0.6,0.7957446808510638,52.333333333042596,55.41176470555641,960,240
S4,GMR,50,42,XGB,0.6961904761904761,0.9948936170212767,0.8,0.897872340425532,52.333333333042596,55.41176470555641,960,240
S4,GMR,50,0,KNN,0.2833333333333333,0.7868085106382979,0.4444444444444444,0.6957446808510639,52.333333333042596,55.29411764673357,960,240
S4,GMR,50,0,RF,0.51,0.9748936170212766,0.36363636363636365,0.6914893617021276,52.333333333042596,55.29411764673357,960,240
S4,GMR,50,0,LR,0.028237844398126023,0.5761702127659575,0.04040404040404041,0.5042553191489362,52.333333333042596,55.29411764673357,960,240
S4,GMR,50,0,DT,0.14583333333333334,0.6914893617021276,0.36363636363636365,0.6914893617021276,52.333333333042596,55.29411764673357,960,240
S4,GMR,50,0,XGB,0.43825910931174095,0.9642553191489361,0.36363636363636365,0.6914893617021276,52.333333333042596,55.29411764673357,960,240
S4,GMR,50,1,KNN,0.24166666666666664,0.7863829787234043,0.2857142857142857,0.597872340425532,52.333333333042596,55.23529411732215,960,240
S4,GMR,50,1,RF,0.42583333333333334,0.8778723404255319,0.2857142857142857,0.597872340425532,52.333333333042596,55.23529411732215,960,240
S4,GMR,50,1,LR,0.022475491759270494,0.4791489361702128,0.036036036036036036,0.4787234042553192,52.333333333042596,55.23529411732215,960,240
S4,GMR,50,1,DT,0.05666666666666667,0.5914893617021276,0.2,0.5914893617021276,52.333333333042596,55.23529411732215,960,240
S4,GMR,50,1,XGB,0.33591954022988507,0.9527659574468085,0.2857142857142857,0.597872340425532,52.333333333042596,55.23529411732215,960,240
S4,GMR,50,2,KNN,0.29404761904761906,0.7812765957446809,0.0,0.5,52.333333333042596,55.35294117614499,960,240
S4,GMR,50,2,RF,0.2791666666666667,0.6634042553191489,0.3333333333333333,0.6,52.333333333042596,55.35294117614499,960,240
S4,GMR,50,2,LR,0.027983009756674736,0.5753191489361702,0.05825242718446602,0.597872340425532,52.333333333042596,55.35294117614499,960,240
S4,GMR,50,2,DT,0.11666666666666667,0.5978723404255318,0.2857142857142857,0.597872340425532,52.333333333042596,55.35294117614499,960,240
S4,GMR,50,2,XGB,0.306662447257384,0.757872340425532,0.3333333333333333,0.6,52.333333333042596,55.35294117614499,960,240
S4,GMR,50,3,KNN,0.10576923076923075,0.7663829787234043,0.18181818181818182,0.5893617021276596,52.333333333042596,55.29411764673357,960,240
S4,GMR,50,3,RF,0.24584859584859586,0.9582978723404256,0.18181818181818182,0.5893617021276596,52.333333333042596,55.29411764673357,960,240
S4,GMR,50,3,LR,0.025656527862538317,0.5438297872340425,0.05,0.5617021276595744,52.333333333042596,55.29411764673357,960,240
S4,GMR,50,3,DT,0.03888888888888889,0.5829787234042553,0.14285714285714285,0.5829787234042553,52.333333333042596,55.29411764673357,960,240
S4,GMR,50,3,XGB,0.3372408293460925,0.9234042553191489,0.14285714285714285,0.5829787234042553,52.333333333042596,55.29411764673357,960,240
S5,None,5,42,KNN,0.6256186868686869,0.8568317909635275,0.5306122448979592,0.6879876610415532,5.015037593981192,5.015037593981192,800,200
S5,None,5,42,RF,0.8216090045291966,0.9496461622210126,0.7017543859649122,0.7910542551261115,5.015037593981192,5.015037593981192,800,200
S5,None,5,42,LR,0.8495097412420052,0.9245146071493378,0.7073170731707317,0.8795136998729813,5.015037593981192,5.015037593981192,800,200
S5,None,5,42,DT,0.26661616161616164,0.6369080021774634,0.4,0.6369080021774632,5.015037593981192,5.015037593981192,800,200
S5,None,5,42,XGB,0.8380240953469238,0.9205225911812739,0.6909090909090909,0.7788967519506442,5.015037593981192,5.015037593981192,800,200
S5,None,5,0,KNN,0.6829530179530179,0.8912175648702594,0.6274509803921569,0.7364362184721467,5.015037593981192,5.015037593981192,800,200
S5,None,5,0,RF,0.7978490295414182,0.9579931046996916,0.7540983606557377,0.833514788604609,5.015037593981192,5.015037593981192,800,200
S5,None,5,0,LR,0.8228957567065246,0.9520958083832336,0.6818181818181818,0.8796951551442569,5.015037593981192,5.015037593981192,800,200
S5,None,5,0,DT,0.3504972804972805,0.7279985483578297,0.5277777777777778,0.7279985483578298,5.015037593981192,5.015037593981192,800,200
S5,None,5,0,XGB,0.8380697191466822,0.9647976773725276,0.7457627118644068,0.8213572854291418,5.015037593981192,5.015037593981192,800,200
S5,None,5,1,KNN,0.5642557651991615,0.7950462710941754,0.4186046511627907,0.6333696243875884,5.015037593981192,5.015037593981192,800,200
S5,None,5,1,RF,0.6560279250005989,0.8897659227000545,0.5,0.6790056251134096,5.015037593981192,5.015037593981192,800,200
S5,None,5,1,LR,0.6075724417148136,0.8720740337506805,0.5783132530120482,0.7857920522591182,5.015037593981192,5.015037593981192,800,200
S5,None,5,1,DT,0.22458333333333336,0.6037924151696606,0.3384615384615385,0.6037924151696606,5.015037593981192,5.015037593981192,800,200
S5,None,5,1,XGB,0.5548097071868594,0.8490292142986754,0.5185185185185185,0.6911631282888768,5.015037593981192,5.015037593981192,800,200
S5,None,5,2,KNN,0.6191518423097372,0.8172745418254399,0.4888888888888889,0.6636726546906188,5.015037593981192,5.015037593981192,800,200
S5,None,5,2,RF,0.7608776595380674,0.896842678279804,0.5217391304347826,0.6788241698421339,5.015037593981192,5.015037593981192,800,200
S5,None,5,2,LR,0.7393075804323546,0.8914897477771729,0.5822784810126582,0.7796225730357467,5.015037593981192,5.015037593981192,800,200
S5,None,5,2,DT,0.32510971786833853,0.6853565596080566,0.4838709677419355,0.6853565596080566,5.015037593981192,5.015037593981192,800,200
S5,None,5,2,XGB,0.7483971408465707,0.8704409363091997,0.6153846153846154,0.7334422064960987,5.015037593981192,5.015037593981192,800,200
S5,None,5,3,KNN,0.5205851673012041,0.7909635274904736,0.4727272727272727,0.6700235891852658,5.015037593981192,5.015037593981192,800,200
S5,None,5,3,RF,0.6338642917258868,0.8563781527853384,0.5454545454545454,0.706314643440392,5.015037593981192,5.015037593981192,800,200
S5,None,5,3,LR,0.6328511713355447,0.8479404826710217,0.5287356321839081,0.7556704772273635,5.015037593981192,5.015037593981192,800,200
S5,None,5,3,DT,0.25518824609733703,0.6370894574487389,0.3939393939393939,0.6370894574487389,5.015037593981192,5.015037593981192,800,200
S5,None,5,3,XGB,0.5652714155619786,0.8196334603520232,0.5172413793103449,0.6973326075122482,5.015037593981192,5.015037593981192,800,200
S5,None,10,42,KNN,0.3805892255892256,0.7442002442002441,0.2727272727272727,0.5805860805860806,10.111111111097067,10.111111111097067,800,200
S5,None,10,42,RF,0.6974275103667236,0.9154456654456654,0.5384615384615384,0.6916971916971917,10.111111111097067,10.111111111097067,800,200
S5,None,10,42,LR,0.6639947576319466,0.8760683760683761,0.43333333333333335,0.7814407814407814,10.111111111097067,10.111111111097067,800,200
S5,None,10,42,DT,0.16526315789473683,0.6309523809523809,0.32432432432432434,0.6309523809523809,10.111111111097067,10.111111111097067,800,200
S5,None,10,42,XGB,0.7397173388813456,0.8656898656898656,0.6666666666666666,0.75,10.111111111097067,10.111111111097067,800,200
S5,None,10,0,KNN,0.2728672691830586,0.7634310134310134,0.09523809523809523,0.5222832722832723,10.111111111097067,10.111111111097067,800,200
S5,None,10,0,RF,0.5723643630957416,0.9444444444444444,0.2727272727272727,0.5805860805860806,10.111111111097067,10.111111111097067,800,200
S5,None,10,0,LR,0.5277498112818244,0.9392551892551892,0.5423728813559322,0.8757631257631258,10.111111111097067,10.111111111097067,800,200
S5,None,10,0,DT,0.11346153846153846,0.5558608058608059,0.1935483870967742,0.5558608058608059,10.111111111097067,10.111111111097067,800,200
S5,None,10,0,XGB,0.5286764548428516,0.9346764346764347,0.25,0.575091575091575,10.111111111097067,10.111111111097067,800,200
S5,None,10,1,KNN,0.6062298195631529,0.8478327228327228,0.56,0.6944444444444444,10.111111111097067,10.111111111097067,800,200
S5,None,10,1,RF,0.7842121874775259,0.9415445665445665,0.5,0.6666666666666666,10.111111111097067,10.111111111097067,800,200
S5,None,10,1,LR,0.6808380874636409,0.931013431013431,0.5185185185185185,0.8284493284493284,10.111111111097067,10.111111111097067,800,200
S5,None,10,1,DT,0.2277777777777778,0.6892551892551892,0.42105263157894735,0.6892551892551892,10.111111111097067,10.111111111097067,800,200
S5,None,10,1,XGB,0.7261423536445248,0.9352869352869353,0.6857142857142857,0.8195970695970696,10.111111111097067,10.111111111097067,800,200
S5,None,10,2,KNN,0.43312409812409813,0.7609890109890111,0.36363636363636365,0.6111111111111112,10.111111111097067,10.111111111097067,800,200
S5,None,10,2,RF,0.6562107523050207,0.9041514041514043,0.2857142857142857,0.5833333333333334,10.111111111097067,10.111111111097067,800,200
S5,None,10,2,LR,0.5997042343523814,0.8913308913308913,0.4583333333333333,0.7533577533577533,10.111111111097067,10.111111111097067,800,200
S5,None,10,2,DT,0.18074074074074076,0.6196581196581196,0.3333333333333333,0.6196581196581197,10.111111111097067,10.111111111097067,800,200
S5,None,10,2,XGB,0.6400373753038147,0.902014652014652,0.5,0.6666666666666666,10.111111111097067,10.111111111097067,800,200
S5,None,10,3,KNN,0.4658479532163743,0.8296703296703297,0.42857142857142855,0.6556776556776557,10.111111111097067,10.111111111097067,800,200
S5,None,10,3,RF,0.6251557950453533,0.9342185592185591,0.2608695652173913,0.5778388278388279,10.111111111097067,10.111111111097067,800,200
S5,None,10,3,LR,0.4981966915231525,0.9007936507936507,0.5172413793103449,0.8479853479853481,10.111111111097067,10.111111111097067,800,200
S5,None,10,3,DT,0.15180555555555555,0.6086691086691086,0.29411764705882354,0.6086691086691087,10.111111111097067,10.111111111097067,800,200
S5,None,10,3,XGB,0.5602388739593275,0.9090354090354089,0.5161290322580645,0.7084859584859584,10.111111111097067,10.111111111097067,800,200
S5,None,20,42,KNN,0.276031746031746,0.6442699243746364,0.2,0.5555555555555556,20.052631578894598,20.052631578894598,800,200
S5,None,20,42,RF,0.21650571948718603,0.8312972658522397,0.0,0.5,20.052631578894598,20.052631578894598,800,200
S5,None,20,42,LR,0.2617219885179162,0.7725421756835369,0.3076923076923077,0.6881908086096568,20.052631578894598,20.052631578894598,800,200
S5,None,20,42,DT,0.055873015873015866,0.539848749272833,0.125,0.539848749272833,20.052631578894598,20.052631578894598,800,200
S5,None,20,42,XGB,0.3862320921621281,0.7475276323443862,0.2,0.5555555555555556,20.052631578894598,20.052631578894598,800,200
S5,None,20,0,KNN,0.08185185185185186,0.6227457824316462,0.0,0.5,20.052631578894598,20.052631578894598,800,200
S5,None,20,0,RF,0.20063200524743874,0.8699825479930192,0.0,0.4973821989528796,20.052631578894598,20.052631578894598,800,200
S5,None,20,0,LR,0.32853622227954293,0.8952879581151832,0.35294117647058826,0.7835951134380453,20.052631578894598,20.052631578894598,800,200
S5,None,20,0,DT,0.06462962962962962,0.5770796974985457,0.16666666666666666,0.5770796974985457,20.052631578894598,20.052631578894598,800,200
S5,None,20,0,XGB,0.3862998430159971,0.8772542175683536,0.42857142857142855,0.6614310645724258,20.052631578894598,20.052631578894598,800,200
S5,None,20,1,KNN,0.5776780626780627,0.8094822571262361,0.6153846153846154,0.7222222222222222,20.052631578894598,20.052631578894598,800,200
S5,None,20,1,RF,0.5232017034456059,0.9048865619546248,0.2,0.5555555555555556,20.052631578894598,20.052631578894598,800,200
S5,None,20,1,LR,0.32543513131748425,0.8184991273996509,0.2857142857142857,0.7228039557882491,20.052631578894598,20.052631578894598,800,200
S5,None,20,1,DT,0.05111111111111111,0.5319953461314718,0.10526315789473684,0.5319953461314718,20.052631578894598,20.052631578894598,800,200
S5,None,20,1,XGB,0.37876077155738164,0.8778359511343804,0.18181818181818182,0.5529377545084352,20.052631578894598,20.052631578894598,800,200
S5,None,20,2,KNN,0.13740740740740742,0.6335078534031413,0.0,0.5,20.052631578894598,20.052631578894598,800,200
S5,None,20,2,RF,0.4366880003181583,0.837696335078534,0.2,0.5555555555555556,20.052631578894598,20.052631578894598,800,200
S5,None,20,2,LR,0.5209461834098918,0.8493310063990692,0.32432432432432434,0.7757417102966842,20.052631578894598,20.052631578894598,800,200
S5,None,20,2,DT,0.05234567901234567,0.5346131471785922,0.1111111111111111,0.5346131471785922,20.052631578894598,20.052631578894598,800,200
S5,None,20,2,XGB,0.4863289790581999,0.8504944735311227,0.3333333333333333,0.6084933100639907,20.052631578894598,20.052631578894598,800,200
S5,None,20,3,KNN,0.5674603174603174,0.9653868528214079,0.5,0.6666666666666666,20.052631578894598,20.052631578894598,800,200
S5,None,20,3,RF,0.6220495553828889,0.9813845258871436,0.3333333333333333,0.6084933100639907,20.052631578894598,20.052631578894598,800,200
S5,None,20,3,LR,0.5299014278466333,0.8702734147760325,0.36363636363636365,0.7862129144851657,20.052631578894598,20.052631578894598,800,200
S5,None,20,3,DT,0.17285714285714285,0.6561954624781849,0.375,0.6561954624781849,20.052631578894598,20.052631578894598,800,200
S5,None,20,3,XGB,0.5718043094854689,0.968586387434555,0.47058823529411764,0.7117510180337405,20.052631578894598,20.052631578894598,800,200
S5,None,50,42,KNN,0.3433333333333333,0.7423469387755102,0.4,0.625,48.999999999693756,48.999999999693756,800,200
S5,None,50,42,RF,0.3383852063429528,0.8973214285714286,0.0,0.5,48.999999999693756,48.999999999693756,800,200
S5,None,50,42,LR,0.07481060606060606,0.7933673469387754,0.0,0.4872448979591837,48.999999999693756,48.999999999693756,800,200
S5,None,50,42,DT,0.04625,0.6071428571428571,0.16666666666666666,0.6071428571428572,48.999999999693756,48.999999999693756,800,200
S5,None,50,42,XGB,0.5759943181818181,0.8316326530612245,0.4,0.625,48.999999999693756,48.999999999693756,800,200
S5,None,50,0,KNN,0.042777777777777776,0.6033163265306123,0.0,0.5,48.999999999693756,48.999999999693756,800,200
S5,None,50,0,RF,0.12527027027027027,0.7563775510204082,0.0,0.5,48.999999999693756,48.999999999693756,800,200
S5,None,50,0,LR,0.12601242843178329,0.8150510204081632,0.25,0.6173469387755102,48.999999999693756,48.999999999693756,800,200
S5,None,50,0,DT,0.02,0.4846938775510204,0.0,0.4846938775510204,48.999999999693756,48.999999999693756,800,200
S5,None,50,0,XGB,0.1705545562101603,0.7168367346938775,0.0,0.49744897959183676,48.999999999693756,48.999999999693756,800,200
S5,None,50,1,KNN,0.4481818181818182,0.8622448979591836,0.4,0.625,48.999999999693756,48.999999999693756,800,200
S5,None,50,1,RF,0.4797619047619047,0.975765306122449,0.0,0.5,48.999999999693756,48.999999999693756,800,200
S5,None,50,1,LR,0.5654761904761905,0.9846938775510203,0.5333333333333333,0.9821428571428572,48.999999999693756,48.999999999693756,800,200
S5,None,50,1,DT,0.056666666666666664,0.6122448979591838,0.2,0.6122448979591837,48.999999999693756,48.999999999693756,800,200
S5,None,50,1,XGB,0.7019230769230769,0.9846938775510204,0.4,0.625,48.999999999693756,48.999999999693756,800,200
S5,None,50,2,KNN,0.5800000000000001,0.8660714285714286,0.4,0.625,48.999999999693756,48.999999999693756,800,200
S5,None,50,2,RF,0.26733193277310924,0.9496173469387754,0.0,0.5,48.999999999693756,48.999999999693756,800,200
S5,None,50,2,LR,0.39457070707070707,0.9247448979591837,0.35294117647058826,0.8494897959183674,48.999999999693756,48.999999999693756,800,200
S5,None,50,2,DT,0.02,0.49744897959183676,0.0,0.49744897959183676,48.999999999693756,48.999999999693756,800,200
S5,None,50,2,XGB,0.35112387612387613,0.9221938775510203,0.0,0.5,48.999999999693756,48.999999999693756,800,200
S5,None,50,3,KNN,0.265,0.6096938775510204,0.4,0.625,48.999999999693756,48.999999999693756,800,200
S5,None,50,3,RF,0.38893604980192414,0.9177295918367347,0.0,0.5,48.999999999693756,48.999999999693756,800,200
S5,None,50,3,LR,0.2892343863033518,0.7283163265306123,0.18181818181818182,0.6096938775510203,48.999999999693756,48.999999999693756,800,200
S5,None,50,3,DT,0.09833333333333333,0.6198979591836735,0.2857142857142857,0.6198979591836735,48.999999999693756,48.999999999693756,800,200
S5,None,50,3,XGB,0.21077777777777779,0.8035714285714286,0.0,0.49744897959183676,48.999999999693756,48.999999999693756,800,200
S5,TomekLinks,5,42,KNN,0.6163015227232542,0.8500272182906913,0.52,0.6849936490655053,5.015037593981192,4.91729323307901,800,200
S5,TomekLinks,5,42,RF,0.8292856343230799,0.9379422972237343,0.7241379310344828,0.8062057702776266,5.015037593981192,4.91729323307901,800,200
S5,TomekLinks,5,42,LR,0.8495364997951316,0.9261477045908185,0.6823529411764706,0.8705316639448376,5.015037593981192,4.91729323307901,800,200
S5,TomekLinks,5,42,DT,0.2829004329004329,0.6520595173289785,0.4262295081967213,0.6520595173289784,5.015037593981192,4.91729323307901,800,200
S5,TomekLinks,5,42,XGB,0.8259557570626331,0.9205225911812738,0.6666666666666666,0.7729087279985484,5.015037593981192,4.91729323307901,800,200
S5,TomekLinks,5,0,KNN,0.6880755953243991,0.8893122845218654,0.6538461538461539,0.7515877336236618,5.015037593981192,4.879699248116633,800,200
S5,TomekLinks,5,0,RF,0.7989536226119749,0.9551805479949192,0.7419354838709677,0.8305207766285612,5.015037593981192,4.879699248116633,800,200
S5,TomekLinks,5,0,LR,0.8269780798230928,0.9508256214843042,0.6666666666666666,0.8737071311921611,5.015037593981192,4.879699248116633,800,200
S5,TomekLinks,5,0,DT,0.48325143325143327,0.8065686808201779,0.6571428571428571,0.8065686808201779,5.015037593981192,4.879699248116633,800,200
S5,TomekLinks,5,0,XGB,0.7405791328979402,0.947922337143894,0.7575757575757576,0.8548357829794955,5.015037593981192,4.879699248116633,800,200
S5,TomekLinks,5,1,KNN,0.5937386855568674,0.7940482671021594,0.5531914893617021,0.693975684993649,5.015037593981192,4.887218045109107,800,200
S5,TomekLinks,5,1,RF,0.6586553880583261,0.8776084195245873,0.5555555555555556,0.7093086554164398,5.015037593981192,4.887218045109107,800,200
S5,TomekLinks,5,1,LR,0.6128787800618526,0.8749773180910905,0.5952380952380952,0.8009435674106333,5.015037593981192,4.887218045109107,800,200
S5,TomekLinks,5,1,DT,0.27427518427518427,0.6614044637996734,0.42857142857142855,0.6614044637996733,5.015037593981192,4.887218045109107,800,200
S5,TomekLinks,5,1,XGB,0.5978442990177067,0.8504808564688805,0.509090909090909,0.6881691163128288,5.015037593981192,4.887218045109107,800,200
S5,TomekLinks,5,2,KNN,0.6191518423097372,0.8172745418254399,0.4888888888888889,0.6636726546906188,5.015037593981192,4.924812030071486,800,200
S5,TomekLinks,5,2,RF,0.7484535262708556,0.885592451460715,0.5714285714285714,0.7061331881691163,5.015037593981192,4.924812030071486,800,200
S5,TomekLinks,5,2,LR,0.7325640911356773,0.889493739793141,0.575,0.7766285610596988,5.015037593981192,4.924812030071486,800,200
S5,TomekLinks,5,2,DT,0.29297979797979795,0.6642170205044458,0.4444444444444444,0.6642170205044456,5.015037593981192,4.924812030071486,800,200
S5,TomekLinks,5,2,XGB,0.7366301257023334,0.8604608963890401,0.6153846153846154,0.7334422064960987,5.015037593981192,4.924812030071486,800,200
S5,TomekLinks,5,3,KNN,0.502064486982771,0.7938668118308837,0.4727272727272727,0.6700235891852658,5.015037593981192,4.902255639094059,800,200
S5,TomekLinks,5,3,RF,0.6128321222358295,0.8486663037561241,0.6181818181818182,0.742605697695518,5.015037593981192,4.902255639094059,800,200
S5,TomekLinks,5,3,LR,0.6297913982082767,0.8470332063146435,0.5057471264367817,0.7375249500998005,5.015037593981192,4.902255639094059,800,200
S5,TomekLinks,5,3,DT,0.30455322455322453,0.6917074941027036,0.4722222222222222,0.6917074941027037,5.015037593981192,4.902255639094059,800,200
S5,TomekLinks,5,3,XGB,0.5833255096995831,0.8551986935220468,0.5806451612903226,0.7397931409907458,5.015037593981192,4.902255639094059,800,200
S5,TomekLinks,10,42,KNN,0.39827122153209116,0.7467948717948717,0.2727272727272727,0.5805860805860806,10.111111111097067,10.01388888887498,800,200
S5,TomekLinks,10,42,RF,0.7218822070993484,0.9273504273504274,0.5384615384615384,0.6916971916971917,10.111111111097067,10.01388888887498,800,200
S5,TomekLinks,10,42,LR,0.6648461639596549,0.876984126984127,0.4406779661016949,0.7841880341880342,10.111111111097067,10.01388888887498,800,200
S5,TomekLinks,10,42,DT,0.2364814814814815,0.6724664224664224,0.42424242424242425,0.6724664224664225,10.111111111097067,10.01388888887498,800,200
S5,TomekLinks,10,42,XGB,0.7525161775001223,0.8888888888888888,0.5925925925925926,0.7194749694749695,10.111111111097067,10.01388888887498,800,200
S5,TomekLinks,10,0,KNN,0.2638691883372734,0.7814407814407816,0.09090909090909091,0.5195360195360195,10.111111111097067,9.930555555541764,800,200
S5,TomekLinks,10,0,RF,0.5954927067438218,0.9467338217338218,0.2727272727272727,0.5805860805860806,10.111111111097067,9.930555555541764,800,200
S5,TomekLinks,10,0,LR,0.5118641962127335,0.9368131868131867,0.5666666666666667,0.9035409035409036,10.111111111097067,9.930555555541764,800,200
S5,TomekLinks,10,0,DT,0.11071428571428571,0.5531135531135531,0.1875,0.5531135531135531,10.111111111097067,9.930555555541764,800,200
S5,TomekLinks,10,0,XGB,0.47545408748188867,0.9264346764346765,0.37037037037037035,0.6278998778998779,10.111111111097067,9.930555555541764,800,200
S5,TomekLinks,10,1,KNN,0.5970723104056437,0.8467643467643468,0.56,0.6944444444444444,10.111111111097067,10.01388888887498,800,200
S5,TomekLinks,10,1,RF,0.7998798153773148,0.9461233211233212,0.5925925925925926,0.7194749694749695,10.111111111097067,10.01388888887498,800,200
S5,TomekLinks,10,1,LR,0.6788216718920344,0.9322344322344323,0.5,0.8229548229548229,10.111111111097067,10.01388888887498,800,200
S5,TomekLinks,10,1,DT,0.1711111111111111,0.6336996336996337,0.3333333333333333,0.6336996336996337,10.111111111097067,10.01388888887498,800,200
S5,TomekLinks,10,1,XGB,0.6850819901851019,0.9258241758241759,0.7058823529411765,0.8223443223443223,10.111111111097067,10.01388888887498,800,200
S5,TomekLinks,10,2,KNN,0.4732836495031617,0.807997557997558,0.43478260869565216,0.6388888888888888,10.111111111097067,10.01388888887498,800,200
S5,TomekLinks,10,2,RF,0.6426452170311819,0.9218559218559218,0.36363636363636365,0.6111111111111112,10.111111111097067,10.01388888887498,800,200
S5,TomekLinks,10,2,LR,0.6109749066505222,0.8937728937728938,0.5106382978723404,0.7866300366300366,10.111111111097067,10.01388888887498,800,200
S5,TomekLinks,10,2,DT,0.1575925925925926,0.6114163614163614,0.30303030303030304,0.6114163614163615,10.111111111097067,10.01388888887498,800,200
S5,TomekLinks,10,2,XGB,0.5856911228810456,0.8907203907203907,0.4444444444444444,0.6584249084249084,10.111111111097067,10.01388888887498,800,200
S5,TomekLinks,10,3,KNN,0.48611111111111116,0.8345543345543346,0.42857142857142855,0.6556776556776557,10.111111111097067,9.986111111097241,800,200
S5,TomekLinks,10,3,RF,0.6815270348245526,0.908119658119658,0.34782608695652173,0.6083638583638584,10.111111111097067,9.986111111097241,800,200
S5,TomekLinks,10,3,LR,0.49097505913580647,0.9007936507936508,0.5,0.8424908424908425,10.111111111097067,9.986111111097241,800,200
S5,TomekLinks,10,3,DT,0.1575925925925926,0.6114163614163614,0.30303030303030304,0.6114163614163615,10.111111111097067,9.986111111097241,800,200
S5,TomekLinks,10,3,XGB,0.6224775324661657,0.9145299145299145,0.5333333333333333,0.7112332112332111,10.111111111097067,9.986111111097241,800,200
S5,TomekLinks,20,42,KNN,0.276031746031746,0.6442699243746364,0.2,0.5555555555555556,20.052631578894598,19.842105263105676,800,200
S5,TomekLinks,20,42,RF,0.210490717990718,0.8057009889470622,0.0,0.5,20.052631578894598,19.842105263105676,800,200
S5,TomekLinks,20,42,LR,0.27711035522745725,0.7812681791739383,0.37037037037037035,0.7437463641652123,20.052631578894598,19.842105263105676,800,200
S5,TomekLinks,20,42,DT,0.05234567901234567,0.5346131471785922,0.1111111111111111,0.5346131471785922,20.052631578894598,19.842105263105676,800,200
S5,TomekLinks,20,42,XGB,0.3187430494179386,0.7771960442117511,0.18181818181818182,0.5529377545084352,20.052631578894598,19.842105263105676,800,200
S5,TomekLinks,20,0,KNN,0.11015873015873015,0.627108784176847,0.0,0.4973821989528796,20.052631578894598,19.842105263105676,800,200
S5,TomekLinks,20,0,RF,0.25381390120094294,0.8566026759744036,0.0,0.4973821989528796,20.052631578894598,19.842105263105676,800,200
S5,TomekLinks,20,0,LR,0.32302061747754945,0.8923792902850494,0.36363636363636365,0.7862129144851657,20.052631578894598,19.842105263105676,800,200
S5,TomekLinks,20,0,DT,0.06277777777777777,0.5744618964514253,0.16,0.5744618964514252,20.052631578894598,19.842105263105676,800,200
S5,TomekLinks,20,0,XGB,0.3084296338550736,0.8650378126817917,0.16666666666666666,0.5503199534613147,20.052631578894598,19.842105263105676,800,200
S5,TomekLinks,20,1,KNN,0.5635008818342151,0.8077370564281559,0.6153846153846154,0.7222222222222222,20.052631578894598,19.868421052579293,800,200
S5,TomekLinks,20,1,RF,0.45884788747691974,0.91652123327516,0.0,0.5,20.052631578894598,19.868421052579293,800,200
S5,TomekLinks,20,1,LR,0.3261854350908805,0.8225712623618384,0.2857142857142857,0.7228039557882491,20.052631578894598,19.868421052579293,800,200
S5,TomekLinks,20,1,DT,0.15198412698412697,0.696044211751018,0.34782608695652173,0.6960442117510179,20.052631578894598,19.868421052579293,800,200
S5,TomekLinks,20,1,XGB,0.4329180857569096,0.8417684700407213,0.46153846153846156,0.6640488656195462,20.052631578894598,19.868421052579293,800,200
S5,TomekLinks,20,2,KNN,0.13555555555555557,0.629435718440954,0.0,0.5,20.052631578894598,19.815789473632062,800,200
S5,TomekLinks,20,2,RF,0.36086950422853914,0.8574752763234439,0.18181818181818182,0.5529377545084352,20.052631578894598,19.815789473632062,800,200
S5,TomekLinks,20,2,LR,0.5066774076173283,0.8487492728330424,0.32432432432432434,0.7757417102966842,20.052631578894598,19.815789473632062,800,200
S5,TomekLinks,20,2,DT,0.045,0.47643979057591623,0.0,0.47643979057591623,20.052631578894598,19.815789473632062,800,200
S5,TomekLinks,20,2,XGB,0.5620967963423112,0.8598022105875509,0.46153846153846156,0.6640488656195462,20.052631578894598,19.815789473632062,800,200
S5,TomekLinks,20,3,KNN,0.599647266313933,0.9709133216986621,0.5,0.6666666666666666,20.052631578894598,19.94736842100014,800,200
S5,TomekLinks,20,3,RF,0.6670465337132003,0.9842931937172774,0.18181818181818182,0.5529377545084352,20.052631578894598,19.94736842100014,800,200
S5,TomekLinks,20,3,LR,0.5277035820713981,0.8685282140779523,0.36363636363636365,0.7862129144851657,20.052631578894598,19.94736842100014,800,200
S5,TomekLinks,20,3,DT,0.155,0.6535776614310645,0.35294117647058826,0.6535776614310645,20.052631578894598,19.94736842100014,800,200
S5,TomekLinks,20,3,XGB,0.6561568061568062,0.9767306573589296,0.7058823529411765,0.8280977312390925,20.052631578894598,19.94736842100014,800,200
S5,TomekLinks,50,42,KNN,0.3314285714285714,0.7404336734693878,0.4,0.625,48.999999999693756,48.56249999969649,800,200
S5,TomekLinks,50,42,RF,0.35219780219780217,0.8718112244897959,0.0,0.5,48.999999999693756,48.56249999969649,800,200
S5,TomekLinks,50,42,LR,0.07156649245063879,0.7946428571428571,0.0,0.4897959183673469,48.999999999693756,48.56249999969649,800,200
S5,TomekLinks,50,42,DT,0.05071428571428571,0.6096938775510204,0.18181818181818182,0.6096938775510203,48.999999999693756,48.56249999969649,800,200
S5,TomekLinks,50,42,XGB,0.5907407407407407,0.8252551020408163,0.0,0.5,48.999999999693756,48.56249999969649,800,200
S5,TomekLinks,50,0,KNN,0.042777777777777776,0.6033163265306123,0.0,0.5,48.999999999693756,48.6249999996961,800,200
S5,TomekLinks,50,0,RF,0.08738095238095238,0.6409438775510203,0.0,0.5,48.999999999693756,48.6249999996961,800,200
S5,TomekLinks,50,0,LR,0.16738432961837216,0.8239795918367347,0.25,0.6173469387755102,48.999999999693756,48.6249999996961,800,200
S5,TomekLinks,50,0,DT,0.02,0.4872448979591837,0.0,0.4872448979591837,48.999999999693756,48.6249999996961,800,200
S5,TomekLinks,50,0,XGB,0.17704057990202565,0.7295918367346939,0.0,0.5,48.999999999693756,48.6249999996961,800,200
S5,TomekLinks,50,1,KNN,0.4481818181818182,0.8622448979591836,0.4,0.625,48.999999999693756,48.87499999969454,800,200
S5,TomekLinks,50,1,RF,0.6547619047619048,0.9808673469387754,0.0,0.5,48.999999999693756,48.87499999969454,800,200
S5,TomekLinks,50,1,LR,0.5654761904761905,0.9846938775510203,0.5333333333333333,0.9821428571428572,48.999999999693756,48.87499999969454,800,200
S5,TomekLinks,50,1,DT,0.056666666666666664,0.6122448979591838,0.2,0.6122448979591837,48.999999999693756,48.87499999969454,800,200
S5,TomekLinks,50,1,XGB,0.775,0.9923469387755102,0.4,0.625,48.999999999693756,48.87499999969454,800,200
S5,TomekLinks,50,2,KNN,0.5675,0.8635204081632654,0.4,0.625,48.999999999693756,48.81249999969493,800,200
S5,TomekLinks,50,2,RF,0.2551282051282051,0.9508928571428571,0.0,0.5,48.999999999693756,48.81249999969493,800,200
S5,TomekLinks,50,2,LR,0.4227917472598324,0.9298469387755102,0.3157894736842105,0.8443877551020409,48.999999999693756,48.81249999969493,800,200
S5,TomekLinks,50,2,DT,0.02,0.49744897959183676,0.0,0.49744897959183676,48.999999999693756,48.81249999969493,800,200
S5,TomekLinks,50,2,XGB,0.3936097427476738,0.9451530612244898,0.0,0.5,48.999999999693756,48.81249999969493,800,200
S5,TomekLinks,50,3,KNN,0.265,0.6096938775510204,0.4,0.625,48.999999999693756,48.87499999969454,800,200
S5,TomekLinks,50,3,RF,0.36853146853146856,0.9132653061224489,0.0,0.5,48.999999999693756,48.87499999969454,800,200
S5,TomekLinks,50,3,LR,0.2894602709118838,0.7181122448979592,0.16666666666666666,0.6071428571428572,48.999999999693756,48.87499999969454,800,200
S5,TomekLinks,50,3,DT,0.0775,0.6173469387755103,0.25,0.6173469387755102,48.999999999693756,48.87499999969454,800,200
S5,TomekLinks,50,3,XGB,0.18932411674347158,0.8571428571428571,0.0,0.49489795918367346,48.999999999693756,48.87499999969454,800,200
S5,SMOTE,5,42,KNN,0.43230381873325546,0.8336962438758847,0.3875,0.6822718199963709,5.015037593981192,0.99999999999985,800,200
S5,SMOTE,5,42,RF,0.7983782755601434,0.9301397205588823,0.7246376811594203,0.8458537470513519,5.015037593981192,0.99999999999985,800,200
S5,SMOTE,5,42,LR,0.8376434265979329,0.9214298675376519,0.7160493827160493,0.8825077118490292,5.015037593981192,0.99999999999985,800,200
S5,SMOTE,5,42,DT,0.3244045102184637,0.7160225004536381,0.5,0.7160225004536382,5.015037593981192,0.99999999999985,800,200
S5,SMOTE,5,42,XGB,0.7764607247075124,0.9083650880058065,0.746268656716418,0.8518417710034476,5.015037593981192,0.99999999999985,800,200
S5,SMOTE,5,0,KNN,0.4812600408499341,0.8775176918889495,0.46616541353383456,0.7631101433496643,5.015037593981192,0.99999999999985,800,200
S5,SMOTE,5,0,RF,0.7584468326136382,0.9491925240428234,0.6842105263157895,0.8430411903465795,5.015037593981192,0.99999999999985,800,200
S5,SMOTE,5,0,LR,0.8313098446718805,0.9551805479949192,0.7058823529411765,0.8886771910724006,5.015037593981192,0.99999999999985,800,200
S5,SMOTE,5,0,DT,0.2935994087213599,0.6857194701506079,0.4594594594594595,0.6857194701506079,5.015037593981192,0.99999999999985,800,200
S5,SMOTE,5,0,XGB,0.7825384797077588,0.957720921792778,0.7837837837837838,0.9034657956813645,5.015037593981192,0.99999999999985,800,200
S5,SMOTE,5,1,KNN,0.47245508260136043,0.8449464706949736,0.49122807017543857,0.7655597895118853,5.015037593981192,0.99999999999985,800,200
S5,SMOTE,5,1,RF,0.6671810579558497,0.8928506623117402,0.6031746031746031,0.754944656142261,5.015037593981192,0.99999999999985,800,200
S5,SMOTE,5,1,LR,0.6133432117257722,0.8639085465432771,0.5675675675675675,0.7583015786608601,5.015037593981192,0.99999999999985,800,200
S5,SMOTE,5,1,DT,0.3477272727272727,0.7188350571584105,0.5217391304347826,0.7188350571584105,5.015037593981192,0.99999999999985,800,200
S5,SMOTE,5,1,XGB,0.6225373280799686,0.8894937397931411,0.5245901639344263,0.7064960987116675,5.015037593981192,0.99999999999985,800,200
S5,SMOTE,5,2,KNN,0.42284791571066443,0.8301578660860098,0.4793388429752066,0.762747232807113,5.015037593981192,0.99999999999985,800,200
S5,SMOTE,5,2,RF,0.7438322064569014,0.8980221375430957,0.6774193548387096,0.7942297223734349,5.015037593981192,0.99999999999985,800,200
S5,SMOTE,5,2,LR,0.7065897651311849,0.8787878787878788,0.6376811594202898,0.7914171656686626,5.015037593981192,0.99999999999985,800,200
S5,SMOTE,5,2,DT,0.3504972804972805,0.7279985483578297,0.5277777777777778,0.7279985483578298,5.015037593981192,0.99999999999985,800,200
S5,SMOTE,5,2,XGB,0.7571822538268702,0.874251497005988,0.65625,0.7882416984213392,5.015037593981192,0.99999999999985,800,200
S5,SMOTE,5,3,KNN,0.31738693361665143,0.7462348031210306,0.37333333333333335,0.6577753583741608,5.015037593981192,0.99999999999985,800,200
S5,SMOTE,5,3,RF,0.6258711190334711,0.8519324986390854,0.6,0.7702776265650517,5.015037593981192,0.99999999999985,800,200
S5,SMOTE,5,3,LR,0.619210048928512,0.8452186536018872,0.5393258426966292,0.7678279804028307,5.015037593981192,0.99999999999985,800,200
S5,SMOTE,5,3,DT,0.34048209366391186,0.7311740156051533,0.5194805194805194,0.7311740156051534,5.015037593981192,0.99999999999985,800,200
S5,SMOTE,5,3,XGB,0.6055692793491805,0.8446742877880603,0.5866666666666667,0.7734530938123753,5.015037593981192,0.99999999999985,800,200
S5,SMOTE,10,42,KNN,0.17041418458085125,0.740079365079365,0.2518518518518518,0.6974969474969475,10.111111111097067,0.9999999999998626,800,200
S5,SMOTE,10,42,RF,0.6345575152519827,0.9163614163614163,0.6666666666666666,0.8391330891330891,10.111111111097067,0.9999999999998626,800,200
S5,SMOTE,10,42,LR,0.6945891963980639,0.8812576312576312,0.43333333333333335,0.7814407814407814,10.111111111097067,0.9999999999998626,800,200
S5,SMOTE,10,42,DT,0.15222222222222223,0.6367521367521367,0.30434782608695654,0.6367521367521367,10.111111111097067,0.9999999999998626,800,200
S5,SMOTE,10,42,XGB,0.6849920225778808,0.8803418803418803,0.7222222222222222,0.8473748473748474,10.111111111097067,0.9999999999998626,800,200
S5,SMOTE,10,0,KNN,0.31481481481481477,0.8901098901098901,0.32432432432432434,0.793956043956044,10.111111111097067,0.9999999999998626,800,200
S5,SMOTE,10,0,RF,0.5610784180048007,0.9522283272283272,0.6,0.8058608058608059,10.111111111097067,0.9999999999998626,800,200
S5,SMOTE,10,0,LR,0.45929003196590057,0.9297924297924298,0.5185185185185185,0.8284493284493284,10.111111111097067,0.9999999999998626,800,200
S5,SMOTE,10,0,DT,0.1509090909090909,0.6227106227106226,0.3,0.6227106227106227,10.111111111097067,0.9999999999998626,800,200
S5,SMOTE,10,0,XGB,0.5198850008206733,0.9377289377289377,0.5,0.7448107448107448,10.111111111097067,0.9999999999998626,800,200
S5,SMOTE,10,1,KNN,0.23426923939919836,0.8235653235653235,0.3076923076923077,0.7521367521367521,10.111111111097067,0.9999999999998626,800,200
S5,SMOTE,10,1,RF,0.7300282006040969,0.9534493284493285,0.7027027027027027,0.8446275946275946,10.111111111097067,0.9999999999998626,800,200
S5,SMOTE,10,1,LR,0.5954901613113082,0.9133089133089132,0.5283018867924528,0.8311965811965811,10.111111111097067,0.9999999999998626,800,200
S5,SMOTE,10,1,DT,0.2536752136752137,0.7338217338217339,0.45454545454545453,0.7338217338217339,10.111111111097067,0.9999999999998626,800,200
S5,SMOTE,10,1,XGB,0.7525822961359476,0.9514652014652015,0.6857142857142857,0.8195970695970696,10.111111111097067,0.9999999999998626,800,200
S5,SMOTE,10,2,KNN,0.2437322646029114,0.8211233211233211,0.3300970873786408,0.7854090354090354,10.111111111097067,0.9999999999998626,800,200
S5,SMOTE,10,2,RF,0.6355637383524054,0.8914835164835164,0.5714285714285714,0.7167277167277167,10.111111111097067,0.9999999999998626,800,200
S5,SMOTE,10,2,LR,0.5819300457678647,0.8836996336996337,0.425531914893617,0.7255799755799757,10.111111111097067,0.9999999999998626,800,200
S5,SMOTE,10,2,DT,0.1776470588235294,0.6364468864468864,0.34285714285714286,0.6364468864468864,10.111111111097067,0.9999999999998626,800,200
S5,SMOTE,10,2,XGB,0.6631878537082533,0.8928571428571428,0.5806451612903226,0.739010989010989,10.111111111097067,0.9999999999998626,800,200
S5,SMOTE,10,3,KNN,0.3046122433387328,0.8424908424908425,0.3076923076923077,0.7521367521367521,10.111111111097067,0.9999999999998626,800,200
S5,SMOTE,10,3,RF,0.6185576153100167,0.9047619047619048,0.5555555555555556,0.7557997557997558,10.111111111097067,0.9999999999998626,800,200
S5,SMOTE,10,3,LR,0.5148687177976488,0.9050671550671552,0.5263157894736842,0.8507326007326008,10.111111111097067,0.9999999999998626,800,200
S5,SMOTE,10,3,DT,0.18675213675213675,0.6727716727716728,0.36363636363636365,0.6727716727716728,10.111111111097067,0.9999999999998626,800,200
S5,SMOTE,10,3,XGB,0.554200257661356,0.9307081807081807,0.5641025641025641,0.7780830280830281,10.111111111097067,0.9999999999998626,800,200
S5,SMOTE,20,42,KNN,0.17726895119418482,0.7452006980802792,0.15789473684210525,0.6736474694589878,20.052631578894598,0.9999999999998687,800,200
S5,SMOTE,20,42,RF,0.20127099480971966,0.8618382780686445,0.15384615384615385,0.5477021524141943,20.052631578894598,0.9999999999998687,800,200
S5,SMOTE,20,42,LR,0.268687436055365,0.7568353694008144,0.3333333333333333,0.6934264107038977,20.052631578894598,0.9999999999998687,800,200
S5,SMOTE,20,42,DT,0.045291005291005285,0.5031995346131473,0.06666666666666667,0.5031995346131471,20.052631578894598,0.9999999999998687,800,200
S5,SMOTE,20,42,XGB,0.2831481477908265,0.7911576497963931,0.15384615384615385,0.5477021524141943,20.052631578894598,0.9999999999998687,800,200
S5,SMOTE,20,0,KNN,0.10589219520365879,0.8016288539848749,0.1951219512195122,0.7742873763816172,20.052631578894598,0.9999999999998687,800,200
S5,SMOTE,20,0,RF,0.19157748397323976,0.8883071553228621,0.0,0.48429319371727747,20.052631578894598,0.9999999999998687,800,200
S5,SMOTE,20,0,LR,0.35370671942961096,0.8807446189645142,0.26666666666666666,0.6777196044211751,20.052631578894598,0.9999999999998687,800,200
S5,SMOTE,20,0,DT,0.04555555555555555,0.5058173356602677,0.06896551724137931,0.5058173356602675,20.052631578894598,0.9999999999998687,800,200
S5,SMOTE,20,0,XGB,0.3971560394183513,0.9139034322280395,0.3157894736842105,0.6483420593368238,20.052631578894598,0.9999999999998687,800,200
S5,SMOTE,20,1,KNN,0.14735312235312237,0.8490401396160558,0.1797752808988764,0.7559627690517743,20.052631578894598,0.9999999999998687,800,200
S5,SMOTE,20,1,RF,0.4961360361818028,0.8615474112856312,0.5714285714285714,0.7196044211751018,20.052631578894598,0.9999999999998687,800,200
S5,SMOTE,20,1,LR,0.35167751055562174,0.8190808609656777,0.29411764705882354,0.7254217568353694,20.052631578894598,0.9999999999998687,800,200
S5,SMOTE,20,1,DT,0.10142857142857142,0.6378708551483421,0.2608695652173913,0.6378708551483421,20.052631578894598,0.9999999999998687,800,200
S5,SMOTE,20,1,XGB,0.35178763640218347,0.8283885980221058,0.2857142857142857,0.6032577079697499,20.052631578894598,0.9999999999998687,800,200
S5,SMOTE,20,2,KNN,0.10066951566951567,0.6992437463641652,0.15730337078651685,0.6977894124490983,20.052631578894598,0.9999999999998687,800,200
S5,SMOTE,20,2,RF,0.2855978743828963,0.8097731239092495,0.375,0.6561954624781849,20.052631578894598,0.9999999999998687,800,200
S5,SMOTE,20,2,LR,0.520415042473866,0.8214077952297847,0.34285714285714286,0.7809773123909249,20.052631578894598,0.9999999999998687,800,200
S5,SMOTE,20,2,DT,0.07203703703703704,0.584933100639907,0.19047619047619047,0.5849331006399069,20.052631578894598,0.9999999999998687,800,200
S5,SMOTE,20,2,XGB,0.3766312949887829,0.8266433973240256,0.35294117647058826,0.6535776614310645,20.052631578894598,0.9999999999998687,800,200
S5,SMOTE,20,3,KNN,0.2571428571428571,0.9319371727748691,0.21176470588235294,0.824607329842932,20.052631578894598,0.9999999999998687,800,200
S5,SMOTE,20,3,RF,0.6225616488774384,0.9767306573589296,0.47058823529411764,0.7117510180337405,20.052631578894598,0.9999999999998687,800,200
S5,SMOTE,20,3,LR,0.5282511695092102,0.8917975567190226,0.4,0.794066317626527,20.052631578894598,0.9999999999998687,800,200
S5,SMOTE,20,3,DT,0.13,0.6483420593368238,0.3157894736842105,0.6483420593368238,20.052631578894598,0.9999999999998687,800,200
S5,SMOTE,20,3,XGB,0.6093257132730817,0.9668411867364747,0.47619047619047616,0.7594531704479348,20.052631578894598,0.9999999999998687,800,200
S5,SMOTE,50,42,KNN,0.08660047935462499,0.8667091836734694,0.12,0.7653061224489797,48.999999999693756,0.9999999999998724,800,200
S5,SMOTE,50,42,RF,0.3340690690690691,0.8590561224489796,0.4,0.625,48.999999999693756,0.9999999999998724,800,200
S5,SMOTE,50,42,LR,0.08472222222222221,0.8163265306122449,0.0,0.4846938775510204,48.999999999693756,0.9999999999998724,800,200
S5,SMOTE,50,42,DT,0.05071428571428571,0.6096938775510204,0.18181818181818182,0.6096938775510203,48.999999999693756,0.9999999999998724,800,200
S5,SMOTE,50,42,XGB,0.34865547365547367,0.8303571428571429,0.2857142857142857,0.6198979591836735,48.999999999693756,0.9999999999998724,800,200
S5,SMOTE,50,0,KNN,0.06045112781954887,0.7665816326530611,0.13043478260869565,0.7755102040816326,48.999999999693756,0.9999999999998724,800,200
S5,SMOTE,50,0,RF,0.07244293142957871,0.7710459183673469,0.0,0.5,48.999999999693756,0.9999999999998724,800,200
S5,SMOTE,50,0,LR,0.12363147605083089,0.8137755102040816,0.25,0.6173469387755102,48.999999999693756,0.9999999999998724,800,200
S5,SMOTE,50,0,DT,0.02,0.4923469387755102,0.0,0.4923469387755102,48.999999999693756,0.9999999999998724,800,200
S5,SMOTE,50,0,XGB,0.14433497536945813,0.8214285714285715,0.0,0.49744897959183676,48.999999999693756,0.9999999999998724,800,200
S5,SMOTE,50,1,KNN,0.08088235294117647,0.8679846938775511,0.1111111111111111,0.8367346938775511,48.999999999693756,0.9999999999998724,800,200
S5,SMOTE,50,1,RF,0.6704545454545454,0.9732142857142857,0.4,0.625,48.999999999693756,0.9999999999998724,800,200
S5,SMOTE,50,1,LR,0.5515873015873016,0.9834183673469388,0.5333333333333333,0.9821428571428572,48.999999999693756,0.9999999999998724,800,200
S5,SMOTE,50,1,DT,0.04625,0.6071428571428571,0.16666666666666666,0.6071428571428572,48.999999999693756,0.9999999999998724,800,200
S5,SMOTE,50,1,XGB,0.6458333333333333,0.9936224489795918,0.7272727272727273,0.9923469387755102,48.999999999693756,0.9999999999998724,800,200
S5,SMOTE,50,2,KNN,0.09675058548009367,0.8909438775510204,0.12307692307692308,0.8545918367346939,48.999999999693756,0.9999999999998724,800,200
S5,SMOTE,50,2,RF,0.16948051948051948,0.9413265306122449,0.0,0.5,48.999999999693756,0.9999999999998724,800,200
S5,SMOTE,50,2,LR,0.3887108262108262,0.9158163265306124,0.26666666666666666,0.7270408163265306,48.999999999693756,0.9999999999998724,800,200
S5,SMOTE,50,2,DT,0.02,0.5,0.0,0.5,48.999999999693756,0.9999999999998724,800,200
S5,SMOTE,50,2,XGB,0.34039918414918413,0.9158163265306123,0.0,0.5,48.999999999693756,0.9999999999998724,800,200
S5,SMOTE,50,3,KNN,0.05095588235294117,0.732780612244898,0.11538461538461539,0.7602040816326531,48.999999999693756,0.9999999999998724,800,200
S5,SMOTE,50,3,RF,0.3845238095238095,0.8635204081632653,0.4,0.625,48.999999999693756,0.9999999999998724,800,200
S5,SMOTE,50,3,LR,0.2855490414757656,0.7142857142857143,0.2,0.6122448979591837,48.999999999693756,0.9999999999998724,800,200
S5,SMOTE,50,3,DT,0.15285714285714286,0.7372448979591837,0.36363636363636365,0.7372448979591837,48.999999999693756,0.9999999999998724,800,200
S5,SMOTE,50,3,XGB,0.3217948717948718,0.8265306122448979,0.25,0.6173469387755102,48.999999999693756,0.9999999999998724,800,200
S5,BorderlineSMOTE,5,42,KNN,0.40275276052449965,0.8256214843041191,0.39490445859872614,0.6912538559245146,5.015037593981192,0.99999999999985,800,200
S5,BorderlineSMOTE,5,42,RF,0.7983020459184782,0.9380330248593722,0.7428571428571429,0.861005262202867,5.015037593981192,0.99999999999985,800,200
S5,BorderlineSMOTE,5,42,LR,0.8361072827734173,0.9219742333514788,0.6829268292682927,0.8613681727454183,5.015037593981192,0.99999999999985,800,200
S5,BorderlineSMOTE,5,42,DT,0.33337320574162677,0.7128470332063146,0.5070422535211268,0.7128470332063146,5.015037593981192,0.99999999999985,800,200
S5,BorderlineSMOTE,5,42,XGB,0.8196741730805484,0.9223371438940301,0.7352941176470589,0.8488477590273997,5.015037593981192,0.99999999999985,800,200
S5,BorderlineSMOTE,5,0,KNN,0.4294527000080164,0.8567410633278897,0.47761194029850745,0.7782616585011795,5.015037593981192,0.99999999999985,800,200
S5,BorderlineSMOTE,5,0,RF,0.698768181308875,0.9349482852476865,0.6666666666666666,0.8278896751950644,5.015037593981192,0.99999999999985,800,200
S5,BorderlineSMOTE,5,0,LR,0.8330815554862767,0.9577209217927781,0.7469879518072289,0.9128107421520595,5.015037593981192,0.99999999999985,800,200
S5,BorderlineSMOTE,5,0,DT,0.35431972789115646,0.7524950099800398,0.5365853658536586,0.7524950099800398,5.015037593981192,0.99999999999985,800,200
S5,BorderlineSMOTE,5,0,XGB,0.7796727983603035,0.9593540192342587,0.7631578947368421,0.8974777717292688,5.015037593981192,0.99999999999985,800,200
S5,BorderlineSMOTE,5,1,KNN,0.4176143851655786,0.83886771910724,0.4915254237288136,0.7717292687352568,5.015037593981192,0.99999999999985,800,200
S5,BorderlineSMOTE,5,1,RF,0.6539130143892172,0.9033750680457268,0.5806451612903226,0.7397931409907458,5.015037593981192,0.99999999999985,800,200
S5,BorderlineSMOTE,5,1,LR,0.5966263238787998,0.8711667573943023,0.5789473684210527,0.7704590818363273,5.015037593981192,0.99999999999985,800,200
S5,BorderlineSMOTE,5,1,DT,0.2646969696969697,0.6492469606242062,0.4117647058823529,0.6492469606242062,5.015037593981192,0.99999999999985,800,200
S5,BorderlineSMOTE,5,1,XGB,0.5950874936551975,0.8724369442932317,0.5901639344262295,0.7427871529667937,5.015037593981192,0.99999999999985,800,200
S5,BorderlineSMOTE,5,2,KNN,0.3956395689968083,0.8233532934131736,0.4745762711864407,0.7535837416076937,5.015037593981192,0.99999999999985,800,200
S5,BorderlineSMOTE,5,2,RF,0.7268814010588704,0.879695155144257,0.6875,0.8063872255489022,5.015037593981192,0.99999999999985,800,200
S5,BorderlineSMOTE,5,2,LR,0.7408783575271187,0.8858646343676284,0.6285714285714286,0.7884231536926147,5.015037593981192,0.99999999999985,800,200
S5,BorderlineSMOTE,5,2,DT,0.43106837606837606,0.7824351297405189,0.6111111111111112,0.782435129740519,5.015037593981192,0.99999999999985,800,200
S5,BorderlineSMOTE,5,2,XGB,0.7340582839852265,0.8711667573943024,0.6666666666666666,0.7820722191979677,5.015037593981192,0.99999999999985,800,200
S5,BorderlineSMOTE,5,3,KNN,0.3237701746986911,0.7556704772273635,0.38028169014084506,0.663581927054981,5.015037593981192,0.99999999999985,800,200
S5,BorderlineSMOTE,5,3,RF,0.5929045067802651,0.8485755761204863,0.5915492957746479,0.7672836145890038,5.015037593981192,0.99999999999985,800,200
S5,BorderlineSMOTE,5,3,LR,0.617795528452994,0.8484848484848485,0.5348837209302325,0.7586644892034113,5.015037593981192,0.99999999999985,800,200
S5,BorderlineSMOTE,5,3,DT,0.3304617604617605,0.7190165124296861,0.5066666666666667,0.7190165124296861,5.015037593981192,0.99999999999985,800,200
S5,BorderlineSMOTE,5,3,XGB,0.5794475663369703,0.8423153692614771,0.5753424657534246,0.761295590636908,5.015037593981192,0.99999999999985,800,200
S5,BorderlineSMOTE,10,42,KNN,0.21114963546616963,0.7722832722832722,0.2689075630252101,0.7109279609279608,10.111111111097067,0.9999999999998626,800,200
S5,BorderlineSMOTE,10,42,RF,0.6367802543448797,0.9215506715506715,0.6285714285714286,0.7890720390720392,10.111111111097067,0.9999999999998626,800,200
S5,BorderlineSMOTE,10,42,LR,0.5654833552437526,0.8632478632478633,0.4528301886792453,0.7701465201465201,10.111111111097067,0.9999999999998626,800,200
S5,BorderlineSMOTE,10,42,DT,0.1685185185185185,0.6617826617826618,0.3333333333333333,0.6617826617826618,10.111111111097067,0.9999999999998626,800,200
S5,BorderlineSMOTE,10,42,XGB,0.6406654642592028,0.8907203907203907,0.5263157894736842,0.7503052503052503,10.111111111097067,0.9999999999998626,800,200
S5,BorderlineSMOTE,10,0,KNN,0.3194444444444444,0.8928571428571428,0.33962264150943394,0.8076923076923077,10.111111111097067,0.9999999999998626,800,200
S5,BorderlineSMOTE,10,0,RF,0.5487097761738975,0.9482600732600733,0.5263157894736842,0.7503052503052503,10.111111111097067,0.9999999999998626,800,200
S5,BorderlineSMOTE,10,0,LR,0.5090644712951691,0.9322344322344323,0.56,0.8394383394383395,10.111111111097067,0.9999999999998626,800,200
S5,BorderlineSMOTE,10,0,DT,0.12055555555555555,0.5839438339438339,0.23255813953488372,0.5839438339438339,10.111111111097067,0.9999999999998626,800,200
S5,BorderlineSMOTE,10,0,XGB,0.5051950188928367,0.9316239316239316,0.47368421052631576,0.7197802197802198,10.111111111097067,0.9999999999998626,800,200
S5,BorderlineSMOTE,10,1,KNN,0.25286972286972287,0.8383699633699634,0.3125,0.7435897435897436,10.111111111097067,0.9999999999998626,800,200
S5,BorderlineSMOTE,10,1,RF,0.8032882200296118,0.9638278388278388,0.7567567567567568,0.8751526251526252,10.111111111097067,0.9999999999998626,800,200
S5,BorderlineSMOTE,10,1,LR,0.6702176424080449,0.9462759462759462,0.5957446808510638,0.8476800976800977,10.111111111097067,0.9999999999998626,800,200
S5,BorderlineSMOTE,10,1,DT,0.27,0.7197802197802197,0.47368421052631576,0.7197802197802198,10.111111111097067,0.9999999999998626,800,200
S5,BorderlineSMOTE,10,1,XGB,0.7293649008561289,0.9456654456654456,0.7368421052631579,0.8724053724053724,10.111111111097067,0.9999999999998626,800,200
S5,BorderlineSMOTE,10,2,KNN,0.24496873496873495,0.8041819291819291,0.32967032967032966,0.7573260073260073,10.111111111097067,0.9999999999998626,800,200
S5,BorderlineSMOTE,10,2,RF,0.6099201576044606,0.9035409035409036,0.5517241379310345,0.7139804639804639,10.111111111097067,0.9999999999998626,800,200
S5,BorderlineSMOTE,10,2,LR,0.5565057067122146,0.8721001221001221,0.46153846153846156,0.717032967032967,10.111111111097067,0.9999999999998626,800,200
S5,BorderlineSMOTE,10,2,DT,0.15523809523809523,0.6254578754578753,0.3076923076923077,0.6254578754578755,10.111111111097067,0.9999999999998626,800,200
S5,BorderlineSMOTE,10,2,XGB,0.6518537907811192,0.8907203907203907,0.5294117647058824,0.7307692307692308,10.111111111097067,0.9999999999998626,800,200
S5,BorderlineSMOTE,10,3,KNN,0.32560419478182634,0.8574481074481074,0.3333333333333333,0.774114774114774,10.111111111097067,0.9999999999998626,800,200
S5,BorderlineSMOTE,10,3,RF,0.5856752845245276,0.907051282051282,0.5454545454545454,0.7335164835164836,10.111111111097067,0.9999999999998626,800,200
S5,BorderlineSMOTE,10,3,LR,0.5508695437884595,0.9062881562881563,0.5490196078431373,0.8366910866910867,10.111111111097067,0.9999999999998626,800,200
S5,BorderlineSMOTE,10,3,DT,0.3150925925925926,0.7698412698412699,0.5238095238095238,0.7698412698412699,10.111111111097067,0.9999999999998626,800,200
S5,BorderlineSMOTE,10,3,XGB,0.6355785231561628,0.9175824175824175,0.55,0.7753357753357754,10.111111111097067,0.9999999999998626,800,200
S5,BorderlineSMOTE,20,42,KNN,0.29055555555555557,0.8184991273996509,0.2553191489361702,0.74956369982548,20.052631578894598,0.9999999999998687,800,200
S5,BorderlineSMOTE,20,42,RF,0.23516577639384656,0.847585805700989,0.14285714285714285,0.5450843513670739,20.052631578894598,0.9999999999998687,800,200
S5,BorderlineSMOTE,20,42,LR,0.3016205173583914,0.7283304246655032,0.2857142857142857,0.6431064572425829,20.052631578894598,0.9999999999998687,800,200
S5,BorderlineSMOTE,20,42,DT,0.045,0.4790575916230366,0.0,0.4790575916230366,20.052631578894598,0.9999999999998687,800,200
S5,BorderlineSMOTE,20,42,XGB,0.32879115495214567,0.7370564281559046,0.25,0.5980221058755091,20.052631578894598,0.9999999999998687,800,200
S5,BorderlineSMOTE,20,0,KNN,0.12220057720057718,0.8004653868528214,0.24615384615384617,0.8187899941826643,20.052631578894598,0.9999999999998687,800,200
S5,BorderlineSMOTE,20,0,RF,0.1952420020985422,0.8830715532286212,0.0,0.4816753926701571,20.052631578894598,0.9999999999998687,800,200
S5,BorderlineSMOTE,20,0,LR,0.3999864665071173,0.8801628853984875,0.32,0.6908086096567772,20.052631578894598,0.9999999999998687,800,200
S5,BorderlineSMOTE,20,0,DT,0.09666666666666666,0.6352530541012217,0.25,0.6352530541012217,20.052631578894598,0.9999999999998687,800,200
S5,BorderlineSMOTE,20,0,XGB,0.3663178970359821,0.9232111692844677,0.13333333333333333,0.5424665503199535,20.052631578894598,0.9999999999998687,800,200
S5,BorderlineSMOTE,20,1,KNN,0.1425884665852347,0.8487492728330425,0.20588235294117646,0.7527632344386271,20.052631578894598,0.9999999999998687,800,200
S5,BorderlineSMOTE,20,1,RF,0.3927332502944491,0.8746364165212333,0.3076923076923077,0.6058755090168703,20.052631578894598,0.9999999999998687,800,200
S5,BorderlineSMOTE,20,1,LR,0.4097164089655999,0.818499127399651,0.37037037037037035,0.7437463641652123,20.052631578894598,0.9999999999998687,800,200
S5,BorderlineSMOTE,20,1,DT,0.10907407407407407,0.6006399069226295,0.26666666666666666,0.6006399069226294,20.052631578894598,0.9999999999998687,800,200
S5,BorderlineSMOTE,20,1,XGB,0.26728814714192983,0.825479930191972,0.26666666666666666,0.6006399069226294,20.052631578894598,0.9999999999998687,800,200
S5,BorderlineSMOTE,20,2,KNN,0.1154159239453357,0.6783013379872017,0.15584415584415584,0.6710296684118673,20.052631578894598,0.9999999999998687,800,200
S5,BorderlineSMOTE,20,2,RF,0.3478390457842513,0.8560209424083769,0.2857142857142857,0.6032577079697499,20.052631578894598,0.9999999999998687,800,200
S5,BorderlineSMOTE,20,2,LR,0.5637907631748617,0.8173356602675975,0.375,0.7888307155322862,20.052631578894598,0.9999999999998687,800,200
S5,BorderlineSMOTE,20,2,DT,0.10692307692307693,0.6404886561954625,0.2727272727272727,0.6404886561954625,20.052631578894598,0.9999999999998687,800,200
S5,BorderlineSMOTE,20,2,XGB,0.443348732527837,0.8528214077952297,0.2857142857142857,0.6032577079697499,20.052631578894598,0.9999999999998687,800,200
S5,BorderlineSMOTE,20,3,KNN,0.3,0.9450261780104712,0.25,0.8586387434554974,20.052631578894598,0.9999999999998687,800,200
S5,BorderlineSMOTE,20,3,RF,0.6599699138914825,0.9799301919720768,0.47058823529411764,0.7117510180337405,20.052631578894598,0.9999999999998687,800,200
S5,BorderlineSMOTE,20,3,LR,0.6235219101885768,0.9208842350203607,0.4827586206896552,0.8548574752763234,20.052631578894598,0.9999999999998687,800,200
S5,BorderlineSMOTE,20,3,DT,0.23722222222222222,0.8019197207678883,0.4444444444444444,0.8019197207678883,20.052631578894598,0.9999999999998687,800,200
S5,BorderlineSMOTE,20,3,XGB,0.6070350744263787,0.9755671902268761,0.6956521739130435,0.9287376381617218,20.052631578894598,0.9999999999998687,800,200
S5,BorderlineSMOTE,50,42,KNN,0.15285714285714286,0.7104591836734694,0.16,0.7015306122448979,48.999999999693756,0.9999999999998724,800,200
S5,BorderlineSMOTE,50,42,RF,0.3275202322308234,0.9011479591836735,0.0,0.5,48.999999999693756,0.9999999999998724,800,200
S5,BorderlineSMOTE,50,42,LR,0.10574757508053155,0.8660714285714285,0.0,0.5,48.999999999693756,0.9999999999998724,800,200
S5,BorderlineSMOTE,50,42,DT,0.02,0.4897959183673469,0.0,0.4897959183673469,48.999999999693756,0.9999999999998724,800,200
S5,BorderlineSMOTE,50,42,XGB,0.5739130434782609,0.8252551020408163,0.4,0.625,48.999999999693756,0.9999999999998724,800,200
S5,BorderlineSMOTE,50,0,KNN,0.06607954545454546,0.7818877551020408,0.13333333333333333,0.6887755102040816,48.999999999693756,0.9999999999998724,800,200
S5,BorderlineSMOTE,50,0,RF,0.08599998270374984,0.7755102040816327,0.0,0.49744897959183676,48.999999999693756,0.9999999999998724,800,200
S5,BorderlineSMOTE,50,0,LR,0.10893375241779497,0.8099489795918368,0.0,0.4923469387755102,48.999999999693756,0.9999999999998724,800,200
S5,BorderlineSMOTE,50,0,DT,0.02,0.4897959183673469,0.0,0.4897959183673469,48.999999999693756,0.9999999999998724,800,200
S5,BorderlineSMOTE,50,0,XGB,0.09151087177402967,0.8137755102040817,0.0,0.49744897959183676,48.999999999693756,0.9999999999998724,800,200
S5,BorderlineSMOTE,50,1,KNN,0.16461100569259962,0.9470663265306123,0.17777777777777778,0.9056122448979591,48.999999999693756,0.9999999999998724,800,200
S5,BorderlineSMOTE,50,1,RF,0.6458333333333333,0.9936224489795918,0.0,0.49744897959183676,48.999999999693756,0.9999999999998724,800,200
S5,BorderlineSMOTE,50,1,LR,0.5654761904761905,0.9846938775510203,0.5714285714285714,0.9846938775510203,48.999999999693756,0.9999999999998724,800,200
S5,BorderlineSMOTE,50,1,DT,0.02,0.4872448979591837,0.0,0.4872448979591837,48.999999999693756,0.9999999999998724,800,200
S5,BorderlineSMOTE,50,1,XGB,0.3471590909090909,0.9770408163265306,0.0,0.4923469387755102,48.999999999693756,0.9999999999998724,800,200
S5,BorderlineSMOTE,50,2,KNN,0.12079124579124578,0.909438775510204,0.13793103448275862,0.8724489795918368,48.999999999693756,0.9999999999998724,800,200
S5,BorderlineSMOTE,50,2,RF,0.0918231544491343,0.8826530612244898,0.0,0.5,48.999999999693756,0.9999999999998724,800,200
S5,BorderlineSMOTE,50,2,LR,0.4333603896103896,0.9221938775510203,0.46153846153846156,0.8596938775510203,48.999999999693756,0.9999999999998724,800,200
S5,BorderlineSMOTE,50,2,DT,0.04625,0.6071428571428571,0.16666666666666666,0.6071428571428572,48.999999999693756,0.9999999999998724,800,200
S5,BorderlineSMOTE,50,2,XGB,0.14099335182315034,0.8801020408163265,0.0,0.49744897959183676,48.999999999693756,0.9999999999998724,800,200
S5,BorderlineSMOTE,50,3,KNN,0.039824561403508776,0.6403061224489796,0.09523809523809523,0.6581632653061225,48.999999999693756,0.9999999999998724,800,200
S5,BorderlineSMOTE,50,3,RF,0.3308080808080808,0.8654336734693877,0.4,0.625,48.999999999693756,0.9999999999998724,800,200
S5,BorderlineSMOTE,50,3,LR,0.2847640277146751,0.7104591836734694,0.2222222222222222,0.6147959183673469,48.999999999693756,0.9999999999998724,800,200
S5,BorderlineSMOTE,50,3,DT,0.05071428571428571,0.6096938775510204,0.18181818181818182,0.6096938775510203,48.999999999693756,0.9999999999998724,800,200
S5,BorderlineSMOTE,50,3,XGB,0.30173054070112887,0.7563775510204082,0.2222222222222222,0.6147959183673469,48.999999999693756,0.9999999999998724,800,200
S5,RandomOS,5,42,KNN,0.4992732415160339,0.8197241879876611,0.4727272727272727,0.7412447831609508,5.015037593981192,0.99999999999985,800,200
S5,RandomOS,5,42,RF,0.8178542921818963,0.9365813826891672,0.7096774193548387,0.8123752495009979,5.015037593981192,0.99999999999985,800,200
S5,RandomOS,5,42,LR,0.8378847377021129,0.9285066231174016,0.7073170731707317,0.8795136998729813,5.015037593981192,0.99999999999985,800,200
S5,RandomOS,5,42,DT,0.2765935214211076,0.6490655053529305,0.41935483870967744,0.6490655053529305,5.015037593981192,0.99999999999985,800,200
S5,RandomOS,5,42,XGB,0.8082733731660187,0.9252404282344402,0.6779661016949152,0.7850662311740156,5.015037593981192,0.99999999999985,800,200
S5,RandomOS,5,0,KNN,0.5977274918955734,0.8820540736708401,0.6024096385542169,0.8039375793866812,5.015037593981192,0.99999999999985,800,200
S5,RandomOS,5,0,RF,0.813387717366706,0.9562692796225731,0.7714285714285715,0.87915078933043,5.015037593981192,0.99999999999985,800,200
S5,RandomOS,5,0,LR,0.8213027082024895,0.9504627109417528,0.6966292134831461,0.8948466702957721,5.015037593981192,0.99999999999985,800,200
S5,RandomOS,5,0,DT,0.3758003108003108,0.7461440754853929,0.5555555555555556,0.7461440754853929,5.015037593981192,0.99999999999985,800,200
S5,RandomOS,5,0,XGB,0.7920451449723379,0.9542732716385411,0.7536231884057971,0.8639992741789149,5.015037593981192,0.99999999999985,800,200
S5,RandomOS,5,1,KNN,0.4457510917901658,0.7777172926873527,0.5142857142857142,0.7158410451823625,5.015037593981192,0.99999999999985,800,200
S5,RandomOS,5,1,RF,0.6454374853247589,0.8846851751043369,0.5517241379310345,0.7154781346398114,5.015037593981192,0.99999999999985,800,200
S5,RandomOS,5,1,LR,0.603221897879725,0.862456904373072,0.5384615384615384,0.7463255307566685,5.015037593981192,0.99999999999985,800,200
S5,RandomOS,5,1,DT,0.22458333333333336,0.6037924151696606,0.3384615384615385,0.6037924151696606,5.015037593981192,0.99999999999985,800,200
S5,RandomOS,5,1,XGB,0.6334898697220864,0.8579205225911812,0.5614035087719298,0.7184721466158592,5.015037593981192,0.99999999999985,800,200
S5,RandomOS,5,2,KNN,0.4664466554024001,0.8035746688441299,0.5945945945945946,0.7764471057884231,5.015037593981192,0.99999999999985,800,200
S5,RandomOS,5,2,RF,0.7423341464026509,0.8966612230085285,0.5882352941176471,0.7182906913445836,5.015037593981192,0.99999999999985,800,200
S5,RandomOS,5,2,LR,0.7434501434646591,0.8878606423516603,0.5945945945945946,0.7764471057884231,5.015037593981192,0.99999999999985,800,200
S5,RandomOS,5,2,DT,0.32742424242424245,0.694520050807476,0.49230769230769234,0.694520050807476,5.015037593981192,0.99999999999985,800,200
S5,RandomOS,5,2,XGB,0.7615462527508295,0.872799854835783,0.6415094339622641,0.7485937216476138,5.015037593981192,0.99999999999985,800,200
S5,RandomOS,5,3,KNN,0.34814993674544237,0.747051351841771,0.43010752688172044,0.6832698239883869,5.015037593981192,0.99999999999985,800,200
S5,RandomOS,5,3,RF,0.6567238714046848,0.8548357829794956,0.59375,0.751950644166213,5.015037593981192,0.99999999999985,800,200
S5,RandomOS,5,3,LR,0.6326969019447475,0.839412084921067,0.5238095238095238,0.7465069860279441,5.015037593981192,0.99999999999985,800,200
S5,RandomOS,5,3,DT,0.35367424242424245,0.7126655779350389,0.5230769230769231,0.712665577935039,5.015037593981192,0.99999999999985,800,200
S5,RandomOS,5,3,XGB,0.6131495317488749,0.8366902558519325,0.5625,0.7338051170386499,5.015037593981192,0.99999999999985,800,200
S5,RandomOS,10,42,KNN,0.21286268689494495,0.6923076923076923,0.22857142857142856,0.6013431013431013,10.111111111097067,0.9999999999998626,800,200
S5,RandomOS,10,42,RF,0.6650722996023748,0.9107142857142857,0.5625,0.7362637362637363,10.111111111097067,0.9999999999998626,800,200
S5,RandomOS,10,42,LR,0.6832517682010738,0.8757631257631258,0.49056603773584906,0.8006715506715507,10.111111111097067,0.9999999999998626,800,200
S5,RandomOS,10,42,DT,0.1776470588235294,0.6364468864468864,0.34285714285714286,0.6364468864468864,10.111111111097067,0.9999999999998626,800,200
S5,RandomOS,10,42,XGB,0.7400633177011242,0.8885836385836385,0.6896551724137931,0.775030525030525,10.111111111097067,0.9999999999998626,800,200
S5,RandomOS,10,0,KNN,0.31698830409356726,0.7725885225885225,0.43137254901960786,0.7451159951159951,10.111111111097067,0.9999999999998626,800,200
S5,RandomOS,10,0,RF,0.6103125293756951,0.952991452991453,0.5185185185185185,0.688949938949939,10.111111111097067,0.9999999999998626,800,200
S5,RandomOS,10,0,LR,0.5223409324427348,0.9401709401709402,0.5333333333333333,0.873015873015873,10.111111111097067,0.9999999999998626,800,200
S5,RandomOS,10,0,DT,0.1421604938271605,0.6031746031746031,0.2777777777777778,0.6031746031746033,10.111111111097067,0.9999999999998626,800,200
S5,RandomOS,10,0,XGB,0.527188620149013,0.938949938949939,0.5294117647058824,0.7307692307692308,10.111111111097067,0.9999999999998626,800,200
S5,RandomOS,10,1,KNN,0.2959700176366843,0.8134920634920635,0.4444444444444444,0.7673992673992673,10.111111111097067,0.9999999999998626,800,200
S5,RandomOS,10,1,RF,0.7492675134697107,0.940018315018315,0.7096774193548387,0.8000610500610501,10.111111111097067,0.9999999999998626,800,200
S5,RandomOS,10,1,LR,0.6840394814136277,0.9307081807081807,0.5,0.8229548229548229,10.111111111097067,0.9999999999998626,800,200
S5,RandomOS,10,1,DT,0.2371345029239766,0.692002442002442,0.43243243243243246,0.692002442002442,10.111111111097067,0.9999999999998626,800,200
S5,RandomOS,10,1,XGB,0.7895306107627316,0.9584859584859584,0.6470588235294118,0.7918192918192919,10.111111111097067,0.9999999999998626,800,200
S5,RandomOS,10,2,KNN,0.3042099981755154,0.7530525030525032,0.4186046511627907,0.706043956043956,10.111111111097067,0.9999999999998626,800,200
S5,RandomOS,10,2,RF,0.6297026261685696,0.885989010989011,0.5925925925925926,0.7194749694749695,10.111111111097067,0.9999999999998626,800,200
S5,RandomOS,10,2,LR,0.6069209915439842,0.9014041514041514,0.45454545454545453,0.7338217338217339,10.111111111097067,0.9999999999998626,800,200
S5,RandomOS,10,2,DT,0.1575925925925926,0.6114163614163614,0.30303030303030304,0.6114163614163615,10.111111111097067,0.9999999999998626,800,200
S5,RandomOS,10,2,XGB,0.6290384435574633,0.8943833943833943,0.5,0.6862026862026862,10.111111111097067,0.9999999999998626,800,200
S5,RandomOS,10,3,KNN,0.2833084253844488,0.8081501831501832,0.48148148148148145,0.797924297924298,10.111111111097067,0.9999999999998626,800,200
S5,RandomOS,10,3,RF,0.6681902558954064,0.9227716727716727,0.5806451612903226,0.739010989010989,10.111111111097067,0.9999999999998626,800,200
S5,RandomOS,10,3,LR,0.46750588283813804,0.8894993894993896,0.4745762711864407,0.8147130647130647,10.111111111097067,0.9999999999998626,800,200
S5,RandomOS,10,3,DT,0.20623456790123457,0.6642246642246642,0.3888888888888889,0.6642246642246642,10.111111111097067,0.9999999999998626,800,200
S5,RandomOS,10,3,XGB,0.6595023766715485,0.9285714285714286,0.48484848484848486,0.7029914529914529,10.111111111097067,0.9999999999998626,800,200
S5,RandomOS,20,42,KNN,0.15037037037037038,0.641652123327516,0.35294117647058826,0.6535776614310645,20.052631578894598,0.9999999999998687,800,200
S5,RandomOS,20,42,RF,0.22235679779158038,0.8010471204188482,0.18181818181818182,0.5529377545084352,20.052631578894598,0.9999999999998687,800,200
S5,RandomOS,20,42,LR,0.25905080160719257,0.7684700407213496,0.3076923076923077,0.6881908086096568,20.052631578894598,0.9999999999998687,800,200
S5,RandomOS,20,42,DT,0.05388888888888888,0.5372309482257126,0.11764705882352941,0.5372309482257126,20.052631578894598,0.9999999999998687,800,200
S5,RandomOS,20,42,XGB,0.2966275183827379,0.8033740546829551,0.2,0.5555555555555556,20.052631578894598,0.9999999999998687,800,200
S5,RandomOS,20,0,KNN,0.1209090909090909,0.6247818499127399,0.25,0.6352530541012217,20.052631578894598,0.9999999999998687,800,200
S5,RandomOS,20,0,RF,0.25075870943732087,0.9229203025014543,0.0,0.49476439790575916,20.052631578894598,0.9999999999998687,800,200
S5,RandomOS,20,0,LR,0.30485160954025065,0.8900523560209425,0.35294117647058826,0.7835951134380453,20.052631578894598,0.9999999999998687,800,200
S5,RandomOS,20,0,DT,0.07203703703703704,0.584933100639907,0.19047619047619047,0.5849331006399069,20.052631578894598,0.9999999999998687,800,200
S5,RandomOS,20,0,XGB,0.32614078822412157,0.8534031413612564,0.2857142857142857,0.6032577079697499,20.052631578894598,0.9999999999998687,800,200
S5,RandomOS,20,1,KNN,0.2564855072463768,0.7958115183246073,0.375,0.7888307155322862,20.052631578894598,0.9999999999998687,800,200
S5,RandomOS,20,1,RF,0.5122692616372392,0.8429319371727748,0.46153846153846156,0.6640488656195462,20.052631578894598,0.9999999999998687,800,200
S5,RandomOS,20,1,LR,0.3482680743529691,0.8196625945317045,0.29411764705882354,0.7254217568353694,20.052631578894598,0.9999999999998687,800,200
S5,RandomOS,20,1,DT,0.20277777777777778,0.7065154159394997,0.42105263157894735,0.7065154159394997,20.052631578894598,0.9999999999998687,800,200
S5,RandomOS,20,1,XGB,0.4441946881091618,0.8190808609656778,0.46153846153846156,0.6640488656195462,20.052631578894598,0.9999999999998687,800,200
S5,RandomOS,20,2,KNN,0.13515873015873014,0.6346713205351948,0.2608695652173913,0.6378708551483421,20.052631578894598,0.9999999999998687,800,200
S5,RandomOS,20,2,RF,0.4247908798870483,0.8344968004653869,0.3076923076923077,0.6058755090168703,20.052631578894598,0.9999999999998687,800,200
S5,RandomOS,20,2,LR,0.5425506238910021,0.8563118091913903,0.3333333333333333,0.7783595113438045,20.052631578894598,0.9999999999998687,800,200
S5,RandomOS,20,2,DT,0.07540404040404039,0.5875509016870274,0.2,0.5875509016870273,20.052631578894598,0.9999999999998687,800,200
S5,RandomOS,20,2,XGB,0.4637932146973358,0.8888888888888888,0.42857142857142855,0.6614310645724258,20.052631578894598,0.9999999999998687,800,200
S5,RandomOS,20,3,KNN,0.4686252668708809,0.9645142524723678,0.5,0.8574752763234439,20.052631578894598,0.9999999999998687,800,200
S5,RandomOS,20,3,RF,0.6722073677956031,0.9810936591041304,0.42857142857142855,0.6614310645724258,20.052631578894598,0.9999999999998687,800,200
S5,RandomOS,20,3,LR,0.5322761897447392,0.8656195462478184,0.375,0.7888307155322862,20.052631578894598,0.9999999999998687,800,200
S5,RandomOS,20,3,DT,0.22999999999999998,0.6614310645724257,0.42857142857142855,0.6614310645724258,20.052631578894598,0.9999999999998687,800,200
S5,RandomOS,20,3,XGB,0.5848531098531098,0.9767306573589296,0.5263157894736842,0.7646887725421757,20.052631578894598,0.9999999999998687,800,200
S5,RandomOS,50,42,KNN,0.21000000000000002,0.7372448979591836,0.4444444444444444,0.7423469387755102,48.999999999693756,0.9999999999998724,800,200
S5,RandomOS,50,42,RF,0.30063492063492064,0.7646683673469388,0.4,0.625,48.999999999693756,0.9999999999998724,800,200
S5,RandomOS,50,42,LR,0.07443609022556391,0.8010204081632653,0.0,0.4846938775510204,48.999999999693756,0.9999999999998724,800,200
S5,RandomOS,50,42,DT,0.0775,0.6173469387755103,0.25,0.6173469387755102,48.999999999693756,0.9999999999998724,800,200
S5,RandomOS,50,42,XGB,0.36446830265848673,0.7576530612244898,0.4,0.625,48.999999999693756,0.9999999999998724,800,200
S5,RandomOS,50,0,KNN,0.05071428571428571,0.6020408163265306,0.0,0.4846938775510204,48.999999999693756,0.9999999999998724,800,200
S5,RandomOS,50,0,RF,0.06869047619047619,0.7519132653061225,0.0,0.49744897959183676,48.999999999693756,0.9999999999998724,800,200
S5,RandomOS,50,0,LR,0.12624875124875123,0.8176020408163265,0.25,0.6173469387755102,48.999999999693756,0.9999999999998724,800,200
S5,RandomOS,50,0,DT,0.02,0.4846938775510204,0.0,0.4846938775510204,48.999999999693756,0.9999999999998724,800,200
S5,RandomOS,50,0,XGB,0.07225362532438634,0.6568877551020408,0.0,0.49744897959183676,48.999999999693756,0.9999999999998724,800,200
S5,RandomOS,50,1,KNN,0.31214285714285717,0.8616071428571428,0.46153846153846156,0.8596938775510203,48.999999999693756,0.9999999999998724,800,200
S5,RandomOS,50,1,RF,0.6626984126984127,0.9789540816326531,0.4,0.625,48.999999999693756,0.9999999999998724,800,200
S5,RandomOS,50,1,LR,0.5654761904761905,0.9846938775510203,0.5333333333333333,0.9821428571428572,48.999999999693756,0.9999999999998724,800,200
S5,RandomOS,50,1,DT,0.065,0.6147959183673469,0.2222222222222222,0.6147959183673469,48.999999999693756,0.9999999999998724,800,200
S5,RandomOS,50,1,XGB,0.5099206349206349,0.9859693877551021,0.5714285714285714,0.7474489795918368,48.999999999693756,0.9999999999998724,800,200
S5,RandomOS,50,2,KNN,0.28833333333333333,0.857780612244898,0.3333333333333333,0.7346938775510203,48.999999999693756,0.9999999999998724,800,200
S5,RandomOS,50,2,RF,0.15714285714285714,0.9349489795918366,0.0,0.5,48.999999999693756,0.9999999999998724,800,200
S5,RandomOS,50,2,LR,0.3887108262108262,0.9158163265306124,0.25,0.7244897959183674,48.999999999693756,0.9999999999998724,800,200
S5,RandomOS,50,2,DT,0.02,0.49744897959183676,0.0,0.49744897959183676,48.999999999693756,0.9999999999998724,800,200
S5,RandomOS,50,2,XGB,0.3215757317419721,0.8928571428571429,0.0,0.5,48.999999999693756,0.9999999999998724,800,200
S5,RandomOS,50,3,KNN,0.09833333333333333,0.6084183673469388,0.15384615384615385,0.6045918367346939,48.999999999693756,0.9999999999998724,800,200
S5,RandomOS,50,3,RF,0.36412698412698413,0.8061224489795918,0.4,0.625,48.999999999693756,0.9999999999998724,800,200
S5,RandomOS,50,3,LR,0.286354457906182,0.7104591836734694,0.2,0.6122448979591837,48.999999999693756,0.9999999999998724,800,200
S5,RandomOS,50,3,DT,0.0775,0.6173469387755103,0.25,0.6173469387755102,48.999999999693756,0.9999999999998724,800,200
S5,RandomOS,50,3,XGB,0.21169590643274855,0.875,0.2857142857142857,0.6198979591836735,48.999999999693756,0.9999999999998724,800,200
S5,SMOTETomek,5,42,KNN,0.43230381873325546,0.8336962438758847,0.3875,0.6822718199963709,5.015037593981192,0.99999999999985,800,200
S5,SMOTETomek,5,42,RF,0.7983782755601434,0.9301397205588823,0.7246376811594203,0.8458537470513519,5.015037593981192,0.99999999999985,800,200
S5,SMOTETomek,5,42,LR,0.8376434265979329,0.9214298675376519,0.7160493827160493,0.8825077118490292,5.015037593981192,0.99999999999985,800,200
S5,SMOTETomek,5,42,DT,0.3244045102184637,0.7160225004536381,0.5,0.7160225004536382,5.015037593981192,0.99999999999985,800,200
S5,SMOTETomek,5,42,XGB,0.7764607247075124,0.9083650880058065,0.746268656716418,0.8518417710034476,5.015037593981192,0.99999999999985,800,200
S5,SMOTETomek,5,0,KNN,0.4812600408499341,0.8775176918889495,0.46616541353383456,0.7631101433496643,5.015037593981192,0.99999999999985,800,200
S5,SMOTETomek,5,0,RF,0.7584468326136382,0.9491925240428234,0.6842105263157895,0.8430411903465795,5.015037593981192,0.99999999999985,800,200
S5,SMOTETomek,5,0,LR,0.8313098446718805,0.9551805479949192,0.7058823529411765,0.8886771910724006,5.015037593981192,0.99999999999985,800,200
S5,SMOTETomek,5,0,DT,0.2935994087213599,0.6857194701506079,0.4594594594594595,0.6857194701506079,5.015037593981192,0.99999999999985,800,200
S5,SMOTETomek,5,0,XGB,0.7825384797077588,0.957720921792778,0.7837837837837838,0.9034657956813645,5.015037593981192,0.99999999999985,800,200
S5,SMOTETomek,5,1,KNN,0.47245508260136043,0.8449464706949736,0.49122807017543857,0.7655597895118853,5.015037593981192,0.99999999999985,800,200
S5,SMOTETomek,5,1,RF,0.6671810579558497,0.8928506623117402,0.6031746031746031,0.754944656142261,5.015037593981192,0.99999999999985,800,200
S5,SMOTETomek,5,1,LR,0.6133432117257722,0.8639085465432771,0.5675675675675675,0.7583015786608601,5.015037593981192,0.99999999999985,800,200
S5,SMOTETomek,5,1,DT,0.3477272727272727,0.7188350571584105,0.5217391304347826,0.7188350571584105,5.015037593981192,0.99999999999985,800,200
S5,SMOTETomek,5,1,XGB,0.6225373280799686,0.8894937397931411,0.5245901639344263,0.7064960987116675,5.015037593981192,0.99999999999985,800,200
S5,SMOTETomek,5,2,KNN,0.42284791571066443,0.8301578660860098,0.4793388429752066,0.762747232807113,5.015037593981192,0.99999999999985,800,200
S5,SMOTETomek,5,2,RF,0.7438322064569014,0.8980221375430957,0.6774193548387096,0.7942297223734349,5.015037593981192,0.99999999999985,800,200
S5,SMOTETomek,5,2,LR,0.7065897651311849,0.8787878787878788,0.6376811594202898,0.7914171656686626,5.015037593981192,0.99999999999985,800,200
S5,SMOTETomek,5,2,DT,0.3504972804972805,0.7279985483578297,0.5277777777777778,0.7279985483578298,5.015037593981192,0.99999999999985,800,200
S5,SMOTETomek,5,2,XGB,0.7571822538268702,0.874251497005988,0.65625,0.7882416984213392,5.015037593981192,0.99999999999985,800,200
S5,SMOTETomek,5,3,KNN,0.31738693361665143,0.7462348031210306,0.37333333333333335,0.6577753583741608,5.015037593981192,0.99999999999985,800,200
S5,SMOTETomek,5,3,RF,0.6258711190334711,0.8519324986390854,0.6,0.7702776265650517,5.015037593981192,0.99999999999985,800,200
S5,SMOTETomek,5,3,LR,0.619210048928512,0.8452186536018872,0.5393258426966292,0.7678279804028307,5.015037593981192,0.99999999999985,800,200
S5,SMOTETomek,5,3,DT,0.34048209366391186,0.7311740156051533,0.5194805194805194,0.7311740156051534,5.015037593981192,0.99999999999985,800,200
S5,SMOTETomek,5,3,XGB,0.6055692793491805,0.8446742877880603,0.5866666666666667,0.7734530938123753,5.015037593981192,0.99999999999985,800,200
S5,SMOTETomek,10,42,KNN,0.17041418458085125,0.740079365079365,0.2518518518518518,0.6974969474969475,10.111111111097067,0.9999999999998626,800,200
S5,SMOTETomek,10,42,RF,0.6345575152519827,0.9163614163614163,0.6666666666666666,0.8391330891330891,10.111111111097067,0.9999999999998626,800,200
S5,SMOTETomek,10,42,LR,0.6945891963980639,0.8812576312576312,0.43333333333333335,0.7814407814407814,10.111111111097067,0.9999999999998626,800,200
S5,SMOTETomek,10,42,DT,0.15222222222222223,0.6367521367521367,0.30434782608695654,0.6367521367521367,10.111111111097067,0.9999999999998626,800,200
S5,SMOTETomek,10,42,XGB,0.6849920225778808,0.8803418803418803,0.7222222222222222,0.8473748473748474,10.111111111097067,0.9999999999998626,800,200
S5,SMOTETomek,10,0,KNN,0.31481481481481477,0.8901098901098901,0.32432432432432434,0.793956043956044,10.111111111097067,0.9999999999998626,800,200
S5,SMOTETomek,10,0,RF,0.5610784180048007,0.9522283272283272,0.6,0.8058608058608059,10.111111111097067,0.9999999999998626,800,200
S5,SMOTETomek,10,0,LR,0.45929003196590057,0.9297924297924298,0.5185185185185185,0.8284493284493284,10.111111111097067,0.9999999999998626,800,200
S5,SMOTETomek,10,0,DT,0.1509090909090909,0.6227106227106226,0.3,0.6227106227106227,10.111111111097067,0.9999999999998626,800,200
S5,SMOTETomek,10,0,XGB,0.5198850008206733,0.9377289377289377,0.5,0.7448107448107448,10.111111111097067,0.9999999999998626,800,200
S5,SMOTETomek,10,1,KNN,0.23426923939919836,0.8235653235653235,0.3076923076923077,0.7521367521367521,10.111111111097067,0.9999999999998626,800,200
S5,SMOTETomek,10,1,RF,0.7300282006040969,0.9534493284493285,0.7027027027027027,0.8446275946275946,10.111111111097067,0.9999999999998626,800,200
S5,SMOTETomek,10,1,LR,0.5954901613113082,0.9133089133089132,0.5283018867924528,0.8311965811965811,10.111111111097067,0.9999999999998626,800,200
S5,SMOTETomek,10,1,DT,0.2536752136752137,0.7338217338217339,0.45454545454545453,0.7338217338217339,10.111111111097067,0.9999999999998626,800,200
S5,SMOTETomek,10,1,XGB,0.7525822961359476,0.9514652014652015,0.6857142857142857,0.8195970695970696,10.111111111097067,0.9999999999998626,800,200
S5,SMOTETomek,10,2,KNN,0.2437322646029114,0.8211233211233211,0.3300970873786408,0.7854090354090354,10.111111111097067,0.9999999999998626,800,200
S5,SMOTETomek,10,2,RF,0.6355637383524054,0.8914835164835164,0.5714285714285714,0.7167277167277167,10.111111111097067,0.9999999999998626,800,200
S5,SMOTETomek,10,2,LR,0.5819300457678647,0.8836996336996337,0.425531914893617,0.7255799755799757,10.111111111097067,0.9999999999998626,800,200
S5,SMOTETomek,10,2,DT,0.1776470588235294,0.6364468864468864,0.34285714285714286,0.6364468864468864,10.111111111097067,0.9999999999998626,800,200
S5,SMOTETomek,10,2,XGB,0.6631878537082533,0.8928571428571428,0.5806451612903226,0.739010989010989,10.111111111097067,0.9999999999998626,800,200
S5,SMOTETomek,10,3,KNN,0.3046122433387328,0.8424908424908425,0.3076923076923077,0.7521367521367521,10.111111111097067,0.9999999999998626,800,200
S5,SMOTETomek,10,3,RF,0.6185576153100167,0.9047619047619048,0.5555555555555556,0.7557997557997558,10.111111111097067,0.9999999999998626,800,200
S5,SMOTETomek,10,3,LR,0.5148687177976488,0.9050671550671552,0.5263157894736842,0.8507326007326008,10.111111111097067,0.9999999999998626,800,200
S5,SMOTETomek,10,3,DT,0.18675213675213675,0.6727716727716728,0.36363636363636365,0.6727716727716728,10.111111111097067,0.9999999999998626,800,200
S5,SMOTETomek,10,3,XGB,0.554200257661356,0.9307081807081807,0.5641025641025641,0.7780830280830281,10.111111111097067,0.9999999999998626,800,200
S5,SMOTETomek,20,42,KNN,0.17726895119418482,0.7452006980802792,0.15789473684210525,0.6736474694589878,20.052631578894598,0.9999999999998687,800,200
S5,SMOTETomek,20,42,RF,0.20127099480971966,0.8618382780686445,0.15384615384615385,0.5477021524141943,20.052631578894598,0.9999999999998687,800,200
S5,SMOTETomek,20,42,LR,0.268687436055365,0.7568353694008144,0.3333333333333333,0.6934264107038977,20.052631578894598,0.9999999999998687,800,200
S5,SMOTETomek,20,42,DT,0.045291005291005285,0.5031995346131473,0.06666666666666667,0.5031995346131471,20.052631578894598,0.9999999999998687,800,200
S5,SMOTETomek,20,42,XGB,0.2831481477908265,0.7911576497963931,0.15384615384615385,0.5477021524141943,20.052631578894598,0.9999999999998687,800,200
S5,SMOTETomek,20,0,KNN,0.10589219520365879,0.8016288539848749,0.1951219512195122,0.7742873763816172,20.052631578894598,0.9999999999998687,800,200
S5,SMOTETomek,20,0,RF,0.19157748397323976,0.8883071553228621,0.0,0.48429319371727747,20.052631578894598,0.9999999999998687,800,200
S5,SMOTETomek,20,0,LR,0.35370671942961096,0.8807446189645142,0.26666666666666666,0.6777196044211751,20.052631578894598,0.9999999999998687,800,200
S5,SMOTETomek,20,0,DT,0.04555555555555555,0.5058173356602677,0.06896551724137931,0.5058173356602675,20.052631578894598,0.9999999999998687,800,200
S5,SMOTETomek,20,0,XGB,0.3971560394183513,0.9139034322280395,0.3157894736842105,0.6483420593368238,20.052631578894598,0.9999999999998687,800,200
S5,SMOTETomek,20,1,KNN,0.14735312235312237,0.8490401396160558,0.1797752808988764,0.7559627690517743,20.052631578894598,0.9999999999998687,800,200
S5,SMOTETomek,20,1,RF,0.4961360361818028,0.8615474112856312,0.5714285714285714,0.7196044211751018,20.052631578894598,0.9999999999998687,800,200
S5,SMOTETomek,20,1,LR,0.35167751055562174,0.8190808609656777,0.29411764705882354,0.7254217568353694,20.052631578894598,0.9999999999998687,800,200
S5,SMOTETomek,20,1,DT,0.10142857142857142,0.6378708551483421,0.2608695652173913,0.6378708551483421,20.052631578894598,0.9999999999998687,800,200
S5,SMOTETomek,20,1,XGB,0.35178763640218347,0.8283885980221058,0.2857142857142857,0.6032577079697499,20.052631578894598,0.9999999999998687,800,200
S5,SMOTETomek,20,2,KNN,0.10066951566951567,0.6992437463641652,0.15730337078651685,0.6977894124490983,20.052631578894598,0.9999999999998687,800,200
S5,SMOTETomek,20,2,RF,0.2855978743828963,0.8097731239092495,0.375,0.6561954624781849,20.052631578894598,0.9999999999998687,800,200
S5,SMOTETomek,20,2,LR,0.520415042473866,0.8214077952297847,0.34285714285714286,0.7809773123909249,20.052631578894598,0.9999999999998687,800,200
S5,SMOTETomek,20,2,DT,0.07203703703703704,0.584933100639907,0.19047619047619047,0.5849331006399069,20.052631578894598,0.9999999999998687,800,200
S5,SMOTETomek,20,2,XGB,0.3766312949887829,0.8266433973240256,0.35294117647058826,0.6535776614310645,20.052631578894598,0.9999999999998687,800,200
S5,SMOTETomek,20,3,KNN,0.2571428571428571,0.9319371727748691,0.21176470588235294,0.824607329842932,20.052631578894598,0.9999999999998687,800,200
S5,SMOTETomek,20,3,RF,0.6225616488774384,0.9767306573589296,0.47058823529411764,0.7117510180337405,20.052631578894598,0.9999999999998687,800,200
S5,SMOTETomek,20,3,LR,0.5282511695092102,0.8917975567190226,0.4,0.794066317626527,20.052631578894598,0.9999999999998687,800,200
S5,SMOTETomek,20,3,DT,0.13,0.6483420593368238,0.3157894736842105,0.6483420593368238,20.052631578894598,0.9999999999998687,800,200
S5,SMOTETomek,20,3,XGB,0.6093257132730817,0.9668411867364747,0.47619047619047616,0.7594531704479348,20.052631578894598,0.9999999999998687,800,200
S5,SMOTETomek,50,42,KNN,0.08660047935462499,0.8667091836734694,0.12,0.7653061224489797,48.999999999693756,0.9999999999998724,800,200
S5,SMOTETomek,50,42,RF,0.3340690690690691,0.8590561224489796,0.4,0.625,48.999999999693756,0.9999999999998724,800,200
S5,SMOTETomek,50,42,LR,0.08472222222222221,0.8163265306122449,0.0,0.4846938775510204,48.999999999693756,0.9999999999998724,800,200
S5,SMOTETomek,50,42,DT,0.05071428571428571,0.6096938775510204,0.18181818181818182,0.6096938775510203,48.999999999693756,0.9999999999998724,800,200
S5,SMOTETomek,50,42,XGB,0.34865547365547367,0.8303571428571429,0.2857142857142857,0.6198979591836735,48.999999999693756,0.9999999999998724,800,200
S5,SMOTETomek,50,0,KNN,0.06045112781954887,0.7665816326530611,0.13043478260869565,0.7755102040816326,48.999999999693756,0.9999999999998724,800,200
S5,SMOTETomek,50,0,RF,0.07244293142957871,0.7710459183673469,0.0,0.5,48.999999999693756,0.9999999999998724,800,200
S5,SMOTETomek,50,0,LR,0.12363147605083089,0.8137755102040816,0.25,0.6173469387755102,48.999999999693756,0.9999999999998724,800,200
S5,SMOTETomek,50,0,DT,0.02,0.4923469387755102,0.0,0.4923469387755102,48.999999999693756,0.9999999999998724,800,200
S5,SMOTETomek,50,0,XGB,0.14433497536945813,0.8214285714285715,0.0,0.49744897959183676,48.999999999693756,0.9999999999998724,800,200
S5,SMOTETomek,50,1,KNN,0.08088235294117647,0.8679846938775511,0.1111111111111111,0.8367346938775511,48.999999999693756,0.9999999999998724,800,200
S5,SMOTETomek,50,1,RF,0.6704545454545454,0.9732142857142857,0.4,0.625,48.999999999693756,0.9999999999998724,800,200
S5,SMOTETomek,50,1,LR,0.5515873015873016,0.9834183673469388,0.5333333333333333,0.9821428571428572,48.999999999693756,0.9999999999998724,800,200
S5,SMOTETomek,50,1,DT,0.04625,0.6071428571428571,0.16666666666666666,0.6071428571428572,48.999999999693756,0.9999999999998724,800,200
S5,SMOTETomek,50,1,XGB,0.6458333333333333,0.9936224489795918,0.7272727272727273,0.9923469387755102,48.999999999693756,0.9999999999998724,800,200
S5,SMOTETomek,50,2,KNN,0.09675058548009367,0.8909438775510204,0.12307692307692308,0.8545918367346939,48.999999999693756,0.9999999999998724,800,200
S5,SMOTETomek,50,2,RF,0.16948051948051948,0.9413265306122449,0.0,0.5,48.999999999693756,0.9999999999998724,800,200
S5,SMOTETomek,50,2,LR,0.3887108262108262,0.9158163265306124,0.26666666666666666,0.7270408163265306,48.999999999693756,0.9999999999998724,800,200
S5,SMOTETomek,50,2,DT,0.02,0.5,0.0,0.5,48.999999999693756,0.9999999999998724,800,200
S5,SMOTETomek,50,2,XGB,0.34039918414918413,0.9158163265306123,0.0,0.5,48.999999999693756,0.9999999999998724,800,200
S5,SMOTETomek,50,3,KNN,0.05095588235294117,0.732780612244898,0.11538461538461539,0.7602040816326531,48.999999999693756,0.9999999999998724,800,200
S5,SMOTETomek,50,3,RF,0.3845238095238095,0.8635204081632653,0.4,0.625,48.999999999693756,0.9999999999998724,800,200
S5,SMOTETomek,50,3,LR,0.2855490414757656,0.7142857142857143,0.2,0.6122448979591837,48.999999999693756,0.9999999999998724,800,200
S5,SMOTETomek,50,3,DT,0.15285714285714286,0.7372448979591837,0.36363636363636365,0.7372448979591837,48.999999999693756,0.9999999999998724,800,200
S5,SMOTETomek,50,3,XGB,0.3217948717948718,0.8265306122448979,0.25,0.6173469387755102,48.999999999693756,0.9999999999998724,800,200
S5,GMR,5,42,KNN,0.6890909090909092,0.8671747414262385,0.5,0.672836145890038,5.015037593981192,5.458333333328785,800,200
S5,GMR,5,42,RF,0.8000120128808303,0.9338595536200327,0.6666666666666666,0.7729087279985484,5.015037593981192,5.458333333328785,800,200
S5,GMR,5,42,LR,0.833776731350707,0.926873525675921,0.717948717948718,0.8733442206496098,5.015037593981192,5.458333333328785,800,200
S5,GMR,5,42,DT,0.4022727272727272,0.7367991290146979,0.5714285714285714,0.7367991290146978,5.015037593981192,5.458333333328785,800,200
S5,GMR,5,42,XGB,0.8431469722154354,0.9364906550535294,0.7586206896551724,0.8243512974051896,5.015037593981192,5.458333333328785,800,200
S5,GMR,5,0,KNN,0.7233423164450833,0.9041008891308293,0.6415094339622641,0.7485937216476138,5.015037593981192,5.474999999995437,800,200
S5,GMR,5,0,RF,0.8081202179958824,0.9555434585374705,0.7741935483870968,0.8486663037561242,5.015037593981192,5.474999999995437,800,200
S5,GMR,5,0,LR,0.8466846770672221,0.963164579931047,0.75,0.9036472509526401,5.015037593981192,5.474999999995437,800,200
S5,GMR,5,0,DT,0.42150623885918004,0.7611141353656323,0.5970149253731343,0.7611141353656323,5.015037593981192,5.474999999995437,800,200
S5,GMR,5,0,XGB,0.85402869468474,0.9628016693884958,0.75,0.8426782798040283,5.015037593981192,5.474999999995437,800,200
S5,GMR,5,1,KNN,0.5624321744508081,0.7532208310651424,0.5333333333333333,0.6818181818181819,5.015037593981192,5.516666666662069,800,200
S5,GMR,5,1,RF,0.6941777647201829,0.8908546543277082,0.5384615384615384,0.6971511522409726,5.015037593981192,5.516666666662069,800,200
S5,GMR,5,1,LR,0.5662452055833374,0.8666303756124115,0.5675675675675675,0.7583015786608601,5.015037593981192,5.516666666662069,800,200
S5,GMR,5,1,DT,0.2765935214211076,0.6490655053529305,0.41935483870967744,0.6490655053529305,5.015037593981192,5.516666666662069,800,200
S5,GMR,5,1,XGB,0.6062409173983743,0.8836871711123209,0.5,0.6790056251134096,5.015037593981192,5.516666666662069,800,200
S5,GMR,5,2,KNN,0.6126894733498507,0.8157321720195971,0.4888888888888889,0.6636726546906188,5.015037593981192,5.483333333328764,800,200
S5,GMR,5,2,RF,0.7640495733490549,0.9012883324260569,0.5714285714285714,0.7061331881691163,5.015037593981192,5.483333333328764,800,200
S5,GMR,5,2,LR,0.750405665607422,0.8934857557612049,0.6571428571428571,0.8065686808201779,5.015037593981192,5.483333333328764,800,200
S5,GMR,5,2,DT,0.4386363636363636,0.7457811649428415,0.6,0.7457811649428416,5.015037593981192,5.483333333328764,800,200
S5,GMR,5,2,XGB,0.7799524646371684,0.874251497005988,0.6415094339622641,0.7485937216476138,5.015037593981192,5.483333333328764,800,200
S5,GMR,5,3,KNN,0.531765467387477,0.7848847759027401,0.4727272727272727,0.6700235891852658,5.015037593981192,5.416666666662152,800,200
S5,GMR,5,3,RF,0.5967268752875725,0.8347849755035384,0.576271186440678,0.7306296497913265,5.015037593981192,5.416666666662152,800,200
S5,GMR,5,3,LR,0.6589725503028776,0.8715296679368536,0.5714285714285714,0.7674650698602794,5.015037593981192,5.416666666662152,800,200
S5,GMR,5,3,DT,0.3818181818181818,0.730811105062602,0.5538461538461539,0.730811105062602,5.015037593981192,5.416666666662152,800,200
S5,GMR,5,3,XGB,0.610491672679875,0.8673561966975141,0.5483870967741935,0.7216476138631827,5.015037593981192,5.416666666662152,800,200
S5,GMR,10,42,KNN,0.4010272942187836,0.7457264957264957,0.2727272727272727,0.5805860805860806,10.111111111097067,11.184615384598176,800,200
S5,GMR,10,42,RF,0.7033794652144195,0.9255189255189256,0.48,0.6639194139194139,10.111111111097067,11.184615384598176,800,200
S5,GMR,10,42,LR,0.4676484310598321,0.8580586080586081,0.52,0.8089133089133089,10.111111111097067,11.184615384598176,800,200
S5,GMR,10,42,DT,0.18462962962962962,0.655982905982906,0.358974358974359,0.655982905982906,10.111111111097067,11.184615384598176,800,200
S5,GMR,10,42,XGB,0.7101374808877828,0.8806471306471306,0.5384615384615384,0.6916971916971917,10.111111111097067,11.184615384598176,800,200
S5,GMR,10,0,KNN,0.2626688453159042,0.7493894993894994,0.09523809523809523,0.5222832722832723,10.111111111097067,11.123076923059811,800,200
S5,GMR,10,0,RF,0.6525090219330415,0.9629120879120878,0.2727272727272727,0.5805860805860806,10.111111111097067,11.123076923059811,800,200
S5,GMR,10,0,LR,0.596798967493412,0.9276556776556777,0.56,0.8394383394383395,10.111111111097067,11.123076923059811,800,200
S5,GMR,10,0,DT,0.14669934640522875,0.6059218559218559,0.2857142857142857,0.605921855921856,10.111111111097067,11.123076923059811,800,200
S5,GMR,10,0,XGB,0.5477347995734544,0.9053724053724053,0.4827586206896552,0.6834554334554335,10.111111111097067,11.123076923059811,800,200
S5,GMR,10,1,KNN,0.6043650793650794,0.8238705738705739,0.56,0.6944444444444444,10.111111111097067,11.184615384598176,800,200
S5,GMR,10,1,RF,0.7628312119978787,0.9333028083028083,0.5384615384615384,0.6916971916971917,10.111111111097067,11.184615384598176,800,200
S5,GMR,10,1,LR,0.7237384927451342,0.956043956043956,0.625,0.8754578754578755,10.111111111097067,11.184615384598176,800,200
S5,GMR,10,1,DT,0.3732323232323232,0.7139804639804639,0.5517241379310345,0.7139804639804639,10.111111111097067,11.184615384598176,800,200
S5,GMR,10,1,XGB,0.7961112325787788,0.9465811965811965,0.6875,0.7973137973137974,10.111111111097067,11.184615384598176,800,200
S5,GMR,10,2,KNN,0.43517825311942965,0.7626678876678877,0.36363636363636365,0.6111111111111112,10.111111111097067,11.153846153828994,800,200
S5,GMR,10,2,RF,0.6681405979405859,0.876984126984127,0.36363636363636365,0.6111111111111112,10.111111111097067,11.153846153828994,800,200
S5,GMR,10,2,LR,0.5289306712120804,0.8617216117216118,0.5,0.7448107448107448,10.111111111097067,11.153846153828994,800,200
S5,GMR,10,2,DT,0.34629629629629627,0.7112332112332111,0.5333333333333333,0.7112332112332111,10.111111111097067,11.153846153828994,800,200
S5,GMR,10,2,XGB,0.5989804629468587,0.8888888888888888,0.46153846153846156,0.6611721611721612,10.111111111097067,11.153846153828994,800,200
S5,GMR,10,3,KNN,0.5148583213266661,0.838064713064713,0.5185185185185185,0.688949938949939,10.111111111097067,11.107692307675219,800,200
S5,GMR,10,3,RF,0.6919650515238751,0.9044566544566544,0.5,0.6666666666666666,10.111111111097067,11.107692307675219,800,200
S5,GMR,10,3,LR,0.6435777783246884,0.9126984126984127,0.5882352941176471,0.8672161172161172,10.111111111097067,11.107692307675219,800,200
S5,GMR,10,3,DT,0.14669934640522875,0.6059218559218559,0.2857142857142857,0.605921855921856,10.111111111097067,11.107692307675219,800,200
S5,GMR,10,3,XGB,0.6498790196440845,0.9075091575091575,0.6451612903225806,0.7695360195360195,10.111111111097067,11.107692307675219,800,200
S5,GMR,20,42,KNN,0.276031746031746,0.6442699243746364,0.2,0.5555555555555556,20.052631578894598,21.771428571366368,800,200
S5,GMR,20,42,RF,0.18336385836385832,0.8077370564281559,0.0,0.5,20.052631578894598,21.771428571366368,800,200
S5,GMR,20,42,LR,0.16992597135450432,0.7283304246655031,0.24,0.6326352530541012,20.052631578894598,21.771428571366368,800,200
S5,GMR,20,42,DT,0.05851851851851851,0.5424665503199535,0.13333333333333333,0.5424665503199535,20.052631578894598,21.771428571366368,800,200
S5,GMR,20,42,XGB,0.2297779451835208,0.7050610820244329,0.2,0.5555555555555556,20.052631578894598,21.771428571366368,800,200
S5,GMR,20,0,KNN,0.08730994152046784,0.6259453170447934,0.0,0.5,20.052631578894598,21.771428571366368,800,200
S5,GMR,20,0,RF,0.25030496171738603,0.8976148923792903,0.0,0.4973821989528796,20.052631578894598,21.771428571366368,800,200
S5,GMR,20,0,LR,0.46574778822276097,0.8696916812100057,0.3225806451612903,0.7332751599767307,20.052631578894598,21.771428571366368,800,200
S5,GMR,20,0,DT,0.045,0.4712041884816754,0.0,0.4712041884816754,20.052631578894598,21.771428571366368,800,200
S5,GMR,20,0,XGB,0.21989158787033433,0.8388598022105876,0.0,0.49476439790575916,20.052631578894598,21.771428571366368,800,200
S5,GMR,20,1,KNN,0.557037037037037,0.7553810354857476,0.6153846153846154,0.7222222222222222,20.052631578894598,21.771428571366368,800,200
S5,GMR,20,1,RF,0.5404030501089325,0.8321698662012798,0.0,0.5,20.052631578894598,21.771428571366368,800,200
S5,GMR,20,1,LR,0.35884947447447446,0.8150087260034904,0.24242424242424243,0.6698662012798138,20.052631578894598,21.771428571366368,800,200
S5,GMR,20,1,DT,0.06222222222222222,0.5450843513670739,0.14285714285714285,0.5450843513670739,20.052631578894598,21.771428571366368,800,200
S5,GMR,20,1,XGB,0.5095032934131263,0.7870855148342059,0.5,0.6666666666666666,20.052631578894598,21.771428571366368,800,200
S5,GMR,20,2,KNN,0.14111111111111113,0.6396160558464223,0.0,0.5,20.052631578894598,21.771428571366368,800,200
S5,GMR,20,2,RF,0.32408184408184404,0.8010471204188481,0.0,0.4973821989528796,20.052631578894598,21.771428571366368,800,200
S5,GMR,20,2,LR,0.5256177182394028,0.8091913903432228,0.36363636363636365,0.7862129144851657,20.052631578894598,21.771428571366368,800,200
S5,GMR,20,2,DT,0.1209090909090909,0.6457242582897033,0.3,0.6457242582897033,20.052631578894598,21.771428571366368,800,200
S5,GMR,20,2,XGB,0.5093724531388882,0.8080279232111692,0.3333333333333333,0.6084933100639907,20.052631578894598,21.771428571366368,800,200
S5,GMR,20,3,KNN,0.589133089133089,0.9700407213496218,0.5,0.6666666666666666,20.052631578894598,21.771428571366368,800,200
S5,GMR,20,3,RF,0.6027676027676028,0.980802792321117,0.18181818181818182,0.5529377545084352,20.052631578894598,21.771428571366368,800,200
S5,GMR,20,3,LR,0.6721845320178286,0.9342641070389761,0.5185185185185185,0.8600930773705643,20.052631578894598,21.771428571366368,800,200
S5,GMR,20,3,DT,0.28,0.6640488656195462,0.46153846153846156,0.6640488656195462,20.052631578894598,21.771428571366368,800,200
S5,GMR,20,3,XGB,0.7222697056030389,0.9790575916230366,0.47058823529411764,0.7117510180337405,20.052631578894598,21.771428571366368,800,200
S5,GMR,50,42,KNN,0.3433333333333333,0.7423469387755102,0.4,0.625,48.999999999693756,52.26666666631822,800,200
S5,GMR,50,42,RF,0.403030303030303,0.9260204081632653,0.0,0.5,48.999999999693756,52.26666666631822,800,200
S5,GMR,50,42,LR,0.07270408163265306,0.7920918367346939,0.0,0.4872448979591837,48.999999999693756,52.26666666631822,800,200
S5,GMR,50,42,DT,0.09833333333333333,0.6198979591836735,0.2857142857142857,0.6198979591836735,48.999999999693756,52.26666666631822,800,200
S5,GMR,50,42,XGB,0.6167582417582418,0.8673469387755102,0.0,0.5,48.999999999693756,52.26666666631822,800,200
S5,GMR,50,0,KNN,0.042777777777777776,0.6033163265306123,0.0,0.5,48.999999999693756,52.26666666631822,800,200
S5,GMR,50,0,RF,0.11057471264367816,0.6262755102040816,0.0,0.5,48.999999999693756,52.26666666631822,800,200
S5,GMR,50,0,LR,0.15978335390100096,0.8367346938775511,0.25,0.6173469387755102,48.999999999693756,52.26666666631822,800,200
S5,GMR,50,0,DT,0.02,0.4846938775510204,0.0,0.4846938775510204,48.999999999693756,52.26666666631822,800,200
S5,GMR,50,0,XGB,0.08551160607612221,0.7066326530612245,0.0,0.49744897959183676,48.999999999693756,52.26666666631822,800,200
S5,GMR,50,1,KNN,0.4481818181818182,0.8622448979591836,0.4,0.625,48.999999999693756,52.26666666631822,800,200
S5,GMR,50,1,RF,0.7125,0.9834183673469388,0.0,0.5,48.999999999693756,52.26666666631822,800,200
S5,GMR,50,1,LR,0.5238095238095237,0.9795918367346939,0.4,0.8545918367346939,48.999999999693756,52.26666666631822,800,200
S5,GMR,50,1,DT,0.15285714285714286,0.7372448979591837,0.36363636363636365,0.7372448979591837,48.999999999693756,52.26666666631822,800,200
S5,GMR,50,1,XGB,0.5798611111111112,0.9846938775510204,0.4,0.625,48.999999999693756,52.26666666631822,800,200
S5,GMR,50,2,KNN,0.5800000000000001,0.8660714285714286,0.4,0.625,48.999999999693756,52.26666666631822,800,200
S5,GMR,50,2,RF,0.5248484848484849,0.9681122448979591,0.0,0.5,48.999999999693756,52.26666666631822,800,200
S5,GMR,50,2,LR,0.49816176470588236,0.9528061224489796,0.375,0.8520408163265306,48.999999999693756,52.26666666631822,800,200
S5,GMR,50,2,DT,0.02,0.5,0.0,0.5,48.999999999693756,52.26666666631822,800,200
S5,GMR,50,2,XGB,0.40243055555555557,0.9553571428571429,0.4,0.625,48.999999999693756,52.26666666631822,800,200
S5,GMR,50,3,KNN,0.265,0.6116071428571428,0.4,0.625,48.999999999693756,52.26666666631822,800,200
S5,GMR,50,3,RF,0.226875,0.8150510204081632,0.0,0.5,48.999999999693756,52.26666666631822,800,200
S5,GMR,50,3,LR,0.12085846029059105,0.7270408163265307,0.2,0.6122448979591837,48.999999999693756,52.26666666631822,800,200
S5,GMR,50,3,DT,0.09833333333333333,0.6198979591836735,0.2857142857142857,0.6198979591836735,48.999999999693756,52.26666666631822,800,200
S5,GMR,50,3,XGB,0.1738406092751258,0.9068877551020408,0.0,0.49744897959183676,48.999999999693756,52.26666666631822,800,200
