dataset,method,ir,seed,classifier,auprc,auroc,f1,balanced_acc,n_removed_maj,n_removed_min,ir_before,ir_after,n_train_before_maj,n_train_before_min,n_train_after_maj,n_train_after_min
S1,None,50,0,KNN,0.13495024875621892,0.7277918781725887,0.0,0.49746192893401014,0,0,48.999999999693756,48.999999999693756,784,16,784,16
S1,None,50,0,RF,0.13992537313432835,0.5742385786802031,0.0,0.5,0,0,48.999999999693756,48.999999999693756,784,16,784,16
S1,None,50,0,LR,0.032619838236233725,0.6434010152284263,0.0,0.5,0,0,48.999999999693756,48.999999999693756,784,16,784,16
S1,None,50,0,DT,0.01990049751243781,0.4949238578680203,0.0,0.4949238578680203,0,0,48.999999999693756,48.999999999693756,784,16,784,16
S1,None,50,42,KNN,0.29328358208955224,0.7252538071065989,0.0,0.5,0,0,48.999999999693756,48.999999999693756,784,16,784,16
S1,None,50,42,RF,0.08104420332547788,0.7855329949238579,0.0,0.5,0,0,48.999999999693756,48.999999999693756,784,16,784,16
S1,None,50,42,LR,0.028730006373583396,0.5926395939086294,0.0,0.5,0,0,48.999999999693756,48.999999999693756,784,16,784,16
S1,None,50,42,DT,0.01990049751243781,0.49238578680203043,0.0,0.49238578680203043,0,0,48.999999999693756,48.999999999693756,784,16,784,16
S1,None,50,123,KNN,0.2857142857142857,0.9670050761421319,0.0,0.5,0,0,48.999999999693756,48.999999999693756,784,16,784,16
S1,None,50,123,RF,0.35833333333333334,0.9746192893401016,0.0,0.49746192893401014,0,0,48.999999999693756,48.999999999693756,784,16,784,16
S1,None,50,123,LR,0.0276454448227876,0.5685279187817259,0.0,0.5,0,0,48.999999999693756,48.999999999693756,784,16,784,16
S1,None,50,123,DT,0.20995024875621893,0.7423857868020304,0.4444444444444445,0.7423857868020305,0,0,48.999999999693756,48.999999999693756,784,16,784,16
S1,None,50,456,KNN,0.09825870646766169,0.5913705583756345,0.0,0.5,0,0,48.999999999693756,48.999999999693756,784,16,784,16
S1,None,50,456,RF,0.07661691542288557,0.6751269035532994,0.0,0.49746192893401014,0,0,48.999999999693756,48.999999999693756,784,16,784,16
S1,None,50,456,LR,0.029777917892671993,0.6040609137055837,0.0,0.5,0,0,48.999999999693756,48.999999999693756,784,16,784,16
S1,None,50,456,DT,0.01990049751243781,0.49238578680203043,0.0,0.49238578680203043,0,0,48.999999999693756,48.999999999693756,784,16,784,16
S1,None,50,789,KNN,0.0724502487562189,0.7131979695431472,0.0,0.5,0,0,48.999999999693756,48.999999999693756,784,16,784,16
S1,None,50,789,RF,0.09328358208955223,0.677030456852792,0.0,0.5,0,0,48.999999999693756,48.999999999693756,784,16,784,16
S1,None,50,789,LR,0.027110080269533106,0.5647208121827412,0.0,0.5,0,0,48.999999999693756,48.999999999693756,784,16,784,16
S1,None,50,789,DT,0.01990049751243781,0.4949238578680203,0.0,0.4949238578680203,0,0,48.999999999693756,48.999999999693756,784,16,784,16
S1,None,50,789,XGB,0.0830983709273183,0.8248730964467006,0.0,0.49746192893401014,0,0,48.999999999693756,48.999999999693756,784,16,784,16
S1,None,100,0,KNN,0.009950248756218905,0.4824120603015075,0.0,0.49748743718592964,0,0,87.88888888791234,87.88888888791234,791,9,791,9
S1,None,100,0,RF,0.009950248756218905,0.4396984924623116,0.0,0.5,0,0,87.88888888791234,87.88888888791234,791,9,791,9
S1,None,100,0,LR,0.016418644693149673,0.4547738693467337,0.0,0.5,0,0,87.88888888791234,87.88888888791234,791,9,791,9
S1,None,100,0,DT,0.009950248756218905,0.49246231155778897,0.0,0.49246231155778897,0,0,87.88888888791234,87.88888888791234,791,9,791,9
S1,None,100,42,KNN,0.046641791044776115,0.7223618090452261,0.0,0.5,0,0,87.88888888791234,87.88888888791234,791,9,791,9
S1,None,100,42,RF,0.13247863247863248,0.9610552763819096,0.0,0.5,0,0,87.88888888791234,87.88888888791234,791,9,791,9
S1,None,100,42,LR,0.01886178861788618,0.6130653266331658,0.0,0.5,0,0,87.88888888791234,87.88888888791234,791,9,791,9
S1,None,100,42,DT,0.009950248756218905,0.49748743718592964,0.0,0.49748743718592964,0,0,87.88888888791234,87.88888888791234,791,9,791,9
S1,None,100,123,KNN,0.625,0.992462311557789,0.0,0.5,0,0,87.88888888791234,87.88888888791234,791,9,791,9
S1,None,100,123,RF,0.6666666666666666,0.9912060301507538,0.0,0.5,0,0,87.88888888791234,87.88888888791234,791,9,791,9
S1,None,100,123,LR,0.01608643457382953,0.5477386934673367,0.0,0.5,0,0,87.88888888791234,87.88888888791234,791,9,791,9
S1,None,100,123,DT,0.009950248756218905,0.49748743718592964,0.0,0.49748743718592964,0,0,87.88888888791234,87.88888888791234,791,9,791,9
S1,None,100,456,KNN,0.06747512437810946,0.7324120603015075,0.0,0.5,0,0,87.88888888791234,87.88888888791234,791,9,791,9
S1,None,100,456,RF,0.07125000000000001,0.9183417085427137,0.0,0.5,0,0,87.88888888791234,87.88888888791234,791,9,791,9
S1,None,100,456,LR,0.016750305167503053,0.5703517587939698,0.0,0.5,0,0,87.88888888791234,87.88888888791234,791,9,791,9
S1,None,100,456,DT,0.009950248756218905,0.49748743718592964,0.0,0.49748743718592964,0,0,87.88888888791234,87.88888888791234,791,9,791,9
S1,None,100,789,KNN,0.060530679933665,0.7286432160804021,0.0,0.5,0,0,87.88888888791234,87.88888888791234,791,9,791,9
S1,None,100,789,RF,0.15555555555555556,0.9585427135678393,0.0,0.5,0,0,87.88888888791234,87.88888888791234,791,9,791,9
S1,None,100,789,LR,0.015323891339679591,0.5276381909547738,0.0,0.5,0,0,87.88888888791234,87.88888888791234,791,9,791,9
S1,None,100,789,DT,0.009950248756218905,0.49748743718592964,0.0,0.49748743718592964,0,0,87.88888888791234,87.88888888791234,791,9,791,9
S1,SMOTE,50,0,KNN,0.1419483044547378,0.8197969543147209,0.17391304347826086,0.7068527918781726,0,-768,48.999999999693756,0.9999999999998724,784,16,784,784
S1,SMOTE,50,0,RF,0.21510524499654934,0.9530456852791879,0.3333333333333333,0.8470812182741116,0,-768,48.999999999693756,0.9999999999998724,784,16,784,784
S1,SMOTE,50,0,LR,0.032619838236233725,0.6434010152284263,0.027027027027027025,0.4498730964467005,0,-768,48.999999999693756,0.9999999999998724,784,16,784,784
S1,SMOTE,50,0,DT,0.08137882018479033,0.7195431472081218,0.22222222222222224,0.7195431472081218,0,-768,48.999999999693756,0.9999999999998724,784,16,784,784
S1,SMOTE,50,42,KNN,0.04030739161336176,0.648477157360406,0.125,0.684010152284264,0,-768,48.999999999693756,0.9999999999998724,784,16,784,784
S1,SMOTE,50,42,RF,0.08262429789889744,0.8692893401015227,0.08333333333333334,0.5767766497461929,0,-768,48.999999999693756,0.9999999999998724,784,16,784,784
S1,SMOTE,50,42,LR,0.027792379522006007,0.5799492385786802,0.024390243902439022,0.42956852791878175,0,-768,48.999999999693756,0.9999999999998724,784,16,784,784
S1,SMOTE,50,42,DT,0.01990049751243781,0.44923857868020306,0.0,0.44923857868020306,0,-768,48.999999999693756,0.9999999999998724,784,16,784,784
S1,SMOTE,50,123,KNN,0.15,0.9390862944162437,0.2222222222222222,0.9289340101522843,0,-768,48.999999999693756,0.9999999999998724,784,16,784,784
S1,SMOTE,50,123,RF,0.26957070707070707,0.9670050761421319,0.29629629629629634,0.9517766497461929,0,-768,48.999999999693756,0.9999999999998724,784,16,784,784
S1,SMOTE,50,123,LR,0.02807364111084845,0.5736040609137056,0.061224489795918366,0.6440355329949239,0,-768,48.999999999693756,0.9999999999998724,784,16,784,784
S1,SMOTE,50,123,DT,0.17391304347826086,0.9517766497461929,0.29629629629629634,0.9517766497461929,0,-768,48.999999999693756,0.9999999999998724,784,16,784,784
S1,SMOTE,50,456,KNN,0.1308371933436267,0.809010152284264,0.18181818181818182,0.809010152284264,0,-768,48.999999999693756,0.9999999999998724,784,16,784,784
S1,SMOTE,50,456,RF,0.1579861111111111,0.8775380710659899,0.21428571428571427,0.8217005076142132,0,-768,48.999999999693756,0.9999999999998724,784,16,784,784
S1,SMOTE,50,456,LR,0.03044174487067918,0.6116751269035533,0.06666666666666667,0.6643401015228426,0,-768,48.999999999693756,0.9999999999998724,784,16,784,784
S1,SMOTE,50,456,DT,0.08256133127466118,0.8083756345177665,0.18181818181818182,0.809010152284264,0,-768,48.999999999693756,0.9999999999998724,784,16,784,784
S1,SMOTE,50,789,KNN,0.10129865378987415,0.8052030456852792,0.24999999999999997,0.8318527918781726,0,-768,48.999999999693756,0.9999999999998724,784,16,784,784
S1,SMOTE,50,789,RF,0.10757575757575757,0.881979695431472,0.2105263157894737,0.717005076142132,0,-768,48.999999999693756,0.9999999999998724,784,16,784,784
S1,SMOTE,50,789,LR,0.027211412348517733,0.5659898477157361,0.046511627906976744,0.5469543147208122,0,-768,48.999999999693756,0.9999999999998724,784,16,784,784
S1,SMOTE,50,789,DT,0.03055037313432836,0.5869289340101523,0.1,0.5869289340101522,0,-768,48.999999999693756,0.9999999999998724,784,16,784,784
S1,SMOTE,100,0,KNN,0.009950248756218905,0.457286432160804,0.0,0.45979899497487436,0,-782,87.88888888791234,0.9999999999998735,791,9,791,791
S1,SMOTE,100,0,RF,0.009950248756218905,0.4120603015075377,0.0,0.4723618090452261,0,-782,87.88888888791234,0.9999999999998735,791,9,791,791
S1,SMOTE,100,0,LR,0.016452251360712516,0.457286432160804,0.028169014084507046,0.579145728643216,0,-782,87.88888888791234,0.9999999999998735,791,9,791,791
S1,SMOTE,100,0,DT,0.009950248756218905,0.4748743718592965,0.0,0.4748743718592965,0,-782,87.88888888791234,0.9999999999998735,791,9,791,791
S1,SMOTE,100,42,KNN,0.18181818181818182,0.9773869346733668,0.2222222222222222,0.964824120603015,0,-782,87.88888888791234,0.9999999999998735,791,9,791,791
S1,SMOTE,100,42,RF,0.17424242424242425,0.9660804020100502,0.2222222222222222,0.964824120603015,0,-782,87.88888888791234,0.9999999999998735,791,9,791,791
S1,SMOTE,100,42,LR,0.01829819277108434,0.5979899497487438,0.0,0.31155778894472363,0,-782,87.88888888791234,0.9999999999998735,791,9,791,791
S1,SMOTE,100,42,DT,0.11764705882352941,0.9623115577889447,0.21052631578947367,0.9623115577889447,0,-782,87.88888888791234,0.9999999999998735,791,9,791,791
S1,SMOTE,100,123,KNN,0.12406015037593984,0.9635678391959799,0.12121212121212122,0.9271356783919598,0,-782,87.88888888791234,0.9999999999998735,791,9,791,791
S1,SMOTE,100,123,RF,0.6666666666666666,0.9974874371859297,0.21052631578947367,0.9623115577889447,0,-782,87.88888888791234,0.9999999999998735,791,9,791,791
S1,SMOTE,100,123,LR,0.014810306350172449,0.507537688442211,0.034782608695652174,0.721105527638191,0,-782,87.88888888791234,0.9999999999998735,791,9,791,791
S1,SMOTE,100,123,DT,0.1111111111111111,0.9597989949748743,0.19999999999999998,0.9597989949748744,0,-782,87.88888888791234,0.9999999999998735,791,9,791,791
S1,SMOTE,100,456,KNN,0.046641791044776115,0.6809045226130652,0.08695652173913042,0.699748743718593,0,-782,87.88888888791234,0.9999999999998735,791,9,791,791
S1,SMOTE,100,456,RF,0.054975124378109454,0.6231155778894473,0.09090909090909091,0.7022613065326633,0,-782,87.88888888791234,0.9999999999998735,791,9,791,791
S1,SMOTE,100,456,LR,0.01724646226415094,0.5804020100502513,0.02173913043478261,0.5263819095477387,0,-782,87.88888888791234,0.9999999999998735,791,9,791,791
S1,SMOTE,100,456,DT,0.029975124378109452,0.7022613065326634,0.09090909090909091,0.7022613065326633,0,-782,87.88888888791234,0.9999999999998735,791,9,791,791
S1,SMOTE,100,789,KNN,0.125,0.9623115577889447,0.2222222222222222,0.964824120603015,0,-782,87.88888888791234,0.9999999999998735,791,9,791,791
S1,SMOTE,100,789,RF,0.375,0.9836683417085427,0.3076923076923077,0.9773869346733668,0,-782,87.88888888791234,0.9999999999998735,791,9,791,791
S1,SMOTE,100,789,LR,0.014285714285714285,0.4949748743718593,0.02298850574712644,0.5389447236180904,0,-782,87.88888888791234,0.9999999999998735,791,9,791,791
S1,SMOTE,100,789,DT,0.2,0.9798994974874372,0.33333333333333337,0.9798994974874372,0,-782,87.88888888791234,0.9999999999998735,791,9,791,791
S1,Tomek,50,0,KNN,0.13495024875621892,0.7277918781725887,0.0,0.49746192893401014,11,0,48.999999999693756,48.312499999698055,784,16,773,16
S1,Tomek,50,0,RF,0.07310814349306101,0.6535532994923858,0.0,0.5,11,0,48.999999999693756,48.312499999698055,784,16,773,16
S1,Tomek,50,0,LR,0.032619838236233725,0.6434010152284263,0.0,0.5,11,0,48.999999999693756,48.312499999698055,784,16,773,16
S1,Tomek,50,0,DT,0.01990049751243781,0.49746192893401014,0.0,0.49746192893401014,11,0,48.999999999693756,48.312499999698055,784,16,773,16
S1,Tomek,50,42,KNN,0.16828358208955224,0.7239847715736041,0.0,0.5,6,0,48.999999999693756,48.6249999996961,784,16,778,16
S1,Tomek,50,42,RF,0.03159203980099502,0.5450507614213198,0.0,0.5,6,0,48.999999999693756,48.6249999996961,784,16,778,16
S1,Tomek,50,42,LR,0.028730006373583396,0.5926395939086294,0.0,0.5,6,0,48.999999999693756,48.6249999996961,784,16,778,16
S1,Tomek,50,42,DT,0.01990049751243781,0.49238578680203043,0.0,0.49238578680203043,6,0,48.999999999693756,48.6249999996961,784,16,778,16
S1,Tomek,50,123,KNN,0.2857142857142857,0.9670050761421319,0.0,0.5,4,0,48.999999999693756,48.74999999969532,784,16,780,16
S1,Tomek,50,123,RF,0.33596491228070174,0.9708121827411168,0.0,0.49746192893401014,4,0,48.999999999693756,48.74999999969532,784,16,780,16
S1,Tomek,50,123,LR,0.0276454448227876,0.5685279187817259,0.0,0.5,4,0,48.999999999693756,48.74999999969532,784,16,780,16
S1,Tomek,50,123,DT,0.20995024875621893,0.7423857868020304,0.4444444444444445,0.7423857868020305,4,0,48.999999999693756,48.74999999969532,784,16,780,16
S1,Tomek,50,456,KNN,0.2862660382299031,0.714467005076142,0.4,0.625,10,0,48.999999999693756,48.374999999697664,784,16,774,16
S1,Tomek,50,456,RF,0.10318941009239516,0.7614213197969543,0.0,0.49746192893401014,10,0,48.999999999693756,48.374999999697664,784,16,774,16
S1,Tomek,50,456,LR,0.029845659391113936,0.6053299492385786,0.0,0.5,10,0,48.999999999693756,48.374999999697664,784,16,774,16
S1,Tomek,50,456,DT,0.05063965884861407,0.6097715736040609,0.18181818181818182,0.609771573604061,10,0,48.999999999693756,48.374999999697664,784,16,774,16
S1,Tomek,50,789,KNN,0.13732806555458005,0.8318527918781726,0.0,0.5,10,0,48.999999999693756,48.374999999697664,784,16,774,16
S1,Tomek,50,789,RF,0.2184366628396479,0.8274111675126904,0.0,0.5,10,0,48.999999999693756,48.374999999697664,784,16,774,16
S1,Tomek,50,789,LR,0.027110080269533106,0.5647208121827412,0.0,0.5,10,0,48.999999999693756,48.374999999697664,784,16,774,16
S1,Tomek,50,789,DT,0.01990049751243781,0.49238578680203043,0.0,0.49238578680203043,10,0,48.999999999693756,48.374999999697664,784,16,774,16
S1,Tomek,100,0,KNN,0.009950248756218905,0.4824120603015075,0.0,0.49748743718592964,6,0,87.88888888791234,87.22222222125309,791,9,785,9
S1,Tomek,100,0,RF,0.009950248756218905,0.44974874371859297,0.0,0.5,6,0,87.88888888791234,87.22222222125309,791,9,785,9
S1,Tomek,100,0,LR,0.016418644693149673,0.4547738693467337,0.0,0.5,6,0,87.88888888791234,87.22222222125309,791,9,785,9
S1,Tomek,100,0,DT,0.009950248756218905,0.4949748743718593,0.0,0.4949748743718593,6,0,87.88888888791234,87.22222222125309,791,9,785,9
S1,Tomek,100,0,XGB,0.01601464195836193,0.4824120603015075,0.0,0.4949748743718593,6,0,87.88888888791234,87.22222222125309,791,9,785,9
S1,Tomek,100,42,KNN,0.046641791044776115,0.7223618090452261,0.0,0.5,3,0,87.88888888791234,87.55555555458271,791,9,788,9
S1,Tomek,100,42,RF,0.10173160173160173,0.9246231155778895,0.0,0.5,3,0,87.88888888791234,87.55555555458271,791,9,788,9
S1,Tomek,100,42,LR,0.018774069319640565,0.6105527638190955,0.0,0.5,3,0,87.88888888791234,87.55555555458271,791,9,788,9
S1,Tomek,100,42,DT,0.009950248756218905,0.4949748743718593,0.0,0.4949748743718593,3,0,87.88888888791234,87.55555555458271,791,9,788,9
S1,Tomek,100,42,XGB,0.23809523809523808,0.964824120603015,0.0,0.5,3,0,87.88888888791234,87.55555555458271,791,9,788,9
S1,Tomek,100,123,KNN,0.6428571428571428,0.9937185929648241,0.0,0.5,4,0,87.88888888791234,87.44444444347283,791,9,787,9
S1,Tomek,100,123,RF,0.7,0.9924623115577889,0.0,0.5,4,0,87.88888888791234,87.44444444347283,791,9,787,9
S1,Tomek,100,123,LR,0.015983363042186574,0.5452261306532663,0.0,0.5,4,0,87.88888888791234,87.44444444347283,791,9,787,9
S1,Tomek,100,123,DT,0.009950248756218905,0.49748743718592964,0.0,0.49748743718592964,4,0,87.88888888791234,87.44444444347283,791,9,787,9
S1,Tomek,100,123,XGB,0.75,0.9949748743718593,0.6666666666666666,0.75,4,0,87.88888888791234,87.44444444347283,791,9,787,9
S1,Tomek,100,456,KNN,0.06747512437810946,0.7324120603015075,0.0,0.5,6,0,87.88888888791234,87.22222222125309,791,9,785,9
S1,Tomek,100,456,RF,0.07692307692307693,0.8944723618090452,0.0,0.5,6,0,87.88888888791234,87.22222222125309,791,9,785,9
S1,Tomek,100,456,LR,0.016750305167503053,0.5703517587939698,0.0,0.5,6,0,87.88888888791234,87.22222222125309,791,9,785,9
S1,Tomek,100,456,DT,0.009950248756218905,0.49748743718592964,0.0,0.49748743718592964,6,0,87.88888888791234,87.22222222125309,791,9,785,9
S1,Tomek,100,789,KNN,0.060530679933665,0.7286432160804021,0.0,0.5,6,0,87.88888888791234,87.22222222125309,791,9,785,9
S1,Tomek,100,789,RF,0.125,0.9371859296482412,0.0,0.5,6,0,87.88888888791234,87.22222222125309,791,9,785,9
S1,Tomek,100,789,LR,0.015231333027943198,0.5251256281407035,0.0,0.5,6,0,87.88888888791234,87.22222222125309,791,9,785,9
S1,Tomek,100,789,DT,0.009950248756218905,0.4949748743718593,0.0,0.4949748743718593,6,0,87.88888888791234,87.22222222125309,791,9,785,9
S1,RandomUS,50,0,KNN,0.12797619047619047,0.9263959390862945,0.08247422680412372,0.7741116751269035,768,0,48.999999999693756,0.9999999999937501,784,16,16,16
S1,RandomUS,50,0,RF,0.09515182884748102,0.890228426395939,0.10256410256410257,0.8223350253807107,768,0,48.999999999693756,0.9999999999937501,784,16,16,16
S1,RandomUS,50,0,LR,0.030332517378445452,0.616751269035533,0.06060606060606061,0.641497461928934,768,0,48.999999999693756,0.9999999999937501,784,16,16,16
S1,RandomUS,50,0,DT,0.03959050899349407,0.7176395939086293,0.08695652173913043,0.7176395939086294,768,0,48.999999999693756,0.9999999999937501,784,16,16,16
S1,RandomUS,50,42,KNN,0.11428571428571428,0.9010152284263959,0.1142857142857143,0.8426395939086294,768,0,48.999999999693756,0.9999999999937501,784,16,16,16
S1,RandomUS,50,42,RF,0.5225576662143827,0.8261421319796954,0.08,0.6383248730964467,768,0,48.999999999693756,0.9999999999937501,784,16,16,16
S1,RandomUS,50,42,LR,0.028054981273469698,0.58248730964467,0.047058823529411764,0.549492385786802,768,0,48.999999999693756,0.9999999999937501,784,16,16,16
S1,RandomUS,50,42,DT,0.02607928101428342,0.5977157360406091,0.06060606060606061,0.5977157360406091,768,0,48.999999999693756,0.9999999999937501,784,16,16,16
S1,RandomUS,50,123,KNN,0.08704974271012006,0.8927664974619289,0.08333333333333333,0.7766497461928934,768,0,48.999999999693756,0.9999999999937501,784,16,16,16
S1,RandomUS,50,123,RF,0.21774509803921568,0.9289340101522842,0.1081081081081081,0.8324873096446701,768,0,48.999999999693756,0.9999999999937501,784,16,16,16
S1,RandomUS,50,123,LR,0.01856571458844186,0.3477157360406091,0.029197080291970802,0.41751269035532995,768,0,48.999999999693756,0.9999999999937501,784,16,16,16
S1,RandomUS,50,123,DT,0.04395604395604396,0.7791878172588833,0.08421052631578947,0.7791878172588833,768,0,48.999999999693756,0.9999999999937501,784,16,16,16
S1,RandomUS,50,456,KNN,0.09068862960420956,0.824238578680203,0.07407407407407407,0.6871827411167513,768,0,48.999999999693756,0.9999999999937501,784,16,16,16
S1,RandomUS,50,456,RF,0.10264408793820558,0.8496192893401016,0.10526315789473685,0.7480964467005076,768,0,48.999999999693756,0.9999999999937501,784,16,16,16
S1,RandomUS,50,456,LR,0.03004108405657345,0.6078680203045685,0.06593406593406594,0.6618020304568528,768,0,48.999999999693756,0.9999999999937501,784,16,16,16
S1,RandomUS,50,456,DT,0.05985317315859725,0.7785532994923858,0.13333333333333333,0.7785532994923858,768,0,48.999999999693756,0.9999999999937501,784,16,16,16
S1,RandomUS,50,789,KNN,0.031417370979226644,0.6865482233502538,0.06956521739130435,0.7284263959390863,768,0,48.999999999693756,0.9999999999937501,784,16,16,16
S1,RandomUS,50,789,RF,0.0480225656696245,0.7550761421319797,0.08421052631578947,0.7791878172588833,768,0,48.999999999693756,0.9999999999937501,784,16,16,16
S1,RandomUS,50,789,LR,0.026703407314299925,0.5571065989847716,0.05769230769230769,0.6288071065989848,768,0,48.999999999693756,0.9999999999937501,784,16,16,16
S1,RandomUS,50,789,DT,0.03538052978351486,0.6947969543147208,0.07692307692307693,0.6947969543147208,768,0,48.999999999693756,0.9999999999937501,784,16,16,16
S1,RandomUS,100,0,KNN,0.011655405405405406,0.4623115577889447,0.017543859649122806,0.47110552763819097,782,0,87.88888888791234,0.9999999999888889,791,9,9,9
S1,RandomUS,100,0,RF,0.013046064932857386,0.4371859296482412,0.025974025974025976,0.5640703517587939,782,0,87.88888888791234,0.9999999999888889,791,9,9,9
S1,RandomUS,100,0,LR,0.017245989304812834,0.46984924623115576,0.023255813953488372,0.5414572864321607,782,0,87.88888888791234,0.9999999999888889,791,9,9,9
S1,RandomUS,100,0,DT,0.009950248756218905,0.40452261306532666,0.0,0.4045226130653266,782,0,87.88888888791234,0.9999999999888889,791,9,9,9
S1,RandomUS,100,42,KNN,0.03225806451612903,0.8341708542713567,0.03508771929824561,0.7236180904522613,782,0,87.88888888791234,0.9999999999888889,791,9,9,9
S1,RandomUS,100,42,RF,0.034559643255295425,0.8040201005025126,0.06451612903225806,0.8542713567839195,782,0,87.88888888791234,0.9999999999888889,791,9,9,9
S1,RandomUS,100,42,LR,0.012874015748031497,0.4371859296482412,0.017094017094017096,0.4635678391959799,782,0,87.88888888791234,0.9999999999888889,791,9,9,9
S1,RandomUS,100,42,DT,0.037037037037037035,0.8693467336683417,0.07142857142857142,0.8693467336683417,782,0,87.88888888791234,0.9999999999888889,791,9,9,9
S1,RandomUS,100,123,KNN,0.050505050505050504,0.9045226130653267,0.03305785123966942,0.7060301507537688,782,0,87.88888888791234,0.9999999999888889,791,9,9,9
S1,RandomUS,100,123,RF,0.6428571428571428,0.9886934673366834,0.08163265306122448,0.8869346733668342,782,0,87.88888888791234,0.9999999999888889,791,9,9,9
S1,RandomUS,100,123,LR,0.0215111301369863,0.6633165829145728,0.047619047619047616,0.7989949748743719,782,0,87.88888888791234,0.9999999999888889,791,9,9,9
S1,RandomUS,100,123,DT,0.019417475728155338,0.7462311557788945,0.03809523809523809,0.7462311557788945,782,0,87.88888888791234,0.9999999999888889,791,9,9,9
S1,RandomUS,100,456,KNN,0.010294273314279664,0.41331658291457285,0.020833333333333336,0.5163316582914572,782,0,87.88888888791234,0.9999999999888889,791,9,9,9
S1,RandomUS,100,456,RF,0.046658259773013876,0.6809045226130653,0.03508771929824561,0.614321608040201,782,0,87.88888888791234,0.9999999999888889,791,9,9,9
S1,RandomUS,100,456,LR,0.016320116054158607,0.550251256281407,0.0,0.3065326633165829,782,0,87.88888888791234,0.9999999999888889,791,9,9,9
S1,RandomUS,100,456,DT,0.016086235489220564,0.6394472361809045,0.0425531914893617,0.6394472361809045,782,0,87.88888888791234,0.9999999999888889,791,9,9,9
S1,RandomUS,100,456,XGB,0.017424242424242425,0.5904522613065326,0.028169014084507046,0.579145728643216,782,0,87.88888888791234,0.9999999999888889,791,9,9,9
S1,RandomUS,100,789,KNN,0.125,0.964824120603015,0.02484472049689441,0.6055276381909548,782,0,87.88888888791234,0.9999999999888889,791,9,9,9
S1,RandomUS,100,789,RF,0.14347826086956522,0.9447236180904522,0.043010752688172046,0.7763819095477387,782,0,87.88888888791234,0.9999999999888889,791,9,9,9
S1,RandomUS,100,789,LR,0.01717342342342342,0.5804020100502512,0.03225806451612903,0.6984924623115578,782,0,87.88888888791234,0.9999999999888889,791,9,9,9
S1,RandomUS,100,789,DT,0.02197802197802198,0.7763819095477387,0.043010752688172046,0.7763819095477387,782,0,87.88888888791234,0.9999999999888889,791,9,9,9
S1,RandomUS,100,789,XGB,0.1,0.9547738693467337,0.03389830508474576,0.7135678391959799,782,0,87.88888888791234,0.9999999999888889,791,9,9,9
S1,GMR-Uniform,50,0,KNN,0.13495024875621892,0.7277918781725887,0.0,0.49746192893401014,3,1,48.999999999693756,52.066666666319556,784,16,781,15
S1,GMR-Uniform,50,0,RF,0.12453358208955223,0.6871827411167513,0.0,0.5,3,1,48.999999999693756,52.066666666319556,784,16,781,15
S1,GMR-Uniform,50,0,LR,0.03313617771287704,0.6484771573604061,0.0,0.5,3,1,48.999999999693756,52.066666666319556,784,16,781,15
S1,GMR-Uniform,50,0,DT,0.01990049751243781,0.4949238578680203,0.0,0.4949238578680203,3,1,48.999999999693756,52.066666666319556,784,16,781,15
S1,GMR-Uniform,50,42,KNN,0.2956645344705046,0.7271573604060914,0.0,0.5,0,1,48.999999999693756,52.26666666631822,784,16,784,15
S1,GMR-Uniform,50,42,RF,0.03857928101428342,0.6598984771573604,0.0,0.5,0,1,48.999999999693756,52.26666666631822,784,16,784,15
S1,GMR-Uniform,50,42,LR,0.029064185989939446,0.5964467005076142,0.0,0.5,0,1,48.999999999693756,52.26666666631822,784,16,784,15
S1,GMR-Uniform,50,42,DT,0.01990049751243781,0.4949238578680203,0.0,0.4949238578680203,0,1,48.999999999693756,52.26666666631822,784,16,784,15
S1,GMR-Uniform,50,123,KNN,0.2857142857142857,0.9670050761421319,0.0,0.5,1,1,48.999999999693756,52.199999999652,784,16,783,15
S1,GMR-Uniform,50,123,RF,0.305952380952381,0.9670050761421319,0.0,0.49746192893401014,1,1,48.999999999693756,52.199999999652,784,16,783,15
S1,GMR-Uniform,50,123,LR,0.022426952432349087,0.4593908629441624,0.0,0.5,1,1,48.999999999693756,52.199999999652,784,16,783,15
S1,GMR-Uniform,50,123,DT,0.01990049751243781,0.48984771573604063,0.0,0.48984771573604063,1,1,48.999999999693756,52.199999999652,784,16,783,15
S1,GMR-Uniform,50,456,KNN,0.09825870646766169,0.5932741116751269,0.0,0.5,2,1,48.999999999693756,52.13333333298578,784,16,782,15
S1,GMR-Uniform,50,456,RF,0.06897802653399668,0.6763959390862945,0.0,0.5,2,1,48.999999999693756,52.13333333298578,784,16,782,15
S1,GMR-Uniform,50,456,LR,0.0301868076685989,0.6091370558375635,0.0,0.5,2,1,48.999999999693756,52.13333333298578,784,16,782,15
S1,GMR-Uniform,50,456,DT,0.01990049751243781,0.49238578680203043,0.0,0.49238578680203043,2,1,48.999999999693756,52.13333333298578,784,16,782,15
S1,GMR-Uniform,50,789,KNN,0.10085933966530981,0.7258883248730965,0.0,0.5,1,1,48.999999999693756,52.199999999652,784,16,783,15
S1,GMR-Uniform,50,789,RF,0.13495024875621892,0.7055837563451777,0.0,0.5,1,1,48.999999999693756,52.199999999652,784,16,783,15
S1,GMR-Uniform,50,789,LR,0.02667704410523071,0.5596446700507614,0.0,0.5,1,1,48.999999999693756,52.199999999652,784,16,783,15
S1,GMR-Uniform,50,789,DT,0.01990049751243781,0.4949238578680203,0.0,0.4949238578680203,1,1,48.999999999693756,52.199999999652,784,16,783,15
S1,GMR-Uniform,100,0,KNN,0.009950248756218905,0.4824120603015075,0.0,0.49748743718592964,0,0,87.88888888791234,87.88888888791234,791,9,791,9
S1,GMR-Uniform,100,0,RF,0.009950248756218905,0.4396984924623116,0.0,0.5,0,0,87.88888888791234,87.88888888791234,791,9,791,9
S1,GMR-Uniform,100,0,LR,0.016418644693149673,0.4547738693467337,0.0,0.5,0,0,87.88888888791234,87.88888888791234,791,9,791,9
S1,GMR-Uniform,100,0,DT,0.009950248756218905,0.49246231155778897,0.0,0.49246231155778897,0,0,87.88888888791234,87.88888888791234,791,9,791,9
S1,GMR-Uniform,100,0,XGB,0.011148066026114806,0.3630653266331658,0.0,0.5,0,0,87.88888888791234,87.88888888791234,791,9,791,9
S1,GMR-Uniform,100,42,KNN,0.046641791044776115,0.7223618090452261,0.0,0.5,0,0,87.88888888791234,87.88888888791234,791,9,791,9
S1,GMR-Uniform,100,42,RF,0.13247863247863248,0.9610552763819096,0.0,0.5,0,0,87.88888888791234,87.88888888791234,791,9,791,9
S1,GMR-Uniform,100,42,LR,0.01886178861788618,0.6130653266331658,0.0,0.5,0,0,87.88888888791234,87.88888888791234,791,9,791,9
S1,GMR-Uniform,100,42,DT,0.009950248756218905,0.49748743718592964,0.0,0.49748743718592964,0,0,87.88888888791234,87.88888888791234,791,9,791,9
S1,GMR-Uniform,100,123,KNN,0.625,0.992462311557789,0.0,0.5,0,0,87.88888888791234,87.88888888791234,791,9,791,9
S1,GMR-Uniform,100,123,RF,0.6666666666666666,0.9912060301507538,0.0,0.5,0,0,87.88888888791234,87.88888888791234,791,9,791,9
S1,GMR-Uniform,100,123,LR,0.01608643457382953,0.5477386934673367,0.0,0.5,0,0,87.88888888791234,87.88888888791234,791,9,791,9
S1,GMR-Uniform,100,123,DT,0.009950248756218905,0.49748743718592964,0.0,0.49748743718592964,0,0,87.88888888791234,87.88888888791234,791,9,791,9
S1,GMR-Uniform,100,123,XGB,0.6666666666666666,0.9912060301507538,0.0,0.5,0,0,87.88888888791234,87.88888888791234,791,9,791,9
S1,GMR-Uniform,100,456,KNN,0.06747512437810946,0.7324120603015075,0.0,0.5,0,0,87.88888888791234,87.88888888791234,791,9,791,9
S1,GMR-Uniform,100,456,RF,0.07125000000000001,0.9183417085427137,0.0,0.5,0,0,87.88888888791234,87.88888888791234,791,9,791,9
S1,GMR-Uniform,100,456,LR,0.016750305167503053,0.5703517587939698,0.0,0.5,0,0,87.88888888791234,87.88888888791234,791,9,791,9
S1,GMR-Uniform,100,456,DT,0.009950248756218905,0.49748743718592964,0.0,0.49748743718592964,0,0,87.88888888791234,87.88888888791234,791,9,791,9
S1,GMR-Uniform,100,789,KNN,0.060530679933665,0.7286432160804021,0.0,0.5,0,0,87.88888888791234,87.88888888791234,791,9,791,9
S1,GMR-Uniform,100,789,RF,0.15555555555555556,0.9585427135678393,0.0,0.5,0,0,87.88888888791234,87.88888888791234,791,9,791,9
S1,GMR-Uniform,100,789,LR,0.015323891339679591,0.5276381909547738,0.0,0.5,0,0,87.88888888791234,87.88888888791234,791,9,791,9
S1,GMR-Uniform,100,789,DT,0.009950248756218905,0.49748743718592964,0.0,0.49748743718592964,0,0,87.88888888791234,87.88888888791234,791,9,791,9
S1,GMR-Symmetric,50,0,KNN,0.13495024875621892,0.7277918781725887,0.0,0.49746192893401014,3,1,48.999999999693756,52.066666666319556,784,16,781,15
S1,GMR-Symmetric,50,0,RF,0.12453358208955223,0.6871827411167513,0.0,0.5,3,1,48.999999999693756,52.066666666319556,784,16,781,15
S1,GMR-Symmetric,50,0,LR,0.03313617771287704,0.6484771573604061,0.0,0.5,3,1,48.999999999693756,52.066666666319556,784,16,781,15
S1,GMR-Symmetric,50,0,DT,0.01990049751243781,0.4949238578680203,0.0,0.4949238578680203,3,1,48.999999999693756,52.066666666319556,784,16,781,15
S1,GMR-Symmetric,50,42,KNN,0.2956645344705046,0.7271573604060914,0.0,0.5,0,1,48.999999999693756,52.26666666631822,784,16,784,15
S1,GMR-Symmetric,50,42,RF,0.03857928101428342,0.6598984771573604,0.0,0.5,0,1,48.999999999693756,52.26666666631822,784,16,784,15
S1,GMR-Symmetric,50,42,LR,0.029064185989939446,0.5964467005076142,0.0,0.5,0,1,48.999999999693756,52.26666666631822,784,16,784,15
S1,GMR-Symmetric,50,42,DT,0.01990049751243781,0.4949238578680203,0.0,0.4949238578680203,0,1,48.999999999693756,52.26666666631822,784,16,784,15
S1,GMR-Symmetric,50,123,KNN,0.2857142857142857,0.9670050761421319,0.0,0.5,1,1,48.999999999693756,52.199999999652,784,16,783,15
S1,GMR-Symmetric,50,123,RF,0.305952380952381,0.9670050761421319,0.0,0.49746192893401014,1,1,48.999999999693756,52.199999999652,784,16,783,15
S1,GMR-Symmetric,50,123,LR,0.022426952432349087,0.4593908629441624,0.0,0.5,1,1,48.999999999693756,52.199999999652,784,16,783,15
S1,GMR-Symmetric,50,123,DT,0.01990049751243781,0.48984771573604063,0.0,0.48984771573604063,1,1,48.999999999693756,52.199999999652,784,16,783,15
S1,GMR-Symmetric,50,456,KNN,0.09825870646766169,0.5932741116751269,0.0,0.5,2,1,48.999999999693756,52.13333333298578,784,16,782,15
S1,GMR-Symmetric,50,456,RF,0.06897802653399668,0.6763959390862945,0.0,0.5,2,1,48.999999999693756,52.13333333298578,784,16,782,15
S1,GMR-Symmetric,50,456,LR,0.0301868076685989,0.6091370558375635,0.0,0.5,2,1,48.999999999693756,52.13333333298578,784,16,782,15
S1,GMR-Symmetric,50,456,DT,0.01990049751243781,0.49238578680203043,0.0,0.49238578680203043,2,1,48.999999999693756,52.13333333298578,784,16,782,15
S1,GMR-Symmetric,50,456,XGB,0.09294692157595383,0.8483502538071066,0.0,0.49746192893401014,2,1,48.999999999693756,52.13333333298578,784,16,782,15
S1,GMR-Symmetric,50,789,KNN,0.10085933966530981,0.7258883248730965,0.0,0.5,1,1,48.999999999693756,52.199999999652,784,16,783,15
S1,GMR-Symmetric,50,789,RF,0.13495024875621892,0.7055837563451777,0.0,0.5,1,1,48.999999999693756,52.199999999652,784,16,783,15
S1,GMR-Symmetric,50,789,LR,0.02667704410523071,0.5596446700507614,0.0,0.5,1,1,48.999999999693756,52.199999999652,784,16,783,15
S1,GMR-Symmetric,50,789,DT,0.01990049751243781,0.4949238578680203,0.0,0.4949238578680203,1,1,48.999999999693756,52.199999999652,784,16,783,15
S1,GMR-Symmetric,100,0,KNN,0.009950248756218905,0.4824120603015075,0.0,0.49748743718592964,0,0,87.88888888791234,87.88888888791234,791,9,791,9
S1,GMR-Symmetric,100,0,RF,0.009950248756218905,0.4396984924623116,0.0,0.5,0,0,87.88888888791234,87.88888888791234,791,9,791,9
S1,GMR-Symmetric,100,0,LR,0.016418644693149673,0.4547738693467337,0.0,0.5,0,0,87.88888888791234,87.88888888791234,791,9,791,9
S1,GMR-Symmetric,100,0,DT,0.009950248756218905,0.49246231155778897,0.0,0.49246231155778897,0,0,87.88888888791234,87.88888888791234,791,9,791,9
S1,GMR-Symmetric,100,0,XGB,0.011148066026114806,0.3630653266331658,0.0,0.5,0,0,87.88888888791234,87.88888888791234,791,9,791,9
S1,GMR-Symmetric,100,42,KNN,0.046641791044776115,0.7223618090452261,0.0,0.5,0,0,87.88888888791234,87.88888888791234,791,9,791,9
S1,GMR-Symmetric,100,42,RF,0.13247863247863248,0.9610552763819096,0.0,0.5,0,0,87.88888888791234,87.88888888791234,791,9,791,9
S1,GMR-Symmetric,100,42,LR,0.01886178861788618,0.6130653266331658,0.0,0.5,0,0,87.88888888791234,87.88888888791234,791,9,791,9
S1,GMR-Symmetric,100,42,DT,0.009950248756218905,0.49748743718592964,0.0,0.49748743718592964,0,0,87.88888888791234,87.88888888791234,791,9,791,9
S1,GMR-Symmetric,100,123,KNN,0.625,0.992462311557789,0.0,0.5,0,0,87.88888888791234,87.88888888791234,791,9,791,9
S1,GMR-Symmetric,100,123,RF,0.6666666666666666,0.9912060301507538,0.0,0.5,0,0,87.88888888791234,87.88888888791234,791,9,791,9
S1,GMR-Symmetric,100,123,LR,0.01608643457382953,0.5477386934673367,0.0,0.5,0,0,87.88888888791234,87.88888888791234,791,9,791,9
S1,GMR-Symmetric,100,123,DT,0.009950248756218905,0.49748743718592964,0.0,0.49748743718592964,0,0,87.88888888791234,87.88888888791234,791,9,791,9
S1,GMR-Symmetric,100,456,KNN,0.06747512437810946,0.7324120603015075,0.0,0.5,0,0,87.88888888791234,87.88888888791234,791,9,791,9
S1,GMR-Symmetric,100,456,RF,0.07125000000000001,0.9183417085427137,0.0,0.5,0,0,87.88888888791234,87.88888888791234,791,9,791,9
S1,GMR-Symmetric,100,456,LR,0.016750305167503053,0.5703517587939698,0.0,0.5,0,0,87.88888888791234,87.88888888791234,791,9,791,9
S1,GMR-Symmetric,100,456,DT,0.009950248756218905,0.49748743718592964,0.0,0.49748743718592964,0,0,87.88888888791234,87.88888888791234,791,9,791,9
S1,GMR-Symmetric,100,456,XGB,0.027045300878972278,0.6809045226130653,0.0,0.5,0,0,87.88888888791234,87.88888888791234,791,9,791,9
S1,GMR-Symmetric,100,789,KNN,0.060530679933665,0.7286432160804021,0.0,0.5,0,0,87.88888888791234,87.88888888791234,791,9,791,9
S1,GMR-Symmetric,100,789,RF,0.15555555555555556,0.9585427135678393,0.0,0.5,0,0,87.88888888791234,87.88888888791234,791,9,791,9
S1,GMR-Symmetric,100,789,LR,0.015323891339679591,0.5276381909547738,0.0,0.5,0,0,87.88888888791234,87.88888888791234,791,9,791,9
S1,GMR-Symmetric,100,789,DT,0.009950248756218905,0.49748743718592964,0.0,0.49748743718592964,0,0,87.88888888791234,87.88888888791234,791,9,791,9
S1,GMR-Full,50,0,KNN,0.13495024875621892,0.7277918781725887,0.0,0.49746192893401014,3,1,48.999999999693756,52.066666666319556,784,16,781,15
S1,GMR-Full,50,0,RF,0.12453358208955223,0.6871827411167513,0.0,0.5,3,1,48.999999999693756,52.066666666319556,784,16,781,15
S1,GMR-Full,50,0,LR,0.03313617771287704,0.6484771573604061,0.0,0.5,3,1,48.999999999693756,52.066666666319556,784,16,781,15
S1,GMR-Full,50,0,DT,0.01990049751243781,0.4949238578680203,0.0,0.4949238578680203,3,1,48.999999999693756,52.066666666319556,784,16,781,15
S1,GMR-Full,50,42,KNN,0.2956645344705046,0.7271573604060914,0.0,0.5,0,1,48.999999999693756,52.26666666631822,784,16,784,15
S1,GMR-Full,50,42,RF,0.03857928101428342,0.6598984771573604,0.0,0.5,0,1,48.999999999693756,52.26666666631822,784,16,784,15
S1,GMR-Full,50,42,LR,0.029064185989939446,0.5964467005076142,0.0,0.5,0,1,48.999999999693756,52.26666666631822,784,16,784,15
S1,GMR-Full,50,42,DT,0.01990049751243781,0.4949238578680203,0.0,0.4949238578680203,0,1,48.999999999693756,52.26666666631822,784,16,784,15
S1,GMR-Full,50,123,KNN,0.2857142857142857,0.9670050761421319,0.0,0.5,1,1,48.999999999693756,52.199999999652,784,16,783,15
S1,GMR-Full,50,123,RF,0.305952380952381,0.9670050761421319,0.0,0.49746192893401014,1,1,48.999999999693756,52.199999999652,784,16,783,15
S1,GMR-Full,50,123,LR,0.022426952432349087,0.4593908629441624,0.0,0.5,1,1,48.999999999693756,52.199999999652,784,16,783,15
S1,GMR-Full,50,123,DT,0.01990049751243781,0.48984771573604063,0.0,0.48984771573604063,1,1,48.999999999693756,52.199999999652,784,16,783,15
S1,GMR-Full,50,456,KNN,0.09825870646766169,0.5932741116751269,0.0,0.5,2,1,48.999999999693756,52.13333333298578,784,16,782,15
S1,GMR-Full,50,456,RF,0.06897802653399668,0.6763959390862945,0.0,0.5,2,1,48.999999999693756,52.13333333298578,784,16,782,15
S1,GMR-Full,50,456,LR,0.0301868076685989,0.6091370558375635,0.0,0.5,2,1,48.999999999693756,52.13333333298578,784,16,782,15
S1,GMR-Full,50,456,DT,0.01990049751243781,0.49238578680203043,0.0,0.49238578680203043,2,1,48.999999999693756,52.13333333298578,784,16,782,15
S1,GMR-Full,50,789,KNN,0.10085933966530981,0.7258883248730965,0.0,0.5,1,1,48.999999999693756,52.199999999652,784,16,783,15
S1,GMR-Full,50,789,RF,0.13495024875621892,0.7055837563451777,0.0,0.5,1,1,48.999999999693756,52.199999999652,784,16,783,15
S1,GMR-Full,50,789,LR,0.02667704410523071,0.5596446700507614,0.0,0.5,1,1,48.999999999693756,52.199999999652,784,16,783,15
S1,GMR-Full,50,789,DT,0.01990049751243781,0.4949238578680203,0.0,0.4949238578680203,1,1,48.999999999693756,52.199999999652,784,16,783,15
S1,GMR-Full,100,0,KNN,0.009950248756218905,0.4824120603015075,0.0,0.49748743718592964,0,0,87.88888888791234,87.88888888791234,791,9,791,9
S1,GMR-Full,100,0,RF,0.009950248756218905,0.4396984924623116,0.0,0.5,0,0,87.88888888791234,87.88888888791234,791,9,791,9
S1,GMR-Full,100,0,LR,0.016418644693149673,0.4547738693467337,0.0,0.5,0,0,87.88888888791234,87.88888888791234,791,9,791,9
S1,GMR-Full,100,0,DT,0.009950248756218905,0.49246231155778897,0.0,0.49246231155778897,0,0,87.88888888791234,87.88888888791234,791,9,791,9
S1,GMR-Full,100,42,KNN,0.046641791044776115,0.7223618090452261,0.0,0.5,0,0,87.88888888791234,87.88888888791234,791,9,791,9
S1,GMR-Full,100,42,RF,0.13247863247863248,0.9610552763819096,0.0,0.5,0,0,87.88888888791234,87.88888888791234,791,9,791,9
S1,GMR-Full,100,42,LR,0.01886178861788618,0.6130653266331658,0.0,0.5,0,0,87.88888888791234,87.88888888791234,791,9,791,9
S1,GMR-Full,100,42,DT,0.009950248756218905,0.49748743718592964,0.0,0.49748743718592964,0,0,87.88888888791234,87.88888888791234,791,9,791,9
S1,GMR-Full,100,123,KNN,0.625,0.992462311557789,0.0,0.5,0,0,87.88888888791234,87.88888888791234,791,9,791,9
S1,GMR-Full,100,123,RF,0.6666666666666666,0.9912060301507538,0.0,0.5,0,0,87.88888888791234,87.88888888791234,791,9,791,9
S1,GMR-Full,100,123,LR,0.01608643457382953,0.5477386934673367,0.0,0.5,0,0,87.88888888791234,87.88888888791234,791,9,791,9
S1,GMR-Full,100,123,DT,0.009950248756218905,0.49748743718592964,0.0,0.49748743718592964,0,0,87.88888888791234,87.88888888791234,791,9,791,9
S1,GMR-Full,100,456,KNN,0.06747512437810946,0.7324120603015075,0.0,0.5,0,0,87.88888888791234,87.88888888791234,791,9,791,9
S1,GMR-Full,100,456,RF,0.07125000000000001,0.9183417085427137,0.0,0.5,0,0,87.88888888791234,87.88888888791234,791,9,791,9
S1,GMR-Full,100,456,LR,0.016750305167503053,0.5703517587939698,0.0,0.5,0,0,87.88888888791234,87.88888888791234,791,9,791,9
S1,GMR-Full,100,456,DT,0.009950248756218905,0.49748743718592964,0.0,0.49748743718592964,0,0,87.88888888791234,87.88888888791234,791,9,791,9
S1,GMR-Full,100,789,KNN,0.060530679933665,0.7286432160804021,0.0,0.5,0,0,87.88888888791234,87.88888888791234,791,9,791,9
S1,GMR-Full,100,789,RF,0.15555555555555556,0.9585427135678393,0.0,0.5,0,0,87.88888888791234,87.88888888791234,791,9,791,9
S1,GMR-Full,100,789,LR,0.015323891339679591,0.5276381909547738,0.0,0.5,0,0,87.88888888791234,87.88888888791234,791,9,791,9
S1,GMR-Full,100,789,DT,0.009950248756218905,0.49748743718592964,0.0,0.49748743718592964,0,0,87.88888888791234,87.88888888791234,791,9,791,9
S2,None,10,0,KNN,1.0,1.0,1.0,1.0,0,0,5.55555555554784,5.55555555554784,400,72,400,72
S2,None,10,0,RF,1.0,1.0,1.0,1.0,0,0,5.55555555554784,5.55555555554784,400,72,400,72
S2,None,10,0,LR,0.48074709354832446,0.5433333333333333,0.0,0.5,0,0,5.55555555554784,5.55555555554784,400,72,400,72
S2,None,10,0,DT,1.0,1.0,1.0,1.0,0,0,5.55555555554784,5.55555555554784,400,72,400,72
S2,None,10,42,KNN,1.0,1.0,1.0,1.0,0,0,5.55555555554784,5.55555555554784,400,72,400,72
S2,None,10,42,RF,1.0,1.0,1.0,1.0,0,0,5.55555555554784,5.55555555554784,400,72,400,72
S2,None,10,42,LR,0.5341287362486888,0.663888888888889,0.0,0.5,0,0,5.55555555554784,5.55555555554784,400,72,400,72
S2,None,10,42,DT,1.0,1.0,1.0,1.0,0,0,5.55555555554784,5.55555555554784,400,72,400,72
S2,None,10,123,KNN,1.0,1.0,1.0,1.0,0,0,5.55555555554784,5.55555555554784,400,72,400,72
S2,None,10,123,RF,1.0,1.0,1.0,1.0,0,0,5.55555555554784,5.55555555554784,400,72,400,72
S2,None,10,123,LR,0.344263019985826,0.4344444444444444,0.0,0.5,0,0,5.55555555554784,5.55555555554784,400,72,400,72
S2,None,10,123,DT,1.0,1.0,1.0,1.0,0,0,5.55555555554784,5.55555555554784,400,72,400,72
S2,None,10,456,KNN,1.0,1.0,1.0,1.0,0,0,5.55555555554784,5.55555555554784,400,72,400,72
S2,None,10,456,RF,1.0,1.0,1.0,1.0,0,0,5.55555555554784,5.55555555554784,400,72,400,72
S2,None,10,456,LR,0.38520426953775044,0.5222222222222223,0.0,0.5,0,0,5.55555555554784,5.55555555554784,400,72,400,72
S2,None,10,456,DT,1.0,1.0,1.0,1.0,0,0,5.55555555554784,5.55555555554784,400,72,400,72
S2,None,10,789,KNN,1.0,1.0,1.0,1.0,0,0,5.55555555554784,5.55555555554784,400,72,400,72
S2,None,10,789,RF,1.0,1.0,1.0,1.0,0,0,5.55555555554784,5.55555555554784,400,72,400,72
S2,None,10,789,LR,0.39514060322252065,0.49166666666666664,0.0,0.5,0,0,5.55555555554784,5.55555555554784,400,72,400,72
S2,None,10,789,DT,1.0,1.0,1.0,1.0,0,0,5.55555555554784,5.55555555554784,400,72,400,72
S2,None,20,0,KNN,1.0,1.0,1.0,1.0,0,0,10.499999999972369,10.499999999972369,399,38,399,38
S2,None,20,0,RF,1.0,1.0,1.0,1.0,0,0,10.499999999972369,10.499999999972369,399,38,399,38
S2,None,20,0,LR,0.290807143071149,0.4763476347634763,0.0,0.5,0,0,10.499999999972369,10.499999999972369,399,38,399,38
S2,None,20,0,DT,1.0,1.0,1.0,1.0,0,0,10.499999999972369,10.499999999972369,399,38,399,38
S2,None,20,42,KNN,1.0,1.0,1.0,1.0,0,0,10.499999999972369,10.499999999972369,399,38,399,38
S2,None,20,42,RF,1.0000000000000002,1.0,1.0,1.0,0,0,10.499999999972369,10.499999999972369,399,38,399,38
S2,None,20,42,LR,0.5157376174672548,0.6622662266226622,0.0,0.5,0,0,10.499999999972369,10.499999999972369,399,38,399,38
S2,None,20,42,DT,1.0,1.0,1.0,1.0,0,0,10.499999999972369,10.499999999972369,399,38,399,38
S2,None,20,123,KNN,1.0,1.0,0.9411764705882353,0.9444444444444444,0,0,10.499999999972369,10.499999999972369,399,38,399,38
S2,None,20,123,RF,1.0,1.0,1.0,1.0,0,0,10.499999999972369,10.499999999972369,399,38,399,38
S2,None,20,123,LR,0.1898091035532442,0.4499449944994499,0.0,0.5,0,0,10.499999999972369,10.499999999972369,399,38,399,38
S2,None,20,123,DT,0.9,0.995049504950495,0.9473684210526316,0.995049504950495,0,0,10.499999999972369,10.499999999972369,399,38,399,38
S2,None,20,456,KNN,1.0,1.0,0.9411764705882353,0.9444444444444444,0,0,10.499999999972369,10.499999999972369,399,38,399,38
S2,None,20,456,RF,1.0,1.0,1.0,1.0,0,0,10.499999999972369,10.499999999972369,399,38,399,38
S2,None,20,456,LR,0.27146121067087264,0.3245324532453245,0.0,0.5,0,0,10.499999999972369,10.499999999972369,399,38,399,38
S2,None,20,456,DT,1.0,1.0,1.0,1.0,0,0,10.499999999972369,10.499999999972369,399,38,399,38
S2,None,20,789,KNN,1.0,1.0,0.9411764705882353,0.9444444444444444,0,0,10.499999999972369,10.499999999972369,399,38,399,38
S2,None,20,789,RF,1.0,1.0,1.0,1.0,0,0,10.499999999972369,10.499999999972369,399,38,399,38
S2,None,20,789,LR,0.5498151154401154,0.6831683168316832,0.0,0.5,0,0,10.499999999972369,10.499999999972369,399,38,399,38
S2,None,20,789,DT,1.0,1.0,1.0,1.0,0,0,10.499999999972369,10.499999999972369,399,38,399,38
S2,None,20,789,XGB,1.0,1.0,1.0,1.0,0,0,10.499999999972369,10.499999999972369,399,38,399,38
S2,None,50,0,KNN,1.0,1.0,0.0,0.5,0,0,26.66666666648889,26.66666666648889,400,15,400,15
S2,None,50,0,RF,1.0,1.0,1.0,1.0,0,0,26.66666666648889,26.66666666648889,400,15,400,15
S2,None,50,0,LR,0.5213710901913149,0.61,0.0,0.5,0,0,26.66666666648889,26.66666666648889,400,15,400,15
S2,None,50,0,DT,1.0,1.0,1.0,1.0,0,0,26.66666666648889,26.66666666648889,400,15,400,15
S2,None,50,42,KNN,1.0,1.0,0.0,0.5,0,0,26.66666666648889,26.66666666648889,400,15,400,15
S2,None,50,42,RF,1.0,1.0,1.0,1.0,0,0,26.66666666648889,26.66666666648889,400,15,400,15
S2,None,50,42,LR,0.2854154565319614,0.4375,0.0,0.5,0,0,26.66666666648889,26.66666666648889,400,15,400,15
S2,None,50,42,DT,1.0,1.0,1.0,1.0,0,0,26.66666666648889,26.66666666648889,400,15,400,15
S2,None,50,42,XGB,0.875,0.99125,0.8571428571428571,0.875,0,0,26.66666666648889,26.66666666648889,400,15,400,15
S2,None,50,123,KNN,1.0,1.0,0.4,0.625,0,0,26.66666666648889,26.66666666648889,400,15,400,15
S2,None,50,123,RF,1.0,1.0,1.0,1.0,0,0,26.66666666648889,26.66666666648889,400,15,400,15
S2,None,50,123,LR,0.5180423509075194,0.535,0.0,0.5,0,0,26.66666666648889,26.66666666648889,400,15,400,15
S2,None,50,123,DT,1.0,1.0,1.0,1.0,0,0,26.66666666648889,26.66666666648889,400,15,400,15
S2,None,50,456,KNN,1.0,1.0,0.4,0.625,0,0,26.66666666648889,26.66666666648889,400,15,400,15
S2,None,50,456,RF,1.0,1.0,1.0,1.0,0,0,26.66666666648889,26.66666666648889,400,15,400,15
S2,None,50,456,LR,0.7596153846153846,0.75,0.0,0.5,0,0,26.66666666648889,26.66666666648889,400,15,400,15
S2,None,50,456,DT,1.0,1.0,1.0,1.0,0,0,26.66666666648889,26.66666666648889,400,15,400,15
S2,None,50,789,KNN,0.7596153846153846,0.875,0.4,0.625,0,0,26.66666666648889,26.66666666648889,400,15,400,15
S2,None,50,789,RF,1.0,1.0,1.0,1.0,0,0,26.66666666648889,26.66666666648889,400,15,400,15
S2,None,50,789,LR,0.7649253731343284,0.8425,0.0,0.5,0,0,26.66666666648889,26.66666666648889,400,15,400,15
S2,None,50,789,DT,1.0,1.0,1.0,1.0,0,0,26.66666666648889,26.66666666648889,400,15,400,15
S2,None,100,0,KNN,1.0,1.0,0.0,0.5,0,0,49.999999999375,49.999999999375,400,8,400,8
S2,None,100,0,RF,1.0,1.0,1.0,1.0,0,0,49.999999999375,49.999999999375,400,8,400,8
S2,None,100,0,LR,0.5098039215686274,0.5,0.0,0.5,0,0,49.999999999375,49.999999999375,400,8,400,8
S2,None,100,0,DT,1.0,1.0,1.0,1.0,0,0,49.999999999375,49.999999999375,400,8,400,8
S2,None,100,42,KNN,0.0196078431372549,0.5,0.0,0.5,0,0,49.999999999375,49.999999999375,400,8,400,8
S2,None,100,42,RF,0.5098039215686274,0.745,0.6666666666666666,0.75,0,0,49.999999999375,49.999999999375,400,8,400,8
S2,None,100,42,LR,0.014854426619132503,0.010000000000000009,0.0,0.5,0,0,49.999999999375,49.999999999375,400,8,400,8
S2,None,100,42,DT,0.5098039215686274,0.75,0.6666666666666666,0.75,0,0,49.999999999375,49.999999999375,400,8,400,8
S2,None,100,123,KNN,0.5098039215686274,0.75,0.0,0.5,0,0,49.999999999375,49.999999999375,400,8,400,8
S2,None,100,123,RF,1.0,1.0,0.0,0.5,0,0,49.999999999375,49.999999999375,400,8,400,8
S2,None,100,123,LR,0.022399203583872575,0.36,0.0,0.5,0,0,49.999999999375,49.999999999375,400,8,400,8
S2,None,100,123,DT,1.0,1.0,1.0,1.0,0,0,49.999999999375,49.999999999375,400,8,400,8
S2,None,100,456,KNN,0.5098039215686274,0.75,0.0,0.5,0,0,49.999999999375,49.999999999375,400,8,400,8
S2,None,100,456,RF,1.0,1.0,0.6666666666666666,0.75,0,0,49.999999999375,49.999999999375,400,8,400,8
S2,None,100,456,LR,0.5098039215686274,0.5,0.0,0.5,0,0,49.999999999375,49.999999999375,400,8,400,8
S2,None,100,456,DT,1.0,1.0,1.0,1.0,0,0,49.999999999375,49.999999999375,400,8,400,8
S2,None,100,789,KNN,0.5098039215686274,0.75,0.0,0.5,0,0,49.999999999375,49.999999999375,400,8,400,8
S2,None,100,789,RF,1.0,1.0,1.0,1.0,0,0,49.999999999375,49.999999999375,400,8,400,8
S2,None,100,789,LR,0.5098039215686274,0.5,0.0,0.5,0,0,49.999999999375,49.999999999375,400,8,400,8
S2,None,100,789,DT,1.0,1.0,1.0,1.0,0,0,49.999999999375,49.999999999375,400,8,400,8
S2,SMOTE,10,0,KNN,1.0,1.0,1.0,1.0,0,-328,5.55555555554784,0.99999999999975,400,72,400,400
S2,SMOTE,10,0,RF,1.0,1.0,1.0,1.0,0,-328,5.55555555554784,0.99999999999975,400,72,400,400
S2,SMOTE,10,0,LR,0.40576417559103317,0.5105555555555557,0.2702702702702703,0.5477777777777778,0,-328,5.55555555554784,0.99999999999975,400,72,400,400
S2,SMOTE,10,0,DT,1.0,1.0,1.0,1.0,0,-328,5.55555555554784,0.99999999999975,400,72,400,400
S2,SMOTE,10,42,KNN,1.0,1.0,1.0,1.0,0,-328,5.55555555554784,0.99999999999975,400,72,400,400
S2,SMOTE,10,42,RF,1.0,1.0,0.972972972972973,0.995,0,-328,5.55555555554784,0.99999999999975,400,72,400,400
S2,SMOTE,10,42,LR,0.5325444536341625,0.6738888888888889,0.3466666666666667,0.6411111111111112,0,-328,5.55555555554784,0.99999999999975,400,72,400,400
S2,SMOTE,10,42,DT,0.9473684210526315,0.995,0.972972972972973,0.995,0,-328,5.55555555554784,0.99999999999975,400,72,400,400
S2,SMOTE,10,123,KNN,1.0,1.0,1.0,1.0,0,-328,5.55555555554784,0.99999999999975,400,72,400,400
S2,SMOTE,10,123,RF,1.0,1.0,0.972972972972973,0.995,0,-328,5.55555555554784,0.99999999999975,400,72,400,400
S2,SMOTE,10,123,LR,0.3759984451551325,0.4216666666666667,0.15189873417721517,0.39166666666666666,0,-328,5.55555555554784,0.99999999999975,400,72,400,400
S2,SMOTE,10,123,DT,0.9473684210526315,0.995,0.972972972972973,0.995,0,-328,5.55555555554784,0.99999999999975,400,72,400,400
S2,SMOTE,10,456,KNN,1.0,1.0,1.0,1.0,0,-328,5.55555555554784,0.99999999999975,400,72,400,400
S2,SMOTE,10,456,RF,1.0,1.0,1.0,1.0,0,-328,5.55555555554784,0.99999999999975,400,72,400,400
S2,SMOTE,10,456,LR,0.5334349882336394,0.5655555555555556,0.2298850574712644,0.48277777777777775,0,-328,5.55555555554784,0.99999999999975,400,72,400,400
S2,SMOTE,10,456,DT,1.0,1.0,1.0,1.0,0,-328,5.55555555554784,0.99999999999975,400,72,400,400
S2,SMOTE,10,789,KNN,1.0,1.0,1.0,1.0,0,-328,5.55555555554784,0.99999999999975,400,72,400,400
S2,SMOTE,10,789,RF,1.0,1.0,1.0,1.0,0,-328,5.55555555554784,0.99999999999975,400,72,400,400
S2,SMOTE,10,789,LR,0.40873017574899495,0.483888888888889,0.2278481012658228,0.49,0,-328,5.55555555554784,0.99999999999975,400,72,400,400
S2,SMOTE,10,789,DT,0.9529190207156308,0.9722222222222222,0.9714285714285714,0.9722222222222222,0,-328,5.55555555554784,0.99999999999975,400,72,400,400
S2,SMOTE,20,0,KNN,1.0,1.0,1.0,1.0,0,-361,10.499999999972369,0.9999999999997494,399,38,399,399
S2,SMOTE,20,0,RF,1.0,1.0,0.9473684210526316,0.995049504950495,0,-361,10.499999999972369,0.9999999999997494,399,38,399,399
S2,SMOTE,20,0,LR,0.292725360329714,0.4752475247524752,0.14545454545454548,0.5143014301430142,0,-361,10.499999999972369,0.9999999999997494,399,38,399,399
S2,SMOTE,20,0,DT,1.0,1.0,1.0,1.0,0,-361,10.499999999972369,0.9999999999997494,399,38,399,399
S2,SMOTE,20,42,KNN,1.0,1.0,1.0,1.0,0,-361,10.499999999972369,0.9999999999997494,399,38,399,399
S2,SMOTE,20,42,RF,1.0,1.0,0.9473684210526316,0.995049504950495,0,-361,10.499999999972369,0.9999999999997494,399,38,399,399
S2,SMOTE,20,42,LR,0.5584985763372163,0.6864686468646864,0.21052631578947367,0.6254125412541254,0,-361,10.499999999972369,0.9999999999997494,399,38,399,399
S2,SMOTE,20,42,DT,0.9,0.995049504950495,0.9473684210526316,0.995049504950495,0,-361,10.499999999972369,0.9999999999997494,399,38,399,399
S2,SMOTE,20,123,KNN,1.0,1.0,1.0,1.0,0,-361,10.499999999972369,0.9999999999997494,399,38,399,399
S2,SMOTE,20,123,RF,1.0,1.0,1.0,1.0,0,-361,10.499999999972369,0.9999999999997494,399,38,399,399
S2,SMOTE,20,123,LR,0.31772454239324777,0.5137513751375137,0.13793103448275862,0.49944994499449946,0,-361,10.499999999972369,0.9999999999997494,399,38,399,399
S2,SMOTE,20,123,DT,0.9,0.995049504950495,0.9473684210526316,0.995049504950495,0,-361,10.499999999972369,0.9999999999997494,399,38,399,399
S2,SMOTE,20,456,KNN,1.0,1.0,1.0,1.0,0,-361,10.499999999972369,0.9999999999997494,399,38,399,399
S2,SMOTE,20,456,RF,1.0,1.0,0.9411764705882353,0.9444444444444444,0,-361,10.499999999972369,0.9999999999997494,399,38,399,399
S2,SMOTE,20,456,LR,0.27491880230209853,0.34983498349834985,0.09836065573770493,0.42409240924092406,0,-361,10.499999999972369,0.9999999999997494,399,38,399,399
S2,SMOTE,20,456,DT,0.9,0.995049504950495,0.9473684210526316,0.995049504950495,0,-361,10.499999999972369,0.9999999999997494,399,38,399,399
S2,SMOTE,20,789,KNN,1.0,1.0,1.0,1.0,0,-361,10.499999999972369,0.9999999999997494,399,38,399,399
S2,SMOTE,20,789,RF,1.0,1.0,1.0,1.0,0,-361,10.499999999972369,0.9999999999997494,399,38,399,399
S2,SMOTE,20,789,LR,0.4402893312865391,0.6545654565456546,0.17910447761194032,0.5759075907590758,0,-361,10.499999999972369,0.9999999999997494,399,38,399,399
S2,SMOTE,20,789,DT,1.0,1.0,1.0,1.0,0,-361,10.499999999972369,0.9999999999997494,399,38,399,399
S2,SMOTE,50,0,KNN,1.0,1.0,1.0,1.0,0,-385,26.66666666648889,0.99999999999975,400,15,400,400
S2,SMOTE,50,0,RF,1.0,1.0,1.0,1.0,0,-385,26.66666666648889,0.99999999999975,400,15,400,400
S2,SMOTE,50,0,LR,0.5171153846153845,0.5075000000000001,0.0975609756097561,0.575,0,-385,26.66666666648889,0.99999999999975,400,15,400,400
S2,SMOTE,50,0,DT,1.0,1.0,1.0,1.0,0,-385,26.66666666648889,0.99999999999975,400,15,400,400
S2,SMOTE,50,42,KNN,1.0,1.0,1.0,1.0,0,-385,26.66666666648889,0.99999999999975,400,15,400,400
S2,SMOTE,50,42,RF,1.0,1.0,0.888888888888889,0.995,0,-385,26.66666666648889,0.99999999999975,400,15,400,400
S2,SMOTE,50,42,LR,0.2797174508339557,0.4075,0.08888888888888888,0.5549999999999999,0,-385,26.66666666648889,0.99999999999975,400,15,400,400
S2,SMOTE,50,42,DT,0.6666666666666666,0.99,0.8,0.99,0,-385,26.66666666648889,0.99999999999975,400,15,400,400
S2,SMOTE,50,123,KNN,1.0,1.0,1.0,1.0,0,-385,26.66666666648889,0.99999999999975,400,15,400,400
S2,SMOTE,50,123,RF,1.0,1.0,1.0,1.0,0,-385,26.66666666648889,0.99999999999975,400,15,400,400
S2,SMOTE,50,123,LR,0.5173473433782712,0.515,0.08333333333333334,0.54,0,-385,26.66666666648889,0.99999999999975,400,15,400,400
S2,SMOTE,50,123,DT,1.0,1.0,1.0,1.0,0,-385,26.66666666648889,0.99999999999975,400,15,400,400
S2,SMOTE,50,456,KNN,1.0,1.0,1.0,1.0,0,-385,26.66666666648889,0.99999999999975,400,15,400,400
S2,SMOTE,50,456,RF,1.0,1.0,1.0,1.0,0,-385,26.66666666648889,0.99999999999975,400,15,400,400
S2,SMOTE,50,456,LR,0.7596153846153846,0.75,0.1714285714285714,0.735,0,-385,26.66666666648889,0.99999999999975,400,15,400,400
S2,SMOTE,50,456,DT,0.8,0.995,0.888888888888889,0.995,0,-385,26.66666666648889,0.99999999999975,400,15,400,400
S2,SMOTE,50,789,KNN,0.7596153846153846,0.875,0.8571428571428571,0.875,0,-385,26.66666666648889,0.99999999999975,400,15,400,400
S2,SMOTE,50,789,RF,1.0,1.0,1.0,1.0,0,-385,26.66666666648889,0.99999999999975,400,15,400,400
S2,SMOTE,50,789,LR,0.7647058823529411,0.84,0.10344827586206895,0.62,0,-385,26.66666666648889,0.99999999999975,400,15,400,400
S2,SMOTE,50,789,DT,1.0,1.0,1.0,1.0,0,-385,26.66666666648889,0.99999999999975,400,15,400,400
S2,SMOTE,100,0,KNN,0.6666666666666666,0.9949999999999999,0.33333333333333337,0.96,0,-392,49.999999999375,0.99999999999975,400,8,400,400
S2,SMOTE,100,0,RF,1.0,1.0,0.5,0.98,0,-392,49.999999999375,0.99999999999975,400,8,400,400
S2,SMOTE,100,0,LR,0.5098039215686274,0.5,0.03448275862068965,0.475,0,-392,49.999999999375,0.99999999999975,400,8,400,400
S2,SMOTE,100,0,DT,0.13333333333333333,0.935,0.23529411764705882,0.935,0,-392,49.999999999375,0.99999999999975,400,8,400,400
S2,SMOTE,100,42,KNN,0.5098039215686274,0.72,0.6666666666666666,0.75,0,-392,49.999999999375,0.99999999999975,400,8,400,400
S2,SMOTE,100,42,RF,0.25980392156862747,0.635,0.5,0.745,0,-392,49.999999999375,0.99999999999975,400,8,400,400
S2,SMOTE,100,42,LR,0.014803921568627452,0.0050000000000000044,0.0,0.37,0,-392,49.999999999375,0.99999999999975,400,8,400,400
S2,SMOTE,100,42,DT,0.1764705882352941,0.74,0.4,0.74,0,-392,49.999999999375,0.99999999999975,400,8,400,400
S2,SMOTE,100,123,KNN,1.0,1.0,0.8,0.995,0,-392,49.999999999375,0.99999999999975,400,8,400,400
S2,SMOTE,100,123,RF,1.0,1.0,0.4444444444444445,0.975,0,-392,49.999999999375,0.99999999999975,400,8,400,400
S2,SMOTE,100,123,LR,0.18181818181818182,0.6699999999999999,0.03278688524590164,0.45999999999999996,0,-392,49.999999999375,0.99999999999975,400,8,400,400
S2,SMOTE,100,123,DT,0.2222222222222222,0.965,0.3636363636363636,0.9650000000000001,0,-392,49.999999999375,0.99999999999975,400,8,400,400
S2,SMOTE,100,456,KNN,0.5098039215686274,0.7124999999999999,0.3333333333333333,0.735,0,-392,49.999999999375,0.99999999999975,400,8,400,400
S2,SMOTE,100,456,RF,1.0,1.0,0.4,0.97,0,-392,49.999999999375,0.99999999999975,400,8,400,400
S2,SMOTE,100,456,LR,0.5098039215686274,0.5,0.07407407407407407,0.63,0,-392,49.999999999375,0.99999999999975,400,8,400,400
S2,SMOTE,100,456,DT,0.25,0.97,0.4,0.97,0,-392,49.999999999375,0.99999999999975,400,8,400,400
S2,SMOTE,100,789,KNN,1.0,1.0,0.5714285714285715,0.985,0,-392,49.999999999375,0.99999999999975,400,8,400,400
S2,SMOTE,100,789,RF,1.0,1.0,0.4,0.97,0,-392,49.999999999375,0.99999999999975,400,8,400,400
S2,SMOTE,100,789,LR,0.5098039215686274,0.5,0.04444444444444444,0.54,0,-392,49.999999999375,0.99999999999975,400,8,400,400
S2,SMOTE,100,789,DT,0.2857142857142857,0.975,0.4444444444444445,0.975,0,-392,49.999999999375,0.99999999999975,400,8,400,400
S2,Tomek,10,0,KNN,1.0,1.0,1.0,1.0,0,0,5.55555555554784,5.55555555554784,400,72,400,72
S2,Tomek,10,0,RF,1.0,1.0,1.0,1.0,0,0,5.55555555554784,5.55555555554784,400,72,400,72
S2,Tomek,10,0,LR,0.48074709354832446,0.5433333333333333,0.0,0.5,0,0,5.55555555554784,5.55555555554784,400,72,400,72
S2,Tomek,10,0,DT,1.0,1.0,1.0,1.0,0,0,5.55555555554784,5.55555555554784,400,72,400,72
S2,Tomek,10,42,KNN,1.0,1.0,1.0,1.0,0,0,5.55555555554784,5.55555555554784,400,72,400,72
S2,Tomek,10,42,RF,1.0,1.0,1.0,1.0,0,0,5.55555555554784,5.55555555554784,400,72,400,72
S2,Tomek,10,42,LR,0.5341287362486888,0.663888888888889,0.0,0.5,0,0,5.55555555554784,5.55555555554784,400,72,400,72
S2,Tomek,10,42,DT,1.0,1.0,1.0,1.0,0,0,5.55555555554784,5.55555555554784,400,72,400,72
S2,Tomek,10,123,KNN,1.0,1.0,1.0,1.0,0,0,5.55555555554784,5.55555555554784,400,72,400,72
S2,Tomek,10,123,RF,1.0,1.0,1.0,1.0,0,0,5.55555555554784,5.55555555554784,400,72,400,72
S2,Tomek,10,123,LR,0.344263019985826,0.4344444444444444,0.0,0.5,0,0,5.55555555554784,5.55555555554784,400,72,400,72
S2,Tomek,10,123,DT,1.0,1.0,1.0,1.0,0,0,5.55555555554784,5.55555555554784,400,72,400,72
S2,Tomek,10,456,KNN,1.0,1.0,1.0,1.0,0,0,5.55555555554784,5.55555555554784,400,72,400,72
S2,Tomek,10,456,RF,1.0,1.0,1.0,1.0,0,0,5.55555555554784,5.55555555554784,400,72,400,72
S2,Tomek,10,456,LR,0.38520426953775044,0.5222222222222223,0.0,0.5,0,0,5.55555555554784,5.55555555554784,400,72,400,72
S2,Tomek,10,456,DT,1.0,1.0,1.0,1.0,0,0,5.55555555554784,5.55555555554784,400,72,400,72
S2,Tomek,10,789,KNN,1.0,1.0,1.0,1.0,0,0,5.55555555554784,5.55555555554784,400,72,400,72
S2,Tomek,10,789,RF,1.0,1.0,1.0,1.0,0,0,5.55555555554784,5.55555555554784,400,72,400,72
S2,Tomek,10,789,LR,0.39514060322252065,0.49166666666666664,0.0,0.5,0,0,5.55555555554784,5.55555555554784,400,72,400,72
S2,Tomek,10,789,DT,1.0,1.0,1.0,1.0,0,0,5.55555555554784,5.55555555554784,400,72,400,72
S2,Tomek,20,0,KNN,1.0,1.0,1.0,1.0,0,0,10.499999999972369,10.499999999972369,399,38,399,38
S2,Tomek,20,0,RF,1.0,1.0,1.0,1.0,0,0,10.499999999972369,10.499999999972369,399,38,399,38
S2,Tomek,20,0,LR,0.290807143071149,0.4763476347634763,0.0,0.5,0,0,10.499999999972369,10.499999999972369,399,38,399,38
S2,Tomek,20,0,DT,1.0,1.0,1.0,1.0,0,0,10.499999999972369,10.499999999972369,399,38,399,38
S2,Tomek,20,42,KNN,1.0,1.0,1.0,1.0,0,0,10.499999999972369,10.499999999972369,399,38,399,38
S2,Tomek,20,42,RF,1.0000000000000002,1.0,1.0,1.0,0,0,10.499999999972369,10.499999999972369,399,38,399,38
S2,Tomek,20,42,LR,0.5157376174672548,0.6622662266226622,0.0,0.5,0,0,10.499999999972369,10.499999999972369,399,38,399,38
S2,Tomek,20,42,DT,1.0,1.0,1.0,1.0,0,0,10.499999999972369,10.499999999972369,399,38,399,38
S2,Tomek,20,123,KNN,1.0,1.0,0.9411764705882353,0.9444444444444444,0,0,10.499999999972369,10.499999999972369,399,38,399,38
S2,Tomek,20,123,RF,1.0,1.0,1.0,1.0,0,0,10.499999999972369,10.499999999972369,399,38,399,38
S2,Tomek,20,123,LR,0.1898091035532442,0.4499449944994499,0.0,0.5,0,0,10.499999999972369,10.499999999972369,399,38,399,38
S2,Tomek,20,123,DT,0.9,0.995049504950495,0.9473684210526316,0.995049504950495,0,0,10.499999999972369,10.499999999972369,399,38,399,38
S2,Tomek,20,456,KNN,1.0,1.0,0.9411764705882353,0.9444444444444444,0,0,10.499999999972369,10.499999999972369,399,38,399,38
S2,Tomek,20,456,RF,1.0,1.0,1.0,1.0,0,0,10.499999999972369,10.499999999972369,399,38,399,38
S2,Tomek,20,456,LR,0.27146121067087264,0.3245324532453245,0.0,0.5,0,0,10.499999999972369,10.499999999972369,399,38,399,38
S2,Tomek,20,456,DT,1.0,1.0,1.0,1.0,0,0,10.499999999972369,10.499999999972369,399,38,399,38
S2,Tomek,20,789,KNN,1.0,1.0,0.9411764705882353,0.9444444444444444,0,0,10.499999999972369,10.499999999972369,399,38,399,38
S2,Tomek,20,789,RF,1.0,1.0,1.0,1.0,0,0,10.499999999972369,10.499999999972369,399,38,399,38
S2,Tomek,20,789,LR,0.5498151154401154,0.6831683168316832,0.0,0.5,0,0,10.499999999972369,10.499999999972369,399,38,399,38
S2,Tomek,20,789,DT,1.0,1.0,1.0,1.0,0,0,10.499999999972369,10.499999999972369,399,38,399,38
S2,Tomek,50,0,KNN,1.0,1.0,0.0,0.5,0,0,26.66666666648889,26.66666666648889,400,15,400,15
S2,Tomek,50,0,RF,1.0,1.0,1.0,1.0,0,0,26.66666666648889,26.66666666648889,400,15,400,15
S2,Tomek,50,0,LR,0.5213710901913149,0.61,0.0,0.5,0,0,26.66666666648889,26.66666666648889,400,15,400,15
S2,Tomek,50,0,DT,1.0,1.0,1.0,1.0,0,0,26.66666666648889,26.66666666648889,400,15,400,15
S2,Tomek,50,42,KNN,1.0,1.0,0.0,0.5,0,0,26.66666666648889,26.66666666648889,400,15,400,15
S2,Tomek,50,42,RF,1.0,1.0,1.0,1.0,0,0,26.66666666648889,26.66666666648889,400,15,400,15
S2,Tomek,50,42,LR,0.2854154565319614,0.4375,0.0,0.5,0,0,26.66666666648889,26.66666666648889,400,15,400,15
S2,Tomek,50,42,DT,1.0,1.0,1.0,1.0,0,0,26.66666666648889,26.66666666648889,400,15,400,15
S2,Tomek,50,123,KNN,1.0,1.0,0.4,0.625,0,0,26.66666666648889,26.66666666648889,400,15,400,15
S2,Tomek,50,123,RF,1.0,1.0,1.0,1.0,0,0,26.66666666648889,26.66666666648889,400,15,400,15
S2,Tomek,50,123,LR,0.5180423509075194,0.535,0.0,0.5,0,0,26.66666666648889,26.66666666648889,400,15,400,15
S2,Tomek,50,123,DT,1.0,1.0,1.0,1.0,0,0,26.66666666648889,26.66666666648889,400,15,400,15
S2,Tomek,50,456,KNN,1.0,1.0,0.4,0.625,0,0,26.66666666648889,26.66666666648889,400,15,400,15
S2,Tomek,50,456,RF,1.0,1.0,1.0,1.0,0,0,26.66666666648889,26.66666666648889,400,15,400,15
S2,Tomek,50,456,LR,0.7596153846153846,0.75,0.0,0.5,0,0,26.66666666648889,26.66666666648889,400,15,400,15
S2,Tomek,50,456,DT,1.0,1.0,1.0,1.0,0,0,26.66666666648889,26.66666666648889,400,15,400,15
S2,Tomek,50,789,KNN,0.7596153846153846,0.875,0.4,0.625,0,0,26.66666666648889,26.66666666648889,400,15,400,15
S2,Tomek,50,789,RF,1.0,1.0,1.0,1.0,0,0,26.66666666648889,26.66666666648889,400,15,400,15
S2,Tomek,50,789,LR,0.7649253731343284,0.8425,0.0,0.5,0,0,26.66666666648889,26.66666666648889,400,15,400,15
S2,Tomek,50,789,DT,1.0,1.0,1.0,1.0,0,0,26.66666666648889,26.66666666648889,400,15,400,15
S2,Tomek,100,0,KNN,1.0,1.0,0.0,0.5,0,0,49.999999999375,49.999999999375,400,8,400,8
S2,Tomek,100,0,RF,1.0,1.0,1.0,1.0,0,0,49.999999999375,49.999999999375,400,8,400,8
S2,Tomek,100,0,LR,0.5098039215686274,0.5,0.0,0.5,0,0,49.999999999375,49.999999999375,400,8,400,8
S2,Tomek,100,0,DT,1.0,1.0,1.0,1.0,0,0,49.999999999375,49.999999999375,400,8,400,8
S2,Tomek,100,42,KNN,0.0196078431372549,0.5,0.0,0.5,0,0,49.999999999375,49.999999999375,400,8,400,8
S2,Tomek,100,42,RF,0.5098039215686274,0.745,0.6666666666666666,0.75,0,0,49.999999999375,49.999999999375,400,8,400,8
S2,Tomek,100,42,LR,0.014854426619132503,0.010000000000000009,0.0,0.5,0,0,49.999999999375,49.999999999375,400,8,400,8
S2,Tomek,100,42,DT,0.5098039215686274,0.75,0.6666666666666666,0.75,0,0,49.999999999375,49.999999999375,400,8,400,8
S2,Tomek,100,123,KNN,0.5098039215686274,0.75,0.0,0.5,0,0,49.999999999375,49.999999999375,400,8,400,8
S2,Tomek,100,123,RF,1.0,1.0,0.0,0.5,0,0,49.999999999375,49.999999999375,400,8,400,8
S2,Tomek,100,123,LR,0.022399203583872575,0.36,0.0,0.5,0,0,49.999999999375,49.999999999375,400,8,400,8
S2,Tomek,100,123,DT,1.0,1.0,1.0,1.0,0,0,49.999999999375,49.999999999375,400,8,400,8
S2,Tomek,100,456,KNN,0.5098039215686274,0.75,0.0,0.5,0,0,49.999999999375,49.999999999375,400,8,400,8
S2,Tomek,100,456,RF,1.0,1.0,0.6666666666666666,0.75,0,0,49.999999999375,49.999999999375,400,8,400,8
S2,Tomek,100,456,LR,0.5098039215686274,0.5,0.0,0.5,0,0,49.999999999375,49.999999999375,400,8,400,8
S2,Tomek,100,456,DT,1.0,1.0,1.0,1.0,0,0,49.999999999375,49.999999999375,400,8,400,8
S2,Tomek,100,789,KNN,0.5098039215686274,0.75,0.0,0.5,0,0,49.999999999375,49.999999999375,400,8,400,8
S2,Tomek,100,789,RF,1.0,1.0,1.0,1.0,0,0,49.999999999375,49.999999999375,400,8,400,8
S2,Tomek,100,789,LR,0.5098039215686274,0.5,0.0,0.5,0,0,49.999999999375,49.999999999375,400,8,400,8
S2,Tomek,100,789,DT,1.0,1.0,1.0,1.0,0,0,49.999999999375,49.999999999375,400,8,400,8
S2,RandomUS,10,0,KNN,1.0,1.0,1.0,1.0,328,0,5.55555555554784,0.9999999999986111,400,72,72,72
S2,RandomUS,10,0,RF,1.0,1.0,1.0,1.0,328,0,5.55555555554784,0.9999999999986111,400,72,72,72
S2,RandomUS,10,0,LR,0.4814150452317678,0.5366666666666667,0.21333333333333335,0.4772222222222222,328,0,5.55555555554784,0.9999999999986111,400,72,72,72
S2,RandomUS,10,0,DT,1.0,1.0,1.0,1.0,328,0,5.55555555554784,0.9999999999986111,400,72,72,72
S2,RandomUS,10,42,KNN,1.0,1.0,1.0,1.0,328,0,5.55555555554784,0.9999999999986111,400,72,72,72
S2,RandomUS,10,42,RF,1.0,1.0,0.923076923076923,0.985,328,0,5.55555555554784,0.9999999999986111,400,72,72,72
S2,RandomUS,10,42,LR,0.588316833802423,0.6038888888888889,0.2777777777777778,0.5577777777777778,328,0,5.55555555554784,0.9999999999986111,400,72,72,72
S2,RandomUS,10,42,DT,0.8571428571428571,0.985,0.923076923076923,0.985,328,0,5.55555555554784,0.9999999999986111,400,72,72,72
S2,RandomUS,10,123,KNN,1.0,1.0,1.0,1.0,328,0,5.55555555554784,0.9999999999986111,400,72,72,72
S2,RandomUS,10,123,RF,1.0,1.0,0.972972972972973,0.995,328,0,5.55555555554784,0.9999999999986111,400,72,72,72
S2,RandomUS,10,123,LR,0.35595957079813867,0.49,0.25,0.5177777777777778,328,0,5.55555555554784,0.9999999999986111,400,72,72,72
S2,RandomUS,10,123,DT,0.9473684210526315,0.995,0.972972972972973,0.995,328,0,5.55555555554784,0.9999999999986111,400,72,72,72
S2,RandomUS,10,456,KNN,1.0,1.0,1.0,1.0,328,0,5.55555555554784,0.9999999999986111,400,72,72,72
S2,RandomUS,10,456,RF,1.0,1.0,0.972972972972973,0.995,328,0,5.55555555554784,0.9999999999986111,400,72,72,72
S2,RandomUS,10,456,LR,0.3503385839450428,0.4766666666666667,0.23880597014925373,0.5172222222222222,328,0,5.55555555554784,0.9999999999986111,400,72,72,72
S2,RandomUS,10,456,DT,1.0,1.0,1.0,1.0,328,0,5.55555555554784,0.9999999999986111,400,72,72,72
S2,RandomUS,10,789,KNN,1.0,1.0,1.0,1.0,328,0,5.55555555554784,0.9999999999986111,400,72,72,72
S2,RandomUS,10,789,RF,1.0,1.0,1.0,1.0,328,0,5.55555555554784,0.9999999999986111,400,72,72,72
S2,RandomUS,10,789,LR,0.3967130675545293,0.5066666666666666,0.2077922077922078,0.4672222222222222,328,0,5.55555555554784,0.9999999999986111,400,72,72,72
S2,RandomUS,10,789,DT,1.0,1.0,1.0,1.0,328,0,5.55555555554784,0.9999999999986111,400,72,72,72
S2,RandomUS,20,0,KNN,1.0,1.0,1.0,1.0,361,0,10.499999999972369,0.9999999999973683,399,38,38,38
S2,RandomUS,20,0,RF,1.0,1.0,1.0,1.0,361,0,10.499999999972369,0.9999999999973683,399,38,38,38
S2,RandomUS,20,0,LR,0.29066911684616625,0.4752475247524752,0.1311475409836066,0.4845984598459846,361,0,10.499999999972369,0.9999999999973683,399,38,38,38
S2,RandomUS,20,0,DT,0.45,0.9455445544554456,0.6206896551724138,0.9455445544554455,361,0,10.499999999972369,0.9999999999973683,399,38,38,38
S2,RandomUS,20,42,KNN,1.0,1.0,1.0,1.0,361,0,10.499999999972369,0.9999999999973683,399,38,38,38
S2,RandomUS,20,42,RF,1.0,1.0,0.8571428571428571,0.9851485148514851,361,0,10.499999999972369,0.9999999999973683,399,38,38,38
S2,RandomUS,20,42,LR,0.5036930879318086,0.6028602860286029,0.16949152542372883,0.555005500550055,361,0,10.499999999972369,0.9999999999973683,399,38,38,38
S2,RandomUS,20,42,DT,0.6923076923076923,0.9801980198019802,0.8181818181818181,0.9801980198019802,361,0,10.499999999972369,0.9999999999973683,399,38,38,38
S2,RandomUS,20,123,KNN,1.0,1.0,1.0,1.0,361,0,10.499999999972369,0.9999999999973683,399,38,38,38
S2,RandomUS,20,123,RF,1.0,1.0,0.8181818181818181,0.9801980198019802,361,0,10.499999999972369,0.9999999999973683,399,38,38,38
S2,RandomUS,20,123,LR,0.2306993245169661,0.49174917491749176,0.1492537313432836,0.5154015401540154,361,0,10.499999999972369,0.9999999999973683,399,38,38,38
S2,RandomUS,20,123,DT,0.6428571428571429,0.9752475247524752,0.782608695652174,0.9752475247524752,361,0,10.499999999972369,0.9999999999973683,399,38,38,38
S2,RandomUS,20,456,KNN,1.0,1.0,0.9411764705882353,0.9444444444444444,361,0,10.499999999972369,0.9999999999973683,399,38,38,38
S2,RandomUS,20,456,RF,1.0000000000000002,1.0,1.0,1.0,361,0,10.499999999972369,0.9999999999973683,399,38,38,38
S2,RandomUS,20,456,LR,0.26971028944138353,0.30913091309130913,0.06060606060606061,0.33883388338833886,361,0,10.499999999972369,0.9999999999973683,399,38,38,38
S2,RandomUS,20,456,DT,0.9,0.995049504950495,0.9473684210526316,0.995049504950495,361,0,10.499999999972369,0.9999999999973683,399,38,38,38
S2,RandomUS,20,789,KNN,1.0,1.0,0.9411764705882353,0.9444444444444444,361,0,10.499999999972369,0.9999999999973683,399,38,38,38
S2,RandomUS,20,789,RF,1.0,1.0,1.0,1.0,361,0,10.499999999972369,0.9999999999973683,399,38,38,38
S2,RandomUS,20,789,LR,0.4449391326592476,0.6611661166116611,0.1739130434782609,0.566006600660066,361,0,10.499999999972369,0.9999999999973683,399,38,38,38
S2,RandomUS,20,789,DT,1.0,1.0,1.0,1.0,361,0,10.499999999972369,0.9999999999973683,399,38,38,38
S2,RandomUS,50,0,KNN,0.75,0.99,0.6666666666666666,0.75,385,0,26.66666666648889,0.9999999999933333,400,15,15,15
S2,RandomUS,50,0,RF,1.0,1.0,0.6153846153846153,0.975,385,0,26.66666666648889,0.9999999999933333,400,15,15,15
S2,RandomUS,50,0,LR,0.5171153846153845,0.5075000000000001,0.09523809523809525,0.5700000000000001,385,0,26.66666666648889,0.9999999999933333,400,15,15,15
S2,RandomUS,50,0,DT,0.16208791208791207,0.7249999999999999,0.36363636363636365,0.725,385,0,26.66666666648889,0.9999999999933333,400,15,15,15
S2,RandomUS,50,42,KNN,0.1474673202614379,0.855,0.19047619047619047,0.675,385,0,26.66666666648889,0.9999999999933333,400,15,15,15
S2,RandomUS,50,42,RF,0.46388888888888885,0.9525,0.3529411764705882,0.825,385,0,26.66666666648889,0.9999999999933333,400,15,15,15
S2,RandomUS,50,42,LR,0.2918969380134429,0.455,0.07142857142857144,0.5,385,0,26.66666666648889,0.9999999999933333,400,15,15,15
S2,RandomUS,50,42,DT,0.0996153846153846,0.765,0.20689655172413793,0.765,385,0,26.66666666648889,0.9999999999933333,400,15,15,15
S2,RandomUS,50,123,KNN,0.625,0.9700000000000001,0.6666666666666666,0.75,385,0,26.66666666648889,0.9999999999933333,400,15,15,15
S2,RandomUS,50,123,RF,1.0,1.0,0.888888888888889,0.995,385,0,26.66666666648889,0.9999999999933333,400,15,15,15
S2,RandomUS,50,123,LR,0.5208094144661308,0.5900000000000001,0.09523809523809525,0.5700000000000001,385,0,26.66666666648889,0.9999999999933333,400,15,15,15
S2,RandomUS,50,123,DT,0.8,0.995,0.888888888888889,0.995,385,0,26.66666666648889,0.9999999999933333,400,15,15,15
S2,RandomUS,50,123,XGB,0.7644230769230769,0.9762500000000001,0.2758620689655173,0.895,385,0,26.66666666648889,0.9999999999933333,400,15,15,15
S2,RandomUS,50,456,KNN,0.7976190476190477,0.9775,0.75,0.87,385,0,26.66666666648889,0.9999999999933333,400,15,15,15
S2,RandomUS,50,456,RF,0.95,0.9974999999999999,0.33333333333333337,0.9199999999999999,385,0,26.66666666648889,0.9999999999933333,400,15,15,15
S2,RandomUS,50,456,LR,0.7596153846153846,0.75,0.13043478260869565,0.6799999999999999,385,0,26.66666666648889,0.9999999999933333,400,15,15,15
S2,RandomUS,50,456,DT,0.14814814814814814,0.885,0.25806451612903225,0.885,385,0,26.66666666648889,0.9999999999933333,400,15,15,15
S2,RandomUS,50,789,KNN,0.4375,0.9550000000000001,0.4,0.625,385,0,26.66666666648889,0.9999999999933333,400,15,15,15
S2,RandomUS,50,789,RF,1.0,1.0,1.0,1.0,385,0,26.66666666648889,0.9999999999933333,400,15,15,15
S2,RandomUS,50,789,LR,0.39211538461538464,0.5025,0.06451612903225806,0.47,385,0,26.66666666648889,0.9999999999933333,400,15,15,15
S2,RandomUS,50,789,DT,1.0,1.0,1.0,1.0,385,0,26.66666666648889,0.9999999999933333,400,15,15,15
S2,RandomUS,100,0,KNN,0.028714859437751004,0.5974999999999999,0.0625,0.605,392,0,49.999999999375,0.9999999999875,400,8,8,8
S2,RandomUS,100,0,RF,0.5357142857142857,0.8725,0.13333333333333333,0.87,392,0,49.999999999375,0.9999999999875,400,8,8,8
S2,RandomUS,100,0,LR,0.512987012987013,0.625,0.029850746268656723,0.43,392,0,49.999999999375,0.9999999999875,400,8,8,8
S2,RandomUS,100,0,DT,0.0625,0.85,0.11764705882352941,0.85,392,0,49.999999999375,0.9999999999875,400,8,8,8
S2,RandomUS,100,42,KNN,0.0273972602739726,0.505,0.0,0.5,392,0,49.999999999375,0.9999999999875,400,8,8,8
S2,RandomUS,100,42,RF,0.5208333333333334,0.775,0.6666666666666666,0.75,392,0,49.999999999375,0.9999999999875,400,8,8,8
S2,RandomUS,100,42,LR,0.014754416618132402,0.0,0.0,0.34,392,0,49.999999999375,0.9999999999875,400,8,8,8
S2,RandomUS,100,42,DT,0.2857142857142857,0.975,0.4444444444444445,0.975,392,0,49.999999999375,0.9999999999875,400,8,8,8
S2,RandomUS,100,42,XGB,0.026120660599932594,0.52,0.0,0.39,392,0,49.999999999375,0.9999999999875,400,8,8,8
S2,RandomUS,100,123,KNN,0.022948717948717952,0.47250000000000003,0.0,0.32,392,0,49.999999999375,0.9999999999875,400,8,8,8
S2,RandomUS,100,123,RF,0.5666666666666667,0.9425,0.1904761904761905,0.915,392,0,49.999999999375,0.9999999999875,400,8,8,8
S2,RandomUS,100,123,LR,0.018333333333333333,0.21500000000000002,0.029850746268656723,0.43,392,0,49.999999999375,0.9999999999875,400,8,8,8
S2,RandomUS,100,123,DT,0.06451612903225806,0.855,0.12121212121212122,0.855,392,0,49.999999999375,0.9999999999875,400,8,8,8
S2,RandomUS,100,456,KNN,0.512987012987013,0.7150000000000001,0.07692307692307693,0.635,392,0,49.999999999375,0.9999999999875,400,8,8,8
S2,RandomUS,100,456,RF,1.0,1.0,0.6666666666666666,0.75,392,0,49.999999999375,0.9999999999875,400,8,8,8
S2,RandomUS,100,456,LR,0.5098039215686274,0.5,0.05,0.565,392,0,49.999999999375,0.9999999999875,400,8,8,8
S2,RandomUS,100,456,DT,0.16666666666666666,0.9500000000000001,0.2857142857142857,0.95,392,0,49.999999999375,0.9999999999875,400,8,8,8
S2,RandomUS,100,789,KNN,0.14285714285714285,0.775,0.05555555555555555,0.585,392,0,49.999999999375,0.9999999999875,400,8,8,8
S2,RandomUS,100,789,RF,0.040625,0.6625,0.05714285714285715,0.67,392,0,49.999999999375,0.9999999999875,400,8,8,8
S2,RandomUS,100,789,LR,0.51,0.51,0.028571428571428574,0.41500000000000004,392,0,49.999999999375,0.9999999999875,400,8,8,8
S2,RandomUS,100,789,DT,0.020915032679738564,0.53,0.0425531914893617,0.53,392,0,49.999999999375,0.9999999999875,400,8,8,8
S2,GMR-Uniform,10,0,KNN,1.0,1.0,1.0,1.0,0,0,5.55555555554784,5.55555555554784,400,72,400,72
S2,GMR-Uniform,10,0,RF,1.0,1.0,1.0,1.0,0,0,5.55555555554784,5.55555555554784,400,72,400,72
S2,GMR-Uniform,10,0,LR,0.48074709354832446,0.5433333333333333,0.0,0.5,0,0,5.55555555554784,5.55555555554784,400,72,400,72
S2,GMR-Uniform,10,0,DT,1.0,1.0,1.0,1.0,0,0,5.55555555554784,5.55555555554784,400,72,400,72
S2,GMR-Uniform,10,42,KNN,1.0,1.0,1.0,1.0,0,0,5.55555555554784,5.55555555554784,400,72,400,72
S2,GMR-Uniform,10,42,RF,1.0,1.0,1.0,1.0,0,0,5.55555555554784,5.55555555554784,400,72,400,72
S2,GMR-Uniform,10,42,LR,0.5341287362486888,0.663888888888889,0.0,0.5,0,0,5.55555555554784,5.55555555554784,400,72,400,72
S2,GMR-Uniform,10,42,DT,1.0,1.0,1.0,1.0,0,0,5.55555555554784,5.55555555554784,400,72,400,72
S2,GMR-Uniform,10,123,KNN,1.0,1.0,1.0,1.0,0,0,5.55555555554784,5.55555555554784,400,72,400,72
S2,GMR-Uniform,10,123,RF,1.0,1.0,1.0,1.0,0,0,5.55555555554784,5.55555555554784,400,72,400,72
S2,GMR-Uniform,10,123,LR,0.344263019985826,0.4344444444444444,0.0,0.5,0,0,5.55555555554784,5.55555555554784,400,72,400,72
S2,GMR-Uniform,10,123,DT,1.0,1.0,1.0,1.0,0,0,5.55555555554784,5.55555555554784,400,72,400,72
S2,GMR-Uniform,10,456,KNN,1.0,1.0,1.0,1.0,0,0,5.55555555554784,5.55555555554784,400,72,400,72
S2,GMR-Uniform,10,456,RF,1.0,1.0,1.0,1.0,0,0,5.55555555554784,5.55555555554784,400,72,400,72
S2,GMR-Uniform,10,456,LR,0.38520426953775044,0.5222222222222223,0.0,0.5,0,0,5.55555555554784,5.55555555554784,400,72,400,72
S2,GMR-Uniform,10,456,DT,1.0,1.0,1.0,1.0,0,0,5.55555555554784,5.55555555554784,400,72,400,72
S2,GMR-Uniform,10,456,XGB,1.0,1.0,1.0,1.0,0,0,5.55555555554784,5.55555555554784,400,72,400,72
S2,GMR-Uniform,10,789,KNN,1.0,1.0,1.0,1.0,0,0,5.55555555554784,5.55555555554784,400,72,400,72
S2,GMR-Uniform,10,789,RF,1.0,1.0,1.0,1.0,0,0,5.55555555554784,5.55555555554784,400,72,400,72
S2,GMR-Uniform,10,789,LR,0.39514060322252065,0.49166666666666664,0.0,0.5,0,0,5.55555555554784,5.55555555554784,400,72,400,72
S2,GMR-Uniform,10,789,DT,1.0,1.0,1.0,1.0,0,0,5.55555555554784,5.55555555554784,400,72,400,72
S2,GMR-Uniform,20,0,KNN,1.0,1.0,1.0,1.0,0,3,10.499999999972369,11.399999999967427,399,38,399,35
S2,GMR-Uniform,20,0,RF,1.0,1.0,1.0,1.0,0,3,10.499999999972369,11.399999999967427,399,38,399,35
S2,GMR-Uniform,20,0,LR,0.31708673318569863,0.48514851485148514,0.0,0.5,0,3,10.499999999972369,11.399999999967427,399,38,399,35
S2,GMR-Uniform,20,0,DT,1.0,1.0,1.0,1.0,0,3,10.499999999972369,11.399999999967427,399,38,399,35
S2,GMR-Uniform,20,0,XGB,1.0000000000000002,1.0,1.0,1.0,0,3,10.499999999972369,11.399999999967427,399,38,399,35
S2,GMR-Uniform,20,42,KNN,1.0,1.0,1.0,1.0,0,0,10.499999999972369,10.499999999972369,399,38,399,38
S2,GMR-Uniform,20,42,RF,1.0000000000000002,1.0,1.0,1.0,0,0,10.499999999972369,10.499999999972369,399,38,399,38
S2,GMR-Uniform,20,42,LR,0.5157376174672548,0.6622662266226622,0.0,0.5,0,0,10.499999999972369,10.499999999972369,399,38,399,38
S2,GMR-Uniform,20,42,DT,1.0,1.0,1.0,1.0,0,0,10.499999999972369,10.499999999972369,399,38,399,38
S2,GMR-Uniform,20,42,XGB,1.0,1.0,0.9473684210526316,0.995049504950495,0,0,10.499999999972369,10.499999999972369,399,38,399,38
S2,GMR-Uniform,20,123,KNN,1.0,1.0,0.8750000000000001,0.8888888888888888,0,3,10.499999999972369,11.399999999967427,399,38,399,35
S2,GMR-Uniform,20,123,RF,1.0,1.0,1.0,1.0,0,3,10.499999999972369,11.399999999967427,399,38,399,35
S2,GMR-Uniform,20,123,LR,0.18899211008919192,0.44884488448844884,0.0,0.5,0,3,10.499999999972369,11.399999999967427,399,38,399,35
S2,GMR-Uniform,20,123,DT,0.9,0.995049504950495,0.9473684210526316,0.995049504950495,0,3,10.499999999972369,11.399999999967427,399,38,399,35
S2,GMR-Uniform,20,456,KNN,1.0,1.0,0.8750000000000001,0.8888888888888888,0,1,10.499999999972369,10.783783783754638,399,38,399,37
S2,GMR-Uniform,20,456,RF,1.0,1.0,1.0,1.0,0,1,10.499999999972369,10.783783783754638,399,38,399,37
S2,GMR-Uniform,20,456,LR,0.27365360659245835,0.34213421342134215,0.0,0.5,0,1,10.499999999972369,10.783783783754638,399,38,399,37
S2,GMR-Uniform,20,456,DT,0.897979797979798,0.9444444444444444,0.9411764705882353,0.9444444444444444,0,1,10.499999999972369,10.783783783754638,399,38,399,37
S2,GMR-Uniform,20,789,KNN,0.8979797979797979,0.9444444444444444,0.9411764705882353,0.9444444444444444,0,2,10.499999999972369,11.083333333302546,399,38,399,36
S2,GMR-Uniform,20,789,RF,1.0,1.0,1.0,1.0,0,2,10.499999999972369,11.083333333302546,399,38,399,36
S2,GMR-Uniform,20,789,LR,0.467753344179624,0.6743674367436745,0.0,0.5,0,2,10.499999999972369,11.083333333302546,399,38,399,36
S2,GMR-Uniform,20,789,DT,1.0,1.0,1.0,1.0,0,2,10.499999999972369,11.083333333302546,399,38,399,36
S2,GMR-Uniform,50,0,KNN,0.5192307692307693,0.75,0.0,0.5,0,1,26.66666666648889,28.57142857122449,400,15,400,14
S2,GMR-Uniform,50,0,RF,1.0,1.0,1.0,1.0,0,1,26.66666666648889,28.57142857122449,400,15,400,14
S2,GMR-Uniform,50,0,LR,0.526264367816092,0.685,0.0,0.5,0,1,26.66666666648889,28.57142857122449,400,15,400,14
S2,GMR-Uniform,50,0,DT,0.5192307692307693,0.75,0.6666666666666666,0.75,0,1,26.66666666648889,28.57142857122449,400,15,400,14
S2,GMR-Uniform,50,0,XGB,0.7430555555555556,0.9624999999999999,0.6666666666666666,0.75,0,1,26.66666666648889,28.57142857122449,400,15,400,14
S2,GMR-Uniform,50,42,KNN,0.7596153846153846,0.875,0.0,0.5,0,1,26.66666666648889,28.57142857122449,400,15,400,14
S2,GMR-Uniform,50,42,RF,1.0,1.0,0.8571428571428571,0.875,0,1,26.66666666648889,28.57142857122449,400,15,400,14
S2,GMR-Uniform,50,42,LR,0.2743596245806071,0.3375,0.0,0.5,0,1,26.66666666648889,28.57142857122449,400,15,400,14
S2,GMR-Uniform,50,42,DT,0.7596153846153846,0.875,0.8571428571428571,0.875,0,1,26.66666666648889,28.57142857122449,400,15,400,14
S2,GMR-Uniform,50,123,KNN,1.0,1.0,0.4,0.625,0,1,26.66666666648889,28.57142857122449,400,15,400,14
S2,GMR-Uniform,50,123,RF,1.0,1.0,1.0,1.0,0,1,26.66666666648889,28.57142857122449,400,15,400,14
S2,GMR-Uniform,50,123,LR,0.5192307692307693,0.5625,0.0,0.5,0,1,26.66666666648889,28.57142857122449,400,15,400,14
S2,GMR-Uniform,50,123,DT,1.0,1.0,1.0,1.0,0,1,26.66666666648889,28.57142857122449,400,15,400,14
S2,GMR-Uniform,50,123,XGB,1.0,0.9999999999999999,1.0,1.0,0,1,26.66666666648889,28.57142857122449,400,15,400,14
S2,GMR-Uniform,50,456,KNN,0.7596153846153846,0.875,0.4,0.625,0,1,26.66666666648889,28.57142857122449,400,15,400,14
S2,GMR-Uniform,50,456,RF,1.0,1.0,1.0,1.0,0,1,26.66666666648889,28.57142857122449,400,15,400,14
S2,GMR-Uniform,50,456,LR,0.7596153846153846,0.75,0.0,0.5,0,1,26.66666666648889,28.57142857122449,400,15,400,14
S2,GMR-Uniform,50,456,DT,1.0,1.0,1.0,1.0,0,1,26.66666666648889,28.57142857122449,400,15,400,14
S2,GMR-Uniform,50,789,KNN,0.7596153846153846,0.875,0.4,0.625,0,1,26.66666666648889,28.57142857122449,400,15,400,14
S2,GMR-Uniform,50,789,RF,1.0,1.0,1.0,1.0,0,1,26.66666666648889,28.57142857122449,400,15,400,14
S2,GMR-Uniform,50,789,LR,0.5235310370233929,0.6425000000000001,0.0,0.5,0,1,26.66666666648889,28.57142857122449,400,15,400,14
S2,GMR-Uniform,50,789,DT,1.0,1.0,1.0,1.0,0,1,26.66666666648889,28.57142857122449,400,15,400,14
S2,GMR-Uniform,100,0,KNN,1.0,1.0,0.0,0.5,0,0,49.999999999375,49.999999999375,400,8,400,8
S2,GMR-Uniform,100,0,RF,1.0,1.0,1.0,1.0,0,0,49.999999999375,49.999999999375,400,8,400,8
S2,GMR-Uniform,100,0,LR,0.5098039215686274,0.5,0.0,0.5,0,0,49.999999999375,49.999999999375,400,8,400,8
S2,GMR-Uniform,100,0,DT,1.0,1.0,1.0,1.0,0,0,49.999999999375,49.999999999375,400,8,400,8
S2,GMR-Uniform,100,42,KNN,0.0196078431372549,0.5,0.0,0.5,0,0,49.999999999375,49.999999999375,400,8,400,8
S2,GMR-Uniform,100,42,RF,0.5098039215686274,0.745,0.6666666666666666,0.75,0,0,49.999999999375,49.999999999375,400,8,400,8
S2,GMR-Uniform,100,42,LR,0.014854426619132503,0.010000000000000009,0.0,0.5,0,0,49.999999999375,49.999999999375,400,8,400,8
S2,GMR-Uniform,100,42,DT,0.5098039215686274,0.75,0.6666666666666666,0.75,0,0,49.999999999375,49.999999999375,400,8,400,8
S2,GMR-Uniform,100,123,KNN,0.5098039215686274,0.75,0.0,0.5,0,0,49.999999999375,49.999999999375,400,8,400,8
S2,GMR-Uniform,100,123,RF,1.0,1.0,0.0,0.5,0,0,49.999999999375,49.999999999375,400,8,400,8
S2,GMR-Uniform,100,123,LR,0.022399203583872575,0.36,0.0,0.5,0,0,49.999999999375,49.999999999375,400,8,400,8
S2,GMR-Uniform,100,123,DT,1.0,1.0,1.0,1.0,0,0,49.999999999375,49.999999999375,400,8,400,8
S2,GMR-Uniform,100,456,KNN,0.5098039215686274,0.75,0.0,0.5,0,0,49.999999999375,49.999999999375,400,8,400,8
S2,GMR-Uniform,100,456,RF,1.0,1.0,0.6666666666666666,0.75,0,0,49.999999999375,49.999999999375,400,8,400,8
S2,GMR-Uniform,100,456,LR,0.5098039215686274,0.5,0.0,0.5,0,0,49.999999999375,49.999999999375,400,8,400,8
S2,GMR-Uniform,100,456,DT,1.0,1.0,1.0,1.0,0,0,49.999999999375,49.999999999375,400,8,400,8
S2,GMR-Uniform,100,789,KNN,0.5098039215686274,0.75,0.0,0.5,0,0,49.999999999375,49.999999999375,400,8,400,8
S2,GMR-Uniform,100,789,RF,1.0,1.0,1.0,1.0,0,0,49.999999999375,49.999999999375,400,8,400,8
S2,GMR-Uniform,100,789,LR,0.5098039215686274,0.5,0.0,0.5,0,0,49.999999999375,49.999999999375,400,8,400,8
S2,GMR-Uniform,100,789,DT,1.0,1.0,1.0,1.0,0,0,49.999999999375,49.999999999375,400,8,400,8
S2,GMR-Symmetric,10,0,KNN,1.0,1.0,1.0,1.0,0,2,5.55555555554784,5.714285714277551,400,72,400,70
S2,GMR-Symmetric,10,0,RF,1.0,1.0,1.0,1.0,0,2,5.55555555554784,5.714285714277551,400,72,400,70
S2,GMR-Symmetric,10,0,LR,0.47616234875597785,0.5427777777777778,0.0,0.5,0,2,5.55555555554784,5.714285714277551,400,72,400,70
S2,GMR-Symmetric,10,0,DT,1.0,1.0,1.0,1.0,0,2,5.55555555554784,5.714285714277551,400,72,400,70
S2,GMR-Symmetric,10,42,KNN,1.0,1.0,1.0,1.0,0,0,5.55555555554784,5.55555555554784,400,72,400,72
S2,GMR-Symmetric,10,42,RF,1.0,1.0,1.0,1.0,0,0,5.55555555554784,5.55555555554784,400,72,400,72
S2,GMR-Symmetric,10,42,LR,0.5341287362486888,0.663888888888889,0.0,0.5,0,0,5.55555555554784,5.55555555554784,400,72,400,72
S2,GMR-Symmetric,10,42,DT,1.0,1.0,1.0,1.0,0,0,5.55555555554784,5.55555555554784,400,72,400,72
S2,GMR-Symmetric,10,123,KNN,1.0,1.0,0.9714285714285714,0.9722222222222222,0,2,5.55555555554784,5.714285714277551,400,72,400,70
S2,GMR-Symmetric,10,123,RF,1.0,1.0,1.0,1.0,0,2,5.55555555554784,5.714285714277551,400,72,400,70
S2,GMR-Symmetric,10,123,LR,0.3583789774381879,0.4277777777777777,0.0,0.5,0,2,5.55555555554784,5.714285714277551,400,72,400,70
S2,GMR-Symmetric,10,123,DT,1.0,1.0,1.0,1.0,0,2,5.55555555554784,5.714285714277551,400,72,400,70
S2,GMR-Symmetric,10,456,KNN,1.0,1.0,1.0,1.0,0,0,5.55555555554784,5.55555555554784,400,72,400,72
S2,GMR-Symmetric,10,456,RF,1.0,1.0,1.0,1.0,0,0,5.55555555554784,5.55555555554784,400,72,400,72
S2,GMR-Symmetric,10,456,LR,0.38520426953775044,0.5222222222222223,0.0,0.5,0,0,5.55555555554784,5.55555555554784,400,72,400,72
S2,GMR-Symmetric,10,456,DT,1.0,1.0,1.0,1.0,0,0,5.55555555554784,5.55555555554784,400,72,400,72
S2,GMR-Symmetric,10,456,XGB,1.0,1.0,1.0,1.0,0,0,5.55555555554784,5.55555555554784,400,72,400,72
S2,GMR-Symmetric,10,789,KNN,1.0,1.0,1.0,1.0,0,0,5.55555555554784,5.55555555554784,400,72,400,72
S2,GMR-Symmetric,10,789,RF,1.0,1.0,1.0,1.0,0,0,5.55555555554784,5.55555555554784,400,72,400,72
S2,GMR-Symmetric,10,789,LR,0.39514060322252065,0.49166666666666664,0.0,0.5,0,0,5.55555555554784,5.55555555554784,400,72,400,72
S2,GMR-Symmetric,10,789,DT,1.0,1.0,1.0,1.0,0,0,5.55555555554784,5.55555555554784,400,72,400,72
S2,GMR-Symmetric,20,0,KNN,1.0,1.0,1.0,1.0,0,3,10.499999999972369,11.399999999967427,399,38,399,35
S2,GMR-Symmetric,20,0,RF,1.0,1.0,1.0,1.0,0,3,10.499999999972369,11.399999999967427,399,38,399,35
S2,GMR-Symmetric,20,0,LR,0.31708673318569863,0.48514851485148514,0.0,0.5,0,3,10.499999999972369,11.399999999967427,399,38,399,35
S2,GMR-Symmetric,20,0,DT,1.0,1.0,1.0,1.0,0,3,10.499999999972369,11.399999999967427,399,38,399,35
S2,GMR-Symmetric,20,42,KNN,1.0,1.0,0.9411764705882353,0.9444444444444444,0,3,10.499999999972369,11.399999999967427,399,38,399,35
S2,GMR-Symmetric,20,42,RF,1.0,1.0,1.0,1.0,0,3,10.499999999972369,11.399999999967427,399,38,399,35
S2,GMR-Symmetric,20,42,LR,0.5047978240583578,0.6424642464246424,0.0,0.5,0,3,10.499999999972369,11.399999999967427,399,38,399,35
S2,GMR-Symmetric,20,42,DT,1.0,1.0,1.0,1.0,0,3,10.499999999972369,11.399999999967427,399,38,399,35
S2,GMR-Symmetric,20,123,KNN,1.0,1.0,0.8750000000000001,0.8888888888888888,0,3,10.499999999972369,11.399999999967427,399,38,399,35
S2,GMR-Symmetric,20,123,RF,1.0,1.0,1.0,1.0,0,3,10.499999999972369,11.399999999967427,399,38,399,35
S2,GMR-Symmetric,20,123,LR,0.18899211008919192,0.44884488448844884,0.0,0.5,0,3,10.499999999972369,11.399999999967427,399,38,399,35
S2,GMR-Symmetric,20,123,DT,0.9,0.995049504950495,0.9473684210526316,0.995049504950495,0,3,10.499999999972369,11.399999999967427,399,38,399,35
S2,GMR-Symmetric,20,456,KNN,1.0,1.0,0.8750000000000001,0.8888888888888888,0,3,10.499999999972369,11.399999999967427,399,38,399,35
S2,GMR-Symmetric,20,456,RF,1.0000000000000002,1.0,1.0,1.0,0,3,10.499999999972369,11.399999999967427,399,38,399,35
S2,GMR-Symmetric,20,456,LR,0.27412373173958604,0.34543454345434543,0.0,0.5,0,3,10.499999999972369,11.399999999967427,399,38,399,35
S2,GMR-Symmetric,20,456,DT,1.0,1.0,1.0,1.0,0,3,10.499999999972369,11.399999999967427,399,38,399,35
S2,GMR-Symmetric,20,789,KNN,0.8979797979797979,0.9444444444444444,0.9411764705882353,0.9444444444444444,0,3,10.499999999972369,11.399999999967427,399,38,399,35
S2,GMR-Symmetric,20,789,RF,1.0,1.0,1.0,1.0,0,3,10.499999999972369,11.399999999967427,399,38,399,35
S2,GMR-Symmetric,20,789,LR,0.6031342840166369,0.7051705170517052,0.0,0.5,0,3,10.499999999972369,11.399999999967427,399,38,399,35
S2,GMR-Symmetric,20,789,DT,1.0,1.0,1.0,1.0,0,3,10.499999999972369,11.399999999967427,399,38,399,35
S2,GMR-Symmetric,50,0,KNN,0.5192307692307693,0.75,0.0,0.5,0,1,26.66666666648889,28.57142857122449,400,15,400,14
S2,GMR-Symmetric,50,0,RF,1.0,1.0,1.0,1.0,0,1,26.66666666648889,28.57142857122449,400,15,400,14
S2,GMR-Symmetric,50,0,LR,0.526264367816092,0.685,0.0,0.5,0,1,26.66666666648889,28.57142857122449,400,15,400,14
S2,GMR-Symmetric,50,0,DT,0.5192307692307693,0.75,0.6666666666666666,0.75,0,1,26.66666666648889,28.57142857122449,400,15,400,14
S2,GMR-Symmetric,50,0,XGB,0.7430555555555556,0.9624999999999999,0.6666666666666666,0.75,0,1,26.66666666648889,28.57142857122449,400,15,400,14
S2,GMR-Symmetric,50,42,KNN,0.7596153846153846,0.875,0.0,0.5,0,1,26.66666666648889,28.57142857122449,400,15,400,14
S2,GMR-Symmetric,50,42,RF,1.0,1.0,0.8571428571428571,0.875,0,1,26.66666666648889,28.57142857122449,400,15,400,14
S2,GMR-Symmetric,50,42,LR,0.2743596245806071,0.3375,0.0,0.5,0,1,26.66666666648889,28.57142857122449,400,15,400,14
S2,GMR-Symmetric,50,42,DT,0.7596153846153846,0.875,0.8571428571428571,0.875,0,1,26.66666666648889,28.57142857122449,400,15,400,14
S2,GMR-Symmetric,50,42,XGB,0.8303571428571428,0.99,0.6666666666666666,0.75,0,1,26.66666666648889,28.57142857122449,400,15,400,14
S2,GMR-Symmetric,50,123,KNN,1.0,1.0,0.4,0.625,0,1,26.66666666648889,28.57142857122449,400,15,400,14
S2,GMR-Symmetric,50,123,RF,1.0,1.0,1.0,1.0,0,1,26.66666666648889,28.57142857122449,400,15,400,14
S2,GMR-Symmetric,50,123,LR,0.5192307692307693,0.5625,0.0,0.5,0,1,26.66666666648889,28.57142857122449,400,15,400,14
S2,GMR-Symmetric,50,123,DT,1.0,1.0,1.0,1.0,0,1,26.66666666648889,28.57142857122449,400,15,400,14
S2,GMR-Symmetric,50,456,KNN,0.7596153846153846,0.875,0.4,0.625,0,1,26.66666666648889,28.57142857122449,400,15,400,14
S2,GMR-Symmetric,50,456,RF,1.0,1.0,1.0,1.0,0,1,26.66666666648889,28.57142857122449,400,15,400,14
S2,GMR-Symmetric,50,456,LR,0.7596153846153846,0.75,0.0,0.5,0,1,26.66666666648889,28.57142857122449,400,15,400,14
S2,GMR-Symmetric,50,456,DT,1.0,1.0,1.0,1.0,0,1,26.66666666648889,28.57142857122449,400,15,400,14
S2,GMR-Symmetric,50,789,KNN,0.7596153846153846,0.875,0.4,0.625,0,1,26.66666666648889,28.57142857122449,400,15,400,14
S2,GMR-Symmetric,50,789,RF,1.0,1.0,1.0,1.0,0,1,26.66666666648889,28.57142857122449,400,15,400,14
S2,GMR-Symmetric,50,789,LR,0.5235310370233929,0.6425000000000001,0.0,0.5,0,1,26.66666666648889,28.57142857122449,400,15,400,14
S2,GMR-Symmetric,50,789,DT,1.0,1.0,1.0,1.0,0,1,26.66666666648889,28.57142857122449,400,15,400,14
S2,GMR-Symmetric,100,0,KNN,1.0,1.0,0.0,0.5,0,0,49.999999999375,49.999999999375,400,8,400,8
S2,GMR-Symmetric,100,0,RF,1.0,1.0,1.0,1.0,0,0,49.999999999375,49.999999999375,400,8,400,8
S2,GMR-Symmetric,100,0,LR,0.5098039215686274,0.5,0.0,0.5,0,0,49.999999999375,49.999999999375,400,8,400,8
S2,GMR-Symmetric,100,0,DT,1.0,1.0,1.0,1.0,0,0,49.999999999375,49.999999999375,400,8,400,8
S2,GMR-Symmetric,100,42,KNN,0.0196078431372549,0.5,0.0,0.5,0,0,49.999999999375,49.999999999375,400,8,400,8
S2,GMR-Symmetric,100,42,RF,0.5098039215686274,0.745,0.6666666666666666,0.75,0,0,49.999999999375,49.999999999375,400,8,400,8
S2,GMR-Symmetric,100,42,LR,0.014854426619132503,0.010000000000000009,0.0,0.5,0,0,49.999999999375,49.999999999375,400,8,400,8
S2,GMR-Symmetric,100,42,DT,0.5098039215686274,0.75,0.6666666666666666,0.75,0,0,49.999999999375,49.999999999375,400,8,400,8
S2,GMR-Symmetric,100,42,XGB,0.31666666666666665,0.9374999999999999,0.0,0.495,0,0,49.999999999375,49.999999999375,400,8,400,8
S2,GMR-Symmetric,100,123,KNN,0.5098039215686274,0.75,0.0,0.5,0,0,49.999999999375,49.999999999375,400,8,400,8
S2,GMR-Symmetric,100,123,RF,1.0,1.0,0.0,0.5,0,0,49.999999999375,49.999999999375,400,8,400,8
S2,GMR-Symmetric,100,123,LR,0.022399203583872575,0.36,0.0,0.5,0,0,49.999999999375,49.999999999375,400,8,400,8
S2,GMR-Symmetric,100,123,DT,1.0,1.0,1.0,1.0,0,0,49.999999999375,49.999999999375,400,8,400,8
S2,GMR-Symmetric,100,456,KNN,0.5098039215686274,0.75,0.0,0.5,0,0,49.999999999375,49.999999999375,400,8,400,8
S2,GMR-Symmetric,100,456,RF,1.0,1.0,0.6666666666666666,0.75,0,0,49.999999999375,49.999999999375,400,8,400,8
S2,GMR-Symmetric,100,456,LR,0.5098039215686274,0.5,0.0,0.5,0,0,49.999999999375,49.999999999375,400,8,400,8
S2,GMR-Symmetric,100,456,DT,1.0,1.0,1.0,1.0,0,0,49.999999999375,49.999999999375,400,8,400,8
S2,GMR-Symmetric,100,789,KNN,0.5098039215686274,0.75,0.0,0.5,0,0,49.999999999375,49.999999999375,400,8,400,8
S2,GMR-Symmetric,100,789,RF,1.0,1.0,1.0,1.0,0,0,49.999999999375,49.999999999375,400,8,400,8
S2,GMR-Symmetric,100,789,LR,0.5098039215686274,0.5,0.0,0.5,0,0,49.999999999375,49.999999999375,400,8,400,8
S2,GMR-Symmetric,100,789,DT,1.0,1.0,1.0,1.0,0,0,49.999999999375,49.999999999375,400,8,400,8
S2,GMR-Full,10,0,KNN,1.0,1.0,1.0,1.0,0,0,5.55555555554784,5.55555555554784,400,72,400,72
S2,GMR-Full,10,0,RF,1.0,1.0,1.0,1.0,0,0,5.55555555554784,5.55555555554784,400,72,400,72
S2,GMR-Full,10,0,LR,0.48074709354832446,0.5433333333333333,0.0,0.5,0,0,5.55555555554784,5.55555555554784,400,72,400,72
S2,GMR-Full,10,0,DT,1.0,1.0,1.0,1.0,0,0,5.55555555554784,5.55555555554784,400,72,400,72
S2,GMR-Full,10,42,KNN,1.0,1.0,1.0,1.0,0,0,5.55555555554784,5.55555555554784,400,72,400,72
S2,GMR-Full,10,42,RF,1.0,1.0,1.0,1.0,0,0,5.55555555554784,5.55555555554784,400,72,400,72
S2,GMR-Full,10,42,LR,0.5341287362486888,0.663888888888889,0.0,0.5,0,0,5.55555555554784,5.55555555554784,400,72,400,72
S2,GMR-Full,10,42,DT,1.0,1.0,1.0,1.0,0,0,5.55555555554784,5.55555555554784,400,72,400,72
S2,GMR-Full,10,123,KNN,1.0,1.0,1.0,1.0,0,0,5.55555555554784,5.55555555554784,400,72,400,72
S2,GMR-Full,10,123,RF,1.0,1.0,1.0,1.0,0,0,5.55555555554784,5.55555555554784,400,72,400,72
S2,GMR-Full,10,123,LR,0.344263019985826,0.4344444444444444,0.0,0.5,0,0,5.55555555554784,5.55555555554784,400,72,400,72
S2,GMR-Full,10,123,DT,1.0,1.0,1.0,1.0,0,0,5.55555555554784,5.55555555554784,400,72,400,72
S2,GMR-Full,10,456,KNN,1.0,1.0,1.0,1.0,0,0,5.55555555554784,5.55555555554784,400,72,400,72
S2,GMR-Full,10,456,RF,1.0,1.0,1.0,1.0,0,0,5.55555555554784,5.55555555554784,400,72,400,72
S2,GMR-Full,10,456,LR,0.38520426953775044,0.5222222222222223,0.0,0.5,0,0,5.55555555554784,5.55555555554784,400,72,400,72
S2,GMR-Full,10,456,DT,1.0,1.0,1.0,1.0,0,0,5.55555555554784,5.55555555554784,400,72,400,72
S2,GMR-Full,10,789,KNN,1.0,1.0,1.0,1.0,0,0,5.55555555554784,5.55555555554784,400,72,400,72
S2,GMR-Full,10,789,RF,1.0,1.0,1.0,1.0,0,0,5.55555555554784,5.55555555554784,400,72,400,72
S2,GMR-Full,10,789,LR,0.39514060322252065,0.49166666666666664,0.0,0.5,0,0,5.55555555554784,5.55555555554784,400,72,400,72
S2,GMR-Full,10,789,DT,1.0,1.0,1.0,1.0,0,0,5.55555555554784,5.55555555554784,400,72,400,72
S2,GMR-Full,20,0,KNN,1.0,1.0,1.0,1.0,0,3,10.499999999972369,11.399999999967427,399,38,399,35
S2,GMR-Full,20,0,RF,1.0,1.0,1.0,1.0,0,3,10.499999999972369,11.399999999967427,399,38,399,35
S2,GMR-Full,20,0,LR,0.31708673318569863,0.48514851485148514,0.0,0.5,0,3,10.499999999972369,11.399999999967427,399,38,399,35
S2,GMR-Full,20,0,DT,1.0,1.0,1.0,1.0,0,3,10.499999999972369,11.399999999967427,399,38,399,35
S2,GMR-Full,20,42,KNN,1.0,1.0,1.0,1.0,0,0,10.499999999972369,10.499999999972369,399,38,399,38
S2,GMR-Full,20,42,RF,1.0000000000000002,1.0,1.0,1.0,0,0,10.499999999972369,10.499999999972369,399,38,399,38
S2,GMR-Full,20,42,LR,0.5157376174672548,0.6622662266226622,0.0,0.5,0,0,10.499999999972369,10.499999999972369,399,38,399,38
S2,GMR-Full,20,42,DT,1.0,1.0,1.0,1.0,0,0,10.499999999972369,10.499999999972369,399,38,399,38
S2,GMR-Full,20,123,KNN,1.0,1.0,0.8750000000000001,0.8888888888888888,0,3,10.499999999972369,11.399999999967427,399,38,399,35
S2,GMR-Full,20,123,RF,1.0,1.0,1.0,1.0,0,3,10.499999999972369,11.399999999967427,399,38,399,35
S2,GMR-Full,20,123,LR,0.18899211008919192,0.44884488448844884,0.0,0.5,0,3,10.499999999972369,11.399999999967427,399,38,399,35
S2,GMR-Full,20,123,DT,0.9,0.995049504950495,0.9473684210526316,0.995049504950495,0,3,10.499999999972369,11.399999999967427,399,38,399,35
S2,GMR-Full,20,456,KNN,1.0,1.0,0.8750000000000001,0.8888888888888888,0,1,10.499999999972369,10.783783783754638,399,38,399,37
S2,GMR-Full,20,456,RF,1.0,1.0,1.0,1.0,0,1,10.499999999972369,10.783783783754638,399,38,399,37
S2,GMR-Full,20,456,LR,0.27365360659245835,0.34213421342134215,0.0,0.5,0,1,10.499999999972369,10.783783783754638,399,38,399,37
S2,GMR-Full,20,456,DT,0.897979797979798,0.9444444444444444,0.9411764705882353,0.9444444444444444,0,1,10.499999999972369,10.783783783754638,399,38,399,37
S2,GMR-Full,20,789,KNN,0.8979797979797979,0.9444444444444444,0.9411764705882353,0.9444444444444444,0,2,10.499999999972369,11.083333333302546,399,38,399,36
S2,GMR-Full,20,789,RF,1.0,1.0,1.0,1.0,0,2,10.499999999972369,11.083333333302546,399,38,399,36
S2,GMR-Full,20,789,LR,0.467753344179624,0.6743674367436745,0.0,0.5,0,2,10.499999999972369,11.083333333302546,399,38,399,36
S2,GMR-Full,20,789,DT,1.0,1.0,1.0,1.0,0,2,10.499999999972369,11.083333333302546,399,38,399,36
S2,GMR-Full,50,0,KNN,0.5192307692307693,0.75,0.0,0.5,0,1,26.66666666648889,28.57142857122449,400,15,400,14
S2,GMR-Full,50,0,RF,1.0,1.0,1.0,1.0,0,1,26.66666666648889,28.57142857122449,400,15,400,14
S2,GMR-Full,50,0,LR,0.526264367816092,0.685,0.0,0.5,0,1,26.66666666648889,28.57142857122449,400,15,400,14
S2,GMR-Full,50,0,DT,0.5192307692307693,0.75,0.6666666666666666,0.75,0,1,26.66666666648889,28.57142857122449,400,15,400,14
S2,GMR-Full,50,42,KNN,0.7596153846153846,0.875,0.0,0.5,0,1,26.66666666648889,28.57142857122449,400,15,400,14
S2,GMR-Full,50,42,RF,1.0,1.0,0.8571428571428571,0.875,0,1,26.66666666648889,28.57142857122449,400,15,400,14
S2,GMR-Full,50,42,LR,0.2743596245806071,0.3375,0.0,0.5,0,1,26.66666666648889,28.57142857122449,400,15,400,14
S2,GMR-Full,50,42,DT,0.7596153846153846,0.875,0.8571428571428571,0.875,0,1,26.66666666648889,28.57142857122449,400,15,400,14
S2,GMR-Full,50,123,KNN,1.0,1.0,0.4,0.625,0,1,26.66666666648889,28.57142857122449,400,15,400,14
S2,GMR-Full,50,123,RF,1.0,1.0,1.0,1.0,0,1,26.66666666648889,28.57142857122449,400,15,400,14
S2,GMR-Full,50,123,LR,0.5192307692307693,0.5625,0.0,0.5,0,1,26.66666666648889,28.57142857122449,400,15,400,14
S2,GMR-Full,50,123,DT,1.0,1.0,1.0,1.0,0,1,26.66666666648889,28.57142857122449,400,15,400,14
S2,GMR-Full,50,456,KNN,0.7596153846153846,0.875,0.4,0.625,0,1,26.66666666648889,28.57142857122449,400,15,400,14
S2,GMR-Full,50,456,RF,1.0,1.0,1.0,1.0,0,1,26.66666666648889,28.57142857122449,400,15,400,14
S2,GMR-Full,50,456,LR,0.7596153846153846,0.75,0.0,0.5,0,1,26.66666666648889,28.57142857122449,400,15,400,14
S2,GMR-Full,50,456,DT,1.0,1.0,1.0,1.0,0,1,26.66666666648889,28.57142857122449,400,15,400,14
S2,GMR-Full,50,789,KNN,0.7596153846153846,0.875,0.4,0.625,0,1,26.66666666648889,28.57142857122449,400,15,400,14
S2,GMR-Full,50,789,RF,1.0,1.0,1.0,1.0,0,1,26.66666666648889,28.57142857122449,400,15,400,14
S2,GMR-Full,50,789,LR,0.5235310370233929,0.6425000000000001,0.0,0.5,0,1,26.66666666648889,28.57142857122449,400,15,400,14
S2,GMR-Full,50,789,DT,1.0,1.0,1.0,1.0,0,1,26.66666666648889,28.57142857122449,400,15,400,14
S2,GMR-Full,100,0,KNN,1.0,1.0,0.0,0.5,0,0,49.999999999375,49.999999999375,400,8,400,8
S2,GMR-Full,100,0,RF,1.0,1.0,1.0,1.0,0,0,49.999999999375,49.999999999375,400,8,400,8
S2,GMR-Full,100,0,LR,0.5098039215686274,0.5,0.0,0.5,0,0,49.999999999375,49.999999999375,400,8,400,8
S2,GMR-Full,100,0,DT,1.0,1.0,1.0,1.0,0,0,49.999999999375,49.999999999375,400,8,400,8
S2,GMR-Full,100,42,KNN,0.0196078431372549,0.5,0.0,0.5,0,0,49.999999999375,49.999999999375,400,8,400,8
S2,GMR-Full,100,42,RF,0.5098039215686274,0.745,0.6666666666666666,0.75,0,0,49.999999999375,49.999999999375,400,8,400,8
S2,GMR-Full,100,42,LR,0.014854426619132503,0.010000000000000009,0.0,0.5,0,0,49.999999999375,49.999999999375,400,8,400,8
S2,GMR-Full,100,42,DT,0.5098039215686274,0.75,0.6666666666666666,0.75,0,0,49.999999999375,49.999999999375,400,8,400,8
S2,GMR-Full,100,123,KNN,0.5098039215686274,0.75,0.0,0.5,0,0,49.999999999375,49.999999999375,400,8,400,8
S2,GMR-Full,100,123,RF,1.0,1.0,0.0,0.5,0,0,49.999999999375,49.999999999375,400,8,400,8
S2,GMR-Full,100,123,LR,0.022399203583872575,0.36,0.0,0.5,0,0,49.999999999375,49.999999999375,400,8,400,8
S2,GMR-Full,100,123,DT,1.0,1.0,1.0,1.0,0,0,49.999999999375,49.999999999375,400,8,400,8
S2,GMR-Full,100,123,XGB,0.6,0.9700000000000001,0.0,0.5,0,0,49.999999999375,49.999999999375,400,8,400,8
S2,GMR-Full,100,456,KNN,0.5098039215686274,0.75,0.0,0.5,0,0,49.999999999375,49.999999999375,400,8,400,8
S2,GMR-Full,100,456,RF,1.0,1.0,0.6666666666666666,0.75,0,0,49.999999999375,49.999999999375,400,8,400,8
S2,GMR-Full,100,456,LR,0.5098039215686274,0.5,0.0,0.5,0,0,49.999999999375,49.999999999375,400,8,400,8
S2,GMR-Full,100,456,DT,1.0,1.0,1.0,1.0,0,0,49.999999999375,49.999999999375,400,8,400,8
S2,GMR-Full,100,789,KNN,0.5098039215686274,0.75,0.0,0.5,0,0,49.999999999375,49.999999999375,400,8,400,8
S2,GMR-Full,100,789,RF,1.0,1.0,1.0,1.0,0,0,49.999999999375,49.999999999375,400,8,400,8
S2,GMR-Full,100,789,LR,0.5098039215686274,0.5,0.0,0.5,0,0,49.999999999375,49.999999999375,400,8,400,8
S2,GMR-Full,100,789,DT,1.0,1.0,1.0,1.0,0,0,49.999999999375,49.999999999375,400,8,400,8
S3,None,10,0,KNN,1.0,1.0,1.0,1.0,0,0,5.55555555554784,5.55555555554784,400,72,400,72
S3,None,10,0,RF,1.0,1.0,1.0,1.0,0,0,5.55555555554784,5.55555555554784,400,72,400,72
S3,None,10,0,LR,0.9644344494419459,0.9905555555555555,0.8888888888888888,0.9344444444444444,0,0,5.55555555554784,5.55555555554784,400,72,400,72
S3,None,10,0,DT,0.9473684210526315,0.995,0.972972972972973,0.995,0,0,5.55555555554784,5.55555555554784,400,72,400,72
S3,None,10,42,KNN,1.0,1.0,1.0,1.0,0,0,5.55555555554784,5.55555555554784,400,72,400,72
S3,None,10,42,RF,1.0,1.0,1.0,1.0,0,0,5.55555555554784,5.55555555554784,400,72,400,72
S3,None,10,42,LR,0.8745978771913174,0.9733333333333334,0.6451612903225806,0.7627777777777778,0,0,5.55555555554784,5.55555555554784,400,72,400,72
S3,None,10,42,DT,1.0,1.0,1.0,1.0,0,0,5.55555555554784,5.55555555554784,400,72,400,72
S3,None,10,123,KNN,1.0,1.0,1.0,1.0,0,0,5.55555555554784,5.55555555554784,400,72,400,72
S3,None,10,123,RF,1.0,1.0,0.9411764705882353,0.9444444444444444,0,0,5.55555555554784,5.55555555554784,400,72,400,72
S3,None,10,123,LR,0.8540037186259839,0.9533333333333334,0.6896551724137931,0.7727777777777778,0,0,5.55555555554784,5.55555555554784,400,72,400,72
S3,None,10,123,DT,0.8535504597319152,0.9394444444444444,0.9142857142857143,0.9394444444444444,0,0,5.55555555554784,5.55555555554784,400,72,400,72
S3,None,10,456,KNN,1.0,1.0,1.0,1.0,0,0,5.55555555554784,5.55555555554784,400,72,400,72
S3,None,10,456,RF,0.9920634920634921,0.9988888888888889,0.9411764705882353,0.9444444444444444,0,0,5.55555555554784,5.55555555554784,400,72,400,72
S3,None,10,456,LR,0.7800850678675757,0.9261111111111111,0.6666666666666667,0.7677777777777778,0,0,5.55555555554784,5.55555555554784,400,72,400,72
S3,None,10,456,DT,0.9058380414312617,0.9444444444444444,0.9411764705882353,0.9444444444444444,0,0,5.55555555554784,5.55555555554784,400,72,400,72
S3,None,10,456,XGB,1.0,1.0,0.9411764705882353,0.9444444444444444,0,0,5.55555555554784,5.55555555554784,400,72,400,72
S3,None,10,789,KNN,1.0,1.0,1.0,1.0,0,0,5.55555555554784,5.55555555554784,400,72,400,72
S3,None,10,789,RF,1.0,1.0,1.0,1.0,0,0,5.55555555554784,5.55555555554784,400,72,400,72
S3,None,10,789,LR,0.9360045412676994,0.9844444444444445,0.7777777777777778,0.8688888888888888,0,0,5.55555555554784,5.55555555554784,400,72,400,72
S3,None,10,789,DT,1.0,1.0,1.0,1.0,0,0,5.55555555554784,5.55555555554784,400,72,400,72
S3,None,20,0,KNN,1.0,1.0,1.0,1.0,0,0,10.499999999972369,10.499999999972369,399,38,399,38
S3,None,20,0,RF,0.9291747888239116,0.9922992299229924,0.8750000000000001,0.8888888888888888,0,0,10.499999999972369,10.499999999972369,399,38,399,38
S3,None,20,0,LR,0.8043503322224319,0.9592959295929593,0.7142857142857143,0.7777777777777778,0,0,10.499999999972369,10.499999999972369,399,38,399,38
S3,None,20,0,DT,0.795959595959596,0.8888888888888888,0.8750000000000001,0.8888888888888888,0,0,10.499999999972369,10.499999999972369,399,38,399,38
S3,None,20,42,KNN,1.0,1.0,1.0,1.0,0,0,10.499999999972369,10.499999999972369,399,38,399,38
S3,None,20,42,RF,1.0,1.0,1.0,1.0,0,0,10.499999999972369,10.499999999972369,399,38,399,38
S3,None,20,42,LR,0.7186714520047854,0.9570957095709571,0.5714285714285714,0.7172717271727173,0,0,10.499999999972369,10.499999999972369,399,38,399,38
S3,None,20,42,DT,1.0,1.0,1.0,1.0,0,0,10.499999999972369,10.499999999972369,399,38,399,38
S3,None,20,123,KNN,1.0,1.0,0.9411764705882353,0.9444444444444444,0,0,10.499999999972369,10.499999999972369,399,38,399,38
S3,None,20,123,RF,0.8757575757575757,0.9378437843784379,0.8,0.8333333333333333,0,0,10.499999999972369,10.499999999972369,399,38,399,38
S3,None,20,123,LR,0.7422775716893364,0.946094609460946,0.6153846153846153,0.7222222222222222,0,0,10.499999999972369,10.499999999972369,399,38,399,38
S3,None,20,123,DT,0.5987012987012986,0.8283828382838283,0.75,0.8283828382838283,0,0,10.499999999972369,10.499999999972369,399,38,399,38
S3,None,20,456,KNN,1.0,1.0,1.0,1.0,0,0,10.499999999972369,10.499999999972369,399,38,399,38
S3,None,20,456,RF,1.0000000000000002,1.0,0.9411764705882353,0.9444444444444444,0,0,10.499999999972369,10.499999999972369,399,38,399,38
S3,None,20,456,LR,0.7483380816714151,0.9482948294829483,0.6666666666666667,0.7728272827282728,0,0,10.499999999972369,10.499999999972369,399,38,399,38
S3,None,20,456,DT,0.9,0.995049504950495,0.9473684210526316,0.995049504950495,0,0,10.499999999972369,10.499999999972369,399,38,399,38
S3,None,20,789,KNN,1.0,1.0,1.0,1.0,0,0,10.499999999972369,10.499999999972369,399,38,399,38
S3,None,20,789,RF,0.9595959595959596,0.9955995599559957,0.8750000000000001,0.8888888888888888,0,0,10.499999999972369,10.499999999972369,399,38,399,38
S3,None,20,789,LR,0.8317408317408319,0.9416941694169416,0.8,0.8333333333333333,0,0,10.499999999972369,10.499999999972369,399,38,399,38
S3,None,20,789,DT,0.5272727272727272,0.8234323432343233,0.7058823529411765,0.8234323432343233,0,0,10.499999999972369,10.499999999972369,399,38,399,38
S3,None,50,0,KNN,1.0,1.0,0.6666666666666666,0.75,0,0,26.66666666648889,26.66666666648889,400,15,400,15
S3,None,50,0,RF,0.9166666666666666,0.99625,0.75,0.87,0,0,26.66666666648889,26.66666666648889,400,15,400,15
S3,None,50,0,LR,0.8333333333333333,0.98,0.4,0.625,0,0,26.66666666648889,26.66666666648889,400,15,400,15
S3,None,50,0,DT,0.7596153846153846,0.875,0.8571428571428571,0.875,0,0,26.66666666648889,26.66666666648889,400,15,400,15
S3,None,50,42,KNN,1.0,1.0,0.8571428571428571,0.875,0,0,26.66666666648889,26.66666666648889,400,15,400,15
S3,None,50,42,RF,0.5192307692307692,0.7374999999999999,0.6666666666666666,0.75,0,0,26.66666666648889,26.66666666648889,400,15,400,15
S3,None,50,42,LR,0.43392857142857144,0.9275,0.4,0.625,0,0,26.66666666648889,26.66666666648889,400,15,400,15
S3,None,50,42,DT,0.5192307692307693,0.75,0.6666666666666666,0.75,0,0,26.66666666648889,26.66666666648889,400,15,400,15
S3,None,50,123,KNN,1.0,1.0,1.0,1.0,0,0,26.66666666648889,26.66666666648889,400,15,400,15
S3,None,50,123,RF,1.0,1.0,1.0,1.0,0,0,26.66666666648889,26.66666666648889,400,15,400,15
S3,None,50,123,LR,1.0,1.0,1.0,1.0,0,0,26.66666666648889,26.66666666648889,400,15,400,15
S3,None,50,123,DT,1.0,1.0,1.0,1.0,0,0,26.66666666648889,26.66666666648889,400,15,400,15
S3,None,50,456,KNN,1.0,1.0,1.0,1.0,0,0,26.66666666648889,26.66666666648889,400,15,400,15
S3,None,50,456,RF,1.0,1.0,0.8571428571428571,0.875,0,0,26.66666666648889,26.66666666648889,400,15,400,15
S3,None,50,456,LR,0.8541666666666666,0.9924999999999999,0.6666666666666666,0.75,0,0,26.66666666648889,26.66666666648889,400,15,400,15
S3,None,50,456,DT,1.0,1.0,1.0,1.0,0,0,26.66666666648889,26.66666666648889,400,15,400,15
S3,None,50,789,KNN,1.0,1.0,1.0,1.0,0,0,26.66666666648889,26.66666666648889,400,15,400,15
S3,None,50,789,RF,1.0,1.0,1.0,1.0,0,0,26.66666666648889,26.66666666648889,400,15,400,15
S3,None,50,789,LR,1.0,1.0,0.8571428571428571,0.875,0,0,26.66666666648889,26.66666666648889,400,15,400,15
S3,None,50,789,DT,1.0,1.0,1.0,1.0,0,0,26.66666666648889,26.66666666648889,400,15,400,15
S3,None,100,0,KNN,1.0,1.0,0.0,0.5,0,0,49.999999999375,49.999999999375,400,8,400,8
S3,None,100,0,RF,1.0,1.0,1.0,1.0,0,0,49.999999999375,49.999999999375,400,8,400,8
S3,None,100,0,LR,0.8333333333333333,0.995,0.6666666666666666,0.75,0,0,49.999999999375,49.999999999375,400,8,400,8
S3,None,100,0,DT,1.0,1.0,1.0,1.0,0,0,49.999999999375,49.999999999375,400,8,400,8
S3,None,100,42,KNN,1.0,1.0,0.0,0.5,0,0,49.999999999375,49.999999999375,400,8,400,8
S3,None,100,42,RF,1.0,1.0,1.0,1.0,0,0,49.999999999375,49.999999999375,400,8,400,8
S3,None,100,42,LR,1.0,1.0,1.0,1.0,0,0,49.999999999375,49.999999999375,400,8,400,8
S3,None,100,42,DT,1.0,1.0,1.0,1.0,0,0,49.999999999375,49.999999999375,400,8,400,8
S3,None,100,123,KNN,1.0,1.0,1.0,1.0,0,0,49.999999999375,49.999999999375,400,8,400,8
S3,None,100,123,RF,0.7,0.99,0.6666666666666666,0.75,0,0,49.999999999375,49.999999999375,400,8,400,8
S3,None,100,123,LR,0.6428571428571428,0.975,0.6666666666666666,0.75,0,0,49.999999999375,49.999999999375,400,8,400,8
S3,None,100,123,DT,0.5098039215686274,0.75,0.6666666666666666,0.75,0,0,49.999999999375,49.999999999375,400,8,400,8
S3,None,100,456,KNN,1.0,1.0,1.0,1.0,0,0,49.999999999375,49.999999999375,400,8,400,8
S3,None,100,456,RF,1.0,1.0,1.0,1.0,0,0,49.999999999375,49.999999999375,400,8,400,8
S3,None,100,456,LR,1.0,1.0,1.0,1.0,0,0,49.999999999375,49.999999999375,400,8,400,8
S3,None,100,456,DT,1.0,1.0,1.0,1.0,0,0,49.999999999375,49.999999999375,400,8,400,8
S3,None,100,789,KNN,1.0,1.0,1.0,1.0,0,0,49.999999999375,49.999999999375,400,8,400,8
S3,None,100,789,RF,1.0,1.0,1.0,1.0,0,0,49.999999999375,49.999999999375,400,8,400,8
S3,None,100,789,LR,1.0,1.0,1.0,1.0,0,0,49.999999999375,49.999999999375,400,8,400,8
S3,None,100,789,DT,1.0,1.0,1.0,1.0,0,0,49.999999999375,49.999999999375,400,8,400,8
S3,SMOTE,10,0,KNN,1.0,1.0,1.0,1.0,0,-328,5.55555555554784,0.99999999999975,400,72,400,400
S3,SMOTE,10,0,RF,1.0,1.0,0.972972972972973,0.995,0,-328,5.55555555554784,0.99999999999975,400,72,400,400
S3,SMOTE,10,0,LR,0.9644344494419459,0.9905555555555555,0.7906976744186047,0.9322222222222223,0,-328,5.55555555554784,0.99999999999975,400,72,400,400
S3,SMOTE,10,0,DT,1.0,1.0,1.0,1.0,0,-328,5.55555555554784,0.99999999999975,400,72,400,400
S3,SMOTE,10,42,KNN,1.0,1.0,1.0,1.0,0,-328,5.55555555554784,0.99999999999975,400,72,400,400
S3,SMOTE,10,42,RF,0.9970760233918129,0.9994444444444445,0.972972972972973,0.995,0,-328,5.55555555554784,0.99999999999975,400,72,400,400
S3,SMOTE,10,42,LR,0.8756353292091617,0.9733333333333334,0.7804878048780488,0.9094444444444445,0,-328,5.55555555554784,0.99999999999975,400,72,400,400
S3,SMOTE,10,42,DT,1.0,1.0,1.0,1.0,0,-328,5.55555555554784,0.99999999999975,400,72,400,400
S3,SMOTE,10,123,KNN,1.0,1.0,1.0,1.0,0,-328,5.55555555554784,0.99999999999975,400,72,400,400
S3,SMOTE,10,123,RF,1.0,1.0,0.9411764705882353,0.9444444444444444,0,-328,5.55555555554784,0.99999999999975,400,72,400,400
S3,SMOTE,10,123,LR,0.8540037186259839,0.9533333333333334,0.7317073170731708,0.8766666666666667,0,-328,5.55555555554784,0.99999999999975,400,72,400,400
S3,SMOTE,10,123,DT,0.9058380414312617,0.9444444444444444,0.9411764705882353,0.9444444444444444,0,-328,5.55555555554784,0.99999999999975,400,72,400,400
S3,SMOTE,10,456,KNN,1.0,1.0,1.0,1.0,0,-328,5.55555555554784,0.99999999999975,400,72,400,400
S3,SMOTE,10,456,RF,1.0,1.0,0.9714285714285714,0.9722222222222222,0,-328,5.55555555554784,0.99999999999975,400,72,400,400
S3,SMOTE,10,456,LR,0.786287754070262,0.9255555555555556,0.625,0.8416666666666667,0,-328,5.55555555554784,0.99999999999975,400,72,400,400
S3,SMOTE,10,456,DT,1.0,1.0,1.0,1.0,0,-328,5.55555555554784,0.99999999999975,400,72,400,400
S3,SMOTE,10,789,KNN,1.0,1.0,1.0,1.0,0,-328,5.55555555554784,0.99999999999975,400,72,400,400
S3,SMOTE,10,789,RF,1.0,1.0,1.0,1.0,0,-328,5.55555555554784,0.99999999999975,400,72,400,400
S3,SMOTE,10,789,LR,0.9337538290169871,0.9844444444444445,0.6792452830188679,0.915,0,-328,5.55555555554784,0.99999999999975,400,72,400,400
S3,SMOTE,10,789,DT,1.0,1.0,1.0,1.0,0,-328,5.55555555554784,0.99999999999975,400,72,400,400
S3,SMOTE,20,0,KNN,1.0,1.0,1.0,1.0,0,-361,10.499999999972369,0.9999999999997494,399,38,399,399
S3,SMOTE,20,0,RF,0.8757575757575757,0.9345434543454345,0.8750000000000001,0.8888888888888888,0,-361,10.499999999972369,0.9999999999997494,399,38,399,399
S3,SMOTE,20,0,LR,0.8033422677063029,0.9581958195819582,0.5833333333333334,0.8492849284928493,0,-361,10.499999999972369,0.9999999999997494,399,38,399,399
S3,SMOTE,20,0,DT,0.795959595959596,0.8888888888888888,0.8750000000000001,0.8888888888888888,0,-361,10.499999999972369,0.9999999999997494,399,38,399,399
S3,SMOTE,20,42,KNN,1.0,1.0,1.0,1.0,0,-361,10.499999999972369,0.9999999999997494,399,38,399,399
S3,SMOTE,20,42,RF,1.0,1.0,0.9473684210526316,0.995049504950495,0,-361,10.499999999972369,0.9999999999997494,399,38,399,399
S3,SMOTE,20,42,LR,0.7124986124986126,0.955995599559956,0.6086956521739131,0.8542354235423543,0,-361,10.499999999972369,0.9999999999997494,399,38,399,399
S3,SMOTE,20,42,DT,0.897979797979798,0.9444444444444444,0.9411764705882353,0.9444444444444444,0,-361,10.499999999972369,0.9999999999997494,399,38,399,399
S3,SMOTE,20,123,KNN,1.0,1.0,1.0,1.0,0,-361,10.499999999972369,0.9999999999997494,399,38,399,399
S3,SMOTE,20,123,RF,0.8979797979797979,0.9367436743674368,0.8750000000000001,0.8888888888888888,0,-361,10.499999999972369,0.9999999999997494,399,38,399,399
S3,SMOTE,20,123,LR,0.7422775716893364,0.946094609460946,0.6,0.8085808580858085,0,-361,10.499999999972369,0.9999999999997494,399,38,399,399
S3,SMOTE,20,123,DT,0.7992143658810326,0.9394939493949395,0.8888888888888888,0.9394939493949395,0,-361,10.499999999972369,0.9999999999997494,399,38,399,399
S3,SMOTE,20,456,KNN,1.0,1.0,1.0,1.0,0,-361,10.499999999972369,0.9999999999997494,399,38,399,399
S3,SMOTE,20,456,RF,1.0,1.0,1.0,1.0,0,-361,10.499999999972369,0.9999999999997494,399,38,399,399
S3,SMOTE,20,456,LR,0.7483380816714151,0.9482948294829483,0.47058823529411764,0.8602860286028602,0,-361,10.499999999972369,0.9999999999997494,399,38,399,399
S3,SMOTE,20,456,DT,1.0,1.0,1.0,1.0,0,-361,10.499999999972369,0.9999999999997494,399,38,399,399
S3,SMOTE,20,789,KNN,1.0,1.0,1.0,1.0,0,-361,10.499999999972369,0.9999999999997494,399,38,399,399
S3,SMOTE,20,789,RF,0.9444444444444444,0.9944994499449946,0.823529411764706,0.8839383938393839,0,-361,10.499999999972369,0.9999999999997494,399,38,399,399
S3,SMOTE,20,789,LR,0.8342293906810037,0.9449944994499451,0.56,0.8443344334433444,0,-361,10.499999999972369,0.9999999999997494,399,38,399,399
S3,SMOTE,20,789,DT,0.6231200897867565,0.8789878987898788,0.7777777777777778,0.8789878987898789,0,-361,10.499999999972369,0.9999999999997494,399,38,399,399
S3,SMOTE,50,0,KNN,1.0,1.0,1.0,1.0,0,-385,26.66666666648889,0.99999999999975,400,15,400,400
S3,SMOTE,50,0,RF,1.0,1.0,1.0,1.0,0,-385,26.66666666648889,0.99999999999975,400,15,400,400
S3,SMOTE,50,0,LR,0.8333333333333333,0.98,0.46153846153846156,0.845,0,-385,26.66666666648889,0.99999999999975,400,15,400,400
S3,SMOTE,50,0,DT,0.6666666666666666,0.99,0.8,0.99,0,-385,26.66666666648889,0.99999999999975,400,15,400,400
S3,SMOTE,50,0,XGB,0.8875,0.9962500000000001,0.888888888888889,0.995,0,-385,26.66666666648889,0.99999999999975,400,15,400,400
S3,SMOTE,50,42,KNN,1.0,1.0,1.0,1.0,0,-385,26.66666666648889,0.99999999999975,400,15,400,400
S3,SMOTE,50,42,RF,0.75,0.9800000000000001,0.6666666666666666,0.75,0,-385,26.66666666648889,0.99999999999975,400,15,400,400
S3,SMOTE,50,42,LR,0.44967320261437904,0.9225,0.30769230769230765,0.7150000000000001,0,-385,26.66666666648889,0.99999999999975,400,15,400,400
S3,SMOTE,50,42,DT,0.5192307692307693,0.75,0.6666666666666666,0.75,0,-385,26.66666666648889,0.99999999999975,400,15,400,400
S3,SMOTE,50,123,KNN,1.0,1.0,1.0,1.0,0,-385,26.66666666648889,0.99999999999975,400,15,400,400
S3,SMOTE,50,123,RF,1.0,1.0,1.0,1.0,0,-385,26.66666666648889,0.99999999999975,400,15,400,400
S3,SMOTE,50,123,LR,1.0,1.0,0.6153846153846153,0.975,0,-385,26.66666666648889,0.99999999999975,400,15,400,400
S3,SMOTE,50,123,DT,0.8,0.995,0.888888888888889,0.995,0,-385,26.66666666648889,0.99999999999975,400,15,400,400
S3,SMOTE,50,456,KNN,1.0,1.0,1.0,1.0,0,-385,26.66666666648889,0.99999999999975,400,15,400,400
S3,SMOTE,50,456,RF,1.0,1.0,1.0,1.0,0,-385,26.66666666648889,0.99999999999975,400,15,400,400
S3,SMOTE,50,456,LR,0.8541666666666666,0.9924999999999999,0.5333333333333333,0.9650000000000001,0,-385,26.66666666648889,0.99999999999975,400,15,400,400
S3,SMOTE,50,456,DT,0.8,0.995,0.888888888888889,0.995,0,-385,26.66666666648889,0.99999999999975,400,15,400,400
S3,SMOTE,50,789,KNN,1.0,1.0,1.0,1.0,0,-385,26.66666666648889,0.99999999999975,400,15,400,400
S3,SMOTE,50,789,RF,1.0,1.0,1.0,1.0,0,-385,26.66666666648889,0.99999999999975,400,15,400,400
S3,SMOTE,50,789,LR,1.0,1.0,0.5333333333333333,0.9650000000000001,0,-385,26.66666666648889,0.99999999999975,400,15,400,400
S3,SMOTE,50,789,DT,0.8,0.995,0.888888888888889,0.995,0,-385,26.66666666648889,0.99999999999975,400,15,400,400
S3,SMOTE,100,0,KNN,1.0,1.0,1.0,1.0,0,-392,49.999999999375,0.99999999999975,400,8,400,400
S3,SMOTE,100,0,RF,1.0,1.0,1.0,1.0,0,-392,49.999999999375,0.99999999999975,400,8,400,400
S3,SMOTE,100,0,LR,0.75,0.99,0.6666666666666666,0.99,0,-392,49.999999999375,0.99999999999975,400,8,400,400
S3,SMOTE,100,0,DT,1.0,1.0,1.0,1.0,0,-392,49.999999999375,0.99999999999975,400,8,400,400
S3,SMOTE,100,42,KNN,1.0,1.0,1.0,1.0,0,-392,49.999999999375,0.99999999999975,400,8,400,400
S3,SMOTE,100,42,RF,1.0,1.0,0.8,0.995,0,-392,49.999999999375,0.99999999999975,400,8,400,400
S3,SMOTE,100,42,LR,1.0,1.0,0.2857142857142857,0.95,0,-392,49.999999999375,0.99999999999975,400,8,400,400
S3,SMOTE,100,42,DT,0.6666666666666666,0.995,0.8,0.995,0,-392,49.999999999375,0.99999999999975,400,8,400,400
S3,SMOTE,100,123,KNN,1.0,1.0,1.0,1.0,0,-392,49.999999999375,0.99999999999975,400,8,400,400
S3,SMOTE,100,123,RF,1.0,1.0,0.6666666666666666,0.75,0,-392,49.999999999375,0.99999999999975,400,8,400,400
S3,SMOTE,100,123,LR,0.6428571428571428,0.975,0.3333333333333333,0.735,0,-392,49.999999999375,0.99999999999975,400,8,400,400
S3,SMOTE,100,123,DT,1.0,1.0,1.0,1.0,0,-392,49.999999999375,0.99999999999975,400,8,400,400
S3,SMOTE,100,456,KNN,1.0,1.0,1.0,1.0,0,-392,49.999999999375,0.99999999999975,400,8,400,400
S3,SMOTE,100,456,RF,1.0,1.0,1.0,1.0,0,-392,49.999999999375,0.99999999999975,400,8,400,400
S3,SMOTE,100,456,LR,1.0,1.0,0.6666666666666666,0.99,0,-392,49.999999999375,0.99999999999975,400,8,400,400
S3,SMOTE,100,456,DT,1.0,1.0,1.0,1.0,0,-392,49.999999999375,0.99999999999975,400,8,400,400
S3,SMOTE,100,789,KNN,1.0,1.0,1.0,1.0,0,-392,49.999999999375,0.99999999999975,400,8,400,400
S3,SMOTE,100,789,RF,1.0,1.0,1.0,1.0,0,-392,49.999999999375,0.99999999999975,400,8,400,400
S3,SMOTE,100,789,LR,1.0,1.0,0.4444444444444445,0.975,0,-392,49.999999999375,0.99999999999975,400,8,400,400
S3,SMOTE,100,789,DT,1.0,1.0,1.0,1.0,0,-392,49.999999999375,0.99999999999975,400,8,400,400
S3,SMOTE,100,789,XGB,1.0,1.0,1.0,1.0,0,-392,49.999999999375,0.99999999999975,400,8,400,400
S3,Tomek,10,0,KNN,1.0,1.0,1.0,1.0,0,0,5.55555555554784,5.55555555554784,400,72,400,72
S3,Tomek,10,0,RF,1.0,1.0,1.0,1.0,0,0,5.55555555554784,5.55555555554784,400,72,400,72
S3,Tomek,10,0,LR,0.9644344494419459,0.9905555555555555,0.8888888888888888,0.9344444444444444,0,0,5.55555555554784,5.55555555554784,400,72,400,72
S3,Tomek,10,0,DT,0.9473684210526315,0.995,0.972972972972973,0.995,0,0,5.55555555554784,5.55555555554784,400,72,400,72
S3,Tomek,10,42,KNN,1.0,1.0,1.0,1.0,0,0,5.55555555554784,5.55555555554784,400,72,400,72
S3,Tomek,10,42,RF,1.0,1.0,1.0,1.0,0,0,5.55555555554784,5.55555555554784,400,72,400,72
S3,Tomek,10,42,LR,0.8745978771913174,0.9733333333333334,0.6451612903225806,0.7627777777777778,0,0,5.55555555554784,5.55555555554784,400,72,400,72
S3,Tomek,10,42,DT,1.0,1.0,1.0,1.0,0,0,5.55555555554784,5.55555555554784,400,72,400,72
S3,Tomek,10,123,KNN,1.0,1.0,1.0,1.0,0,0,5.55555555554784,5.55555555554784,400,72,400,72
S3,Tomek,10,123,RF,1.0,1.0,0.9411764705882353,0.9444444444444444,0,0,5.55555555554784,5.55555555554784,400,72,400,72
S3,Tomek,10,123,LR,0.8540037186259839,0.9533333333333334,0.6896551724137931,0.7727777777777778,0,0,5.55555555554784,5.55555555554784,400,72,400,72
S3,Tomek,10,123,DT,0.8535504597319152,0.9394444444444444,0.9142857142857143,0.9394444444444444,0,0,5.55555555554784,5.55555555554784,400,72,400,72
S3,Tomek,10,456,KNN,1.0,1.0,1.0,1.0,0,0,5.55555555554784,5.55555555554784,400,72,400,72
S3,Tomek,10,456,RF,0.9920634920634921,0.9988888888888889,0.9411764705882353,0.9444444444444444,0,0,5.55555555554784,5.55555555554784,400,72,400,72
S3,Tomek,10,456,LR,0.7800850678675757,0.9261111111111111,0.6666666666666667,0.7677777777777778,0,0,5.55555555554784,5.55555555554784,400,72,400,72
S3,Tomek,10,456,DT,0.9058380414312617,0.9444444444444444,0.9411764705882353,0.9444444444444444,0,0,5.55555555554784,5.55555555554784,400,72,400,72
S3,Tomek,10,789,KNN,1.0,1.0,1.0,1.0,0,0,5.55555555554784,5.55555555554784,400,72,400,72
S3,Tomek,10,789,RF,1.0,1.0,1.0,1.0,0,0,5.55555555554784,5.55555555554784,400,72,400,72
S3,Tomek,10,789,LR,0.9360045412676994,0.9844444444444445,0.7777777777777778,0.8688888888888888,0,0,5.55555555554784,5.55555555554784,400,72,400,72
S3,Tomek,10,789,DT,1.0,1.0,1.0,1.0,0,0,5.55555555554784,5.55555555554784,400,72,400,72
S3,Tomek,20,0,KNN,1.0,1.0,1.0,1.0,0,0,10.499999999972369,10.499999999972369,399,38,399,38
S3,Tomek,20,0,RF,0.9291747888239116,0.9922992299229924,0.8750000000000001,0.8888888888888888,0,0,10.499999999972369,10.499999999972369,399,38,399,38
S3,Tomek,20,0,LR,0.8043503322224319,0.9592959295929593,0.7142857142857143,0.7777777777777778,0,0,10.499999999972369,10.499999999972369,399,38,399,38
S3,Tomek,20,0,DT,0.795959595959596,0.8888888888888888,0.8750000000000001,0.8888888888888888,0,0,10.499999999972369,10.499999999972369,399,38,399,38
S3,Tomek,20,42,KNN,1.0,1.0,1.0,1.0,0,0,10.499999999972369,10.499999999972369,399,38,399,38
S3,Tomek,20,42,RF,1.0,1.0,1.0,1.0,0,0,10.499999999972369,10.499999999972369,399,38,399,38
S3,Tomek,20,42,LR,0.7186714520047854,0.9570957095709571,0.5714285714285714,0.7172717271727173,0,0,10.499999999972369,10.499999999972369,399,38,399,38
S3,Tomek,20,42,DT,1.0,1.0,1.0,1.0,0,0,10.499999999972369,10.499999999972369,399,38,399,38
S3,Tomek,20,42,XGB,1.0000000000000002,1.0,1.0,1.0,0,0,10.499999999972369,10.499999999972369,399,38,399,38
S3,Tomek,20,123,KNN,1.0,1.0,0.9411764705882353,0.9444444444444444,0,0,10.499999999972369,10.499999999972369,399,38,399,38
S3,Tomek,20,123,RF,0.8757575757575757,0.9378437843784379,0.8,0.8333333333333333,0,0,10.499999999972369,10.499999999972369,399,38,399,38
S3,Tomek,20,123,LR,0.7422775716893364,0.946094609460946,0.6153846153846153,0.7222222222222222,0,0,10.499999999972369,10.499999999972369,399,38,399,38
S3,Tomek,20,123,DT,0.5987012987012986,0.8283828382838283,0.75,0.8283828382838283,0,0,10.499999999972369,10.499999999972369,399,38,399,38
S3,Tomek,20,456,KNN,1.0,1.0,1.0,1.0,0,0,10.499999999972369,10.499999999972369,399,38,399,38
S3,Tomek,20,456,RF,1.0000000000000002,1.0,0.9411764705882353,0.9444444444444444,0,0,10.499999999972369,10.499999999972369,399,38,399,38
S3,Tomek,20,456,LR,0.7483380816714151,0.9482948294829483,0.6666666666666667,0.7728272827282728,0,0,10.499999999972369,10.499999999972369,399,38,399,38
S3,Tomek,20,456,DT,0.9,0.995049504950495,0.9473684210526316,0.995049504950495,0,0,10.499999999972369,10.499999999972369,399,38,399,38
S3,Tomek,20,789,KNN,1.0,1.0,1.0,1.0,0,0,10.499999999972369,10.499999999972369,399,38,399,38
S3,Tomek,20,789,RF,0.9595959595959596,0.9955995599559957,0.8750000000000001,0.8888888888888888,0,0,10.499999999972369,10.499999999972369,399,38,399,38
S3,Tomek,20,789,LR,0.8317408317408319,0.9416941694169416,0.8,0.8333333333333333,0,0,10.499999999972369,10.499999999972369,399,38,399,38
S3,Tomek,20,789,DT,0.5272727272727272,0.8234323432343233,0.7058823529411765,0.8234323432343233,0,0,10.499999999972369,10.499999999972369,399,38,399,38
S3,Tomek,50,0,KNN,1.0,1.0,0.6666666666666666,0.75,0,0,26.66666666648889,26.66666666648889,400,15,400,15
S3,Tomek,50,0,RF,0.9166666666666666,0.99625,0.75,0.87,0,0,26.66666666648889,26.66666666648889,400,15,400,15
S3,Tomek,50,0,LR,0.8333333333333333,0.98,0.4,0.625,0,0,26.66666666648889,26.66666666648889,400,15,400,15
S3,Tomek,50,0,DT,0.7596153846153846,0.875,0.8571428571428571,0.875,0,0,26.66666666648889,26.66666666648889,400,15,400,15
S3,Tomek,50,42,KNN,1.0,1.0,0.8571428571428571,0.875,0,0,26.66666666648889,26.66666666648889,400,15,400,15
S3,Tomek,50,42,RF,0.5192307692307692,0.7374999999999999,0.6666666666666666,0.75,0,0,26.66666666648889,26.66666666648889,400,15,400,15
S3,Tomek,50,42,LR,0.43392857142857144,0.9275,0.4,0.625,0,0,26.66666666648889,26.66666666648889,400,15,400,15
S3,Tomek,50,42,DT,0.5192307692307693,0.75,0.6666666666666666,0.75,0,0,26.66666666648889,26.66666666648889,400,15,400,15
S3,Tomek,50,123,KNN,1.0,1.0,1.0,1.0,0,0,26.66666666648889,26.66666666648889,400,15,400,15
S3,Tomek,50,123,RF,1.0,1.0,1.0,1.0,0,0,26.66666666648889,26.66666666648889,400,15,400,15
S3,Tomek,50,123,LR,1.0,1.0,1.0,1.0,0,0,26.66666666648889,26.66666666648889,400,15,400,15
S3,Tomek,50,123,DT,1.0,1.0,1.0,1.0,0,0,26.66666666648889,26.66666666648889,400,15,400,15
S3,Tomek,50,456,KNN,1.0,1.0,1.0,1.0,0,0,26.66666666648889,26.66666666648889,400,15,400,15
S3,Tomek,50,456,RF,1.0,1.0,0.8571428571428571,0.875,0,0,26.66666666648889,26.66666666648889,400,15,400,15
S3,Tomek,50,456,LR,0.8541666666666666,0.9924999999999999,0.6666666666666666,0.75,0,0,26.66666666648889,26.66666666648889,400,15,400,15
S3,Tomek,50,456,DT,1.0,1.0,1.0,1.0,0,0,26.66666666648889,26.66666666648889,400,15,400,15
S3,Tomek,50,456,XGB,1.0,1.0,1.0,1.0,0,0,26.66666666648889,26.66666666648889,400,15,400,15
S3,Tomek,50,789,KNN,1.0,1.0,1.0,1.0,0,0,26.66666666648889,26.66666666648889,400,15,400,15
S3,Tomek,50,789,RF,1.0,1.0,1.0,1.0,0,0,26.66666666648889,26.66666666648889,400,15,400,15
S3,Tomek,50,789,LR,1.0,1.0,0.8571428571428571,0.875,0,0,26.66666666648889,26.66666666648889,400,15,400,15
S3,Tomek,50,789,DT,1.0,1.0,1.0,1.0,0,0,26.66666666648889,26.66666666648889,400,15,400,15
S3,Tomek,100,0,KNN,1.0,1.0,0.0,0.5,0,0,49.999999999375,49.999999999375,400,8,400,8
S3,Tomek,100,0,RF,1.0,1.0,1.0,1.0,0,0,49.999999999375,49.999999999375,400,8,400,8
S3,Tomek,100,0,LR,0.8333333333333333,0.995,0.6666666666666666,0.75,0,0,49.999999999375,49.999999999375,400,8,400,8
S3,Tomek,100,0,DT,1.0,1.0,1.0,1.0,0,0,49.999999999375,49.999999999375,400,8,400,8
S3,Tomek,100,42,KNN,1.0,1.0,0.0,0.5,0,0,49.999999999375,49.999999999375,400,8,400,8
S3,Tomek,100,42,RF,1.0,1.0,1.0,1.0,0,0,49.999999999375,49.999999999375,400,8,400,8
S3,Tomek,100,42,LR,1.0,1.0,1.0,1.0,0,0,49.999999999375,49.999999999375,400,8,400,8
S3,Tomek,100,42,DT,1.0,1.0,1.0,1.0,0,0,49.999999999375,49.999999999375,400,8,400,8
S3,Tomek,100,123,KNN,1.0,1.0,1.0,1.0,0,0,49.999999999375,49.999999999375,400,8,400,8
S3,Tomek,100,123,RF,0.7,0.99,0.6666666666666666,0.75,0,0,49.999999999375,49.999999999375,400,8,400,8
S3,Tomek,100,123,LR,0.6428571428571428,0.975,0.6666666666666666,0.75,0,0,49.999999999375,49.999999999375,400,8,400,8
S3,Tomek,100,123,DT,0.5098039215686274,0.75,0.6666666666666666,0.75,0,0,49.999999999375,49.999999999375,400,8,400,8
S3,Tomek,100,456,KNN,1.0,1.0,1.0,1.0,0,0,49.999999999375,49.999999999375,400,8,400,8
S3,Tomek,100,456,RF,1.0,1.0,1.0,1.0,0,0,49.999999999375,49.999999999375,400,8,400,8
S3,Tomek,100,456,LR,1.0,1.0,1.0,1.0,0,0,49.999999999375,49.999999999375,400,8,400,8
S3,Tomek,100,456,DT,1.0,1.0,1.0,1.0,0,0,49.999999999375,49.999999999375,400,8,400,8
S3,Tomek,100,456,XGB,1.0,1.0,1.0,1.0,0,0,49.999999999375,49.999999999375,400,8,400,8
S3,Tomek,100,789,KNN,1.0,1.0,1.0,1.0,0,0,49.999999999375,49.999999999375,400,8,400,8
S3,Tomek,100,789,RF,1.0,1.0,1.0,1.0,0,0,49.999999999375,49.999999999375,400,8,400,8
S3,Tomek,100,789,LR,1.0,1.0,1.0,1.0,0,0,49.999999999375,49.999999999375,400,8,400,8
S3,Tomek,100,789,DT,1.0,1.0,1.0,1.0,0,0,49.999999999375,49.999999999375,400,8,400,8
S3,RandomUS,10,0,KNN,1.0,1.0,1.0,1.0,328,0,5.55555555554784,0.9999999999986111,400,72,72,72
S3,RandomUS,10,0,RF,1.0,1.0,0.972972972972973,0.995,328,0,5.55555555554784,0.9999999999986111,400,72,72,72
S3,RandomUS,10,0,LR,0.9644344494419459,0.9905555555555555,0.7727272727272727,0.9272222222222222,328,0,5.55555555554784,0.9999999999986111,400,72,72,72
S3,RandomUS,10,0,DT,0.9,0.99,0.9473684210526316,0.99,328,0,5.55555555554784,0.9999999999986111,400,72,72,72
S3,RandomUS,10,42,KNN,1.0,1.0,1.0,1.0,328,0,5.55555555554784,0.9999999999986111,400,72,72,72
S3,RandomUS,10,42,RF,1.0,1.0,0.972972972972973,0.995,328,0,5.55555555554784,0.9999999999986111,400,72,72,72
S3,RandomUS,10,42,LR,0.8743548453693382,0.9733333333333334,0.8,0.9550000000000001,328,0,5.55555555554784,0.9999999999986111,400,72,72,72
S3,RandomUS,10,42,DT,0.8535038160372683,0.9622222222222222,0.918918918918919,0.9622222222222222,328,0,5.55555555554784,0.9999999999986111,400,72,72,72
S3,RandomUS,10,123,KNN,1.0,1.0,1.0,1.0,328,0,5.55555555554784,0.9999999999986111,400,72,72,72
S3,RandomUS,10,123,RF,0.9719298245614034,0.9922222222222222,0.9411764705882353,0.9444444444444444,328,0,5.55555555554784,0.9999999999986111,400,72,72,72
S3,RandomUS,10,123,LR,0.8568612412203485,0.9533333333333334,0.7317073170731708,0.8766666666666667,328,0,5.55555555554784,0.9999999999986111,400,72,72,72
S3,RandomUS,10,123,DT,0.8066737288135594,0.9116666666666667,0.8823529411764706,0.9116666666666666,328,0,5.55555555554784,0.9999999999986111,400,72,72,72
S3,RandomUS,10,123,XGB,0.9140036715060628,0.9763888888888889,0.8888888888888888,0.9344444444444444,328,0,5.55555555554784,0.9999999999986111,400,72,72,72
S3,RandomUS,10,456,KNN,1.0,1.0,1.0,1.0,328,0,5.55555555554784,0.9999999999986111,400,72,72,72
S3,RandomUS,10,456,RF,0.9944444444444445,0.9988888888888888,0.9444444444444444,0.9672222222222222,328,0,5.55555555554784,0.9999999999986111,400,72,72,72
S3,RandomUS,10,456,LR,0.7872609937935016,0.9277777777777778,0.6666666666666667,0.8566666666666667,328,0,5.55555555554784,0.9999999999986111,400,72,72,72
S3,RandomUS,10,456,DT,0.9473684210526315,0.995,0.972972972972973,0.995,328,0,5.55555555554784,0.9999999999986111,400,72,72,72
S3,RandomUS,10,789,KNN,1.0,1.0,1.0,1.0,328,0,5.55555555554784,0.9999999999986111,400,72,72,72
S3,RandomUS,10,789,RF,1.0,1.0,0.9473684210526316,0.99,328,0,5.55555555554784,0.9999999999986111,400,72,72,72
S3,RandomUS,10,789,LR,0.9281612420501311,0.9816666666666667,0.6792452830188679,0.915,328,0,5.55555555554784,0.9999999999986111,400,72,72,72
S3,RandomUS,10,789,DT,1.0,1.0,1.0,1.0,328,0,5.55555555554784,0.9999999999986111,400,72,72,72
S3,RandomUS,20,0,KNN,1.0,1.0,1.0,1.0,361,0,10.499999999972369,0.9999999999973683,399,38,38,38
S3,RandomUS,20,0,RF,0.8771604938271604,0.9774477447744774,0.6666666666666666,0.8641364136413641,361,0,10.499999999972369,0.9999999999973683,399,38,38,38
S3,RandomUS,20,0,LR,0.8033422677063029,0.9581958195819582,0.5833333333333334,0.8492849284928493,361,0,10.499999999972369,0.9999999999973683,399,38,38,38
S3,RandomUS,20,0,DT,0.3811447811447812,0.8492849284928493,0.5833333333333334,0.8492849284928493,361,0,10.499999999972369,0.9999999999973683,399,38,38,38
S3,RandomUS,20,42,KNN,1.0,1.0,1.0,1.0,361,0,10.499999999972369,0.9999999999973683,399,38,38,38
S3,RandomUS,20,42,RF,0.881657848324515,0.9895489548954897,0.7499999999999999,0.9702970297029703,361,0,10.499999999972369,0.9999999999973683,399,38,38,38
S3,RandomUS,20,42,LR,0.7249066293183941,0.9592959295929593,0.6153846153846153,0.8998899889988998,361,0,10.499999999972369,0.9999999999973683,399,38,38,38
S3,RandomUS,20,42,DT,0.6428571428571429,0.9752475247524752,0.782608695652174,0.9752475247524752,361,0,10.499999999972369,0.9999999999973683,399,38,38,38
S3,RandomUS,20,123,KNN,1.0,1.0,0.9411764705882353,0.9444444444444444,361,0,10.499999999972369,0.9999999999973683,399,38,38,38
S3,RandomUS,20,123,RF,0.8908439231019876,0.9741474147414741,0.7368421052631577,0.874037403740374,361,0,10.499999999972369,0.9999999999973683,399,38,38,38
S3,RandomUS,20,123,LR,0.7533886828004475,0.9460946094609461,0.5833333333333334,0.8492849284928493,361,0,10.499999999972369,0.9999999999973683,399,38,38,38
S3,RandomUS,20,123,DT,0.5131313131313131,0.869086908690869,0.7000000000000001,0.869086908690869,361,0,10.499999999972369,0.9999999999973683,399,38,38,38
S3,RandomUS,20,123,XGB,0.6719182052515386,0.8921892189218923,0.6956521739130435,0.9147414741474147,361,0,10.499999999972369,0.9999999999973683,399,38,38,38
S3,RandomUS,20,456,KNN,1.0,1.0,0.9473684210526316,0.995049504950495,361,0,10.499999999972369,0.9999999999973683,399,38,38,38
S3,RandomUS,20,456,RF,0.9598765432098766,0.9961496149614961,0.8571428571428571,0.9851485148514851,361,0,10.499999999972369,0.9999999999973683,399,38,38,38
S3,RandomUS,20,456,LR,0.7169959669959671,0.9471947194719472,0.4615384615384615,0.8960396039603961,361,0,10.499999999972369,0.9999999999973683,399,38,38,38
S3,RandomUS,20,456,DT,0.6923076923076923,0.9801980198019802,0.8181818181818181,0.9801980198019802,361,0,10.499999999972369,0.9999999999973683,399,38,38,38
S3,RandomUS,20,789,KNN,1.0,1.0,1.0,1.0,361,0,10.499999999972369,0.9999999999973683,399,38,38,38
S3,RandomUS,20,789,RF,0.8735436203466894,0.9752475247524752,0.823529411764706,0.8839383938393839,361,0,10.499999999972369,0.9999999999973683,399,38,38,38
S3,RandomUS,20,789,LR,0.8287849252761534,0.9372937293729372,0.5384615384615384,0.8393839383938394,361,0,10.499999999972369,0.9999999999973683,399,38,38,38
S3,RandomUS,20,789,DT,0.358459595959596,0.8443344334433444,0.56,0.8443344334433444,361,0,10.499999999972369,0.9999999999973683,399,38,38,38
S3,RandomUS,50,0,KNN,0.6348484848484848,0.9662499999999999,0.4210526315789474,0.9450000000000001,385,0,26.66666666648889,0.9999999999933333,400,15,15,15
S3,RandomUS,50,0,RF,0.7954545454545454,0.955,0.3333333333333333,0.8200000000000001,385,0,26.66666666648889,0.9999999999933333,400,15,15,15
S3,RandomUS,50,0,LR,0.8166666666666667,0.9725,0.4210526315789474,0.9450000000000001,385,0,26.66666666648889,0.9999999999933333,400,15,15,15
S3,RandomUS,50,0,DT,0.4,0.97,0.5714285714285715,0.97,385,0,26.66666666648889,0.9999999999933333,400,15,15,15
S3,RandomUS,50,0,XGB,0.6011494252873564,0.935,0.21428571428571427,0.77,385,0,26.66666666648889,0.9999999999933333,400,15,15,15
S3,RandomUS,50,42,KNN,0.9166666666666666,0.9975,0.8,0.99,385,0,26.66666666648889,0.9999999999933333,400,15,15,15
S3,RandomUS,50,42,RF,0.6357142857142857,0.97875,0.4444444444444445,0.735,385,0,26.66666666648889,0.9999999999933333,400,15,15,15
S3,RandomUS,50,42,LR,0.4458333333333333,0.93,0.30769230769230765,0.7150000000000001,385,0,26.66666666648889,0.9999999999933333,400,15,15,15
S3,RandomUS,50,42,DT,0.14423076923076922,0.72,0.3333333333333333,0.72,385,0,26.66666666648889,0.9999999999933333,400,15,15,15
S3,RandomUS,50,123,KNN,1.0,1.0,0.4210526315789474,0.9450000000000001,385,0,26.66666666648889,0.9999999999933333,400,15,15,15
S3,RandomUS,50,123,RF,0.9166666666666666,0.9950000000000001,0.6153846153846153,0.975,385,0,26.66666666648889,0.9999999999933333,400,15,15,15
S3,RandomUS,50,123,LR,1.0,1.0,0.47058823529411764,0.9550000000000001,385,0,26.66666666648889,0.9999999999933333,400,15,15,15
S3,RandomUS,50,123,DT,0.3333333333333333,0.9600000000000001,0.5,0.96,385,0,26.66666666648889,0.9999999999933333,400,15,15,15
S3,RandomUS,50,456,KNN,1.0,1.0,1.0,1.0,385,0,26.66666666648889,0.9999999999933333,400,15,15,15
S3,RandomUS,50,456,RF,1.0,1.0,0.888888888888889,0.995,385,0,26.66666666648889,0.9999999999933333,400,15,15,15
S3,RandomUS,50,456,LR,0.8166666666666667,0.99,0.5333333333333333,0.9650000000000001,385,0,26.66666666648889,0.9999999999933333,400,15,15,15
S3,RandomUS,50,456,DT,0.4444444444444444,0.975,0.6153846153846153,0.975,385,0,26.66666666648889,0.9999999999933333,400,15,15,15
S3,RandomUS,50,789,KNN,1.0,1.0,1.0,1.0,385,0,26.66666666648889,0.9999999999933333,400,15,15,15
S3,RandomUS,50,789,RF,1.0,1.0,0.8,0.99,385,0,26.66666666648889,0.9999999999933333,400,15,15,15
S3,RandomUS,50,789,LR,1.0,1.0,0.4444444444444445,0.95,385,0,26.66666666648889,0.9999999999933333,400,15,15,15
S3,RandomUS,50,789,DT,0.4,0.97,0.5714285714285715,0.97,385,0,26.66666666648889,0.9999999999933333,400,15,15,15
S3,RandomUS,100,0,KNN,0.2222222222222222,0.9650000000000001,0.2857142857142857,0.95,392,0,49.999999999375,0.9999999999875,400,8,8,8
S3,RandomUS,100,0,RF,1.0,1.0,0.6666666666666666,0.99,392,0,49.999999999375,0.9999999999875,400,8,8,8
S3,RandomUS,100,0,LR,1.0,1.0,0.33333333333333337,0.96,392,0,49.999999999375,0.9999999999875,400,8,8,8
S3,RandomUS,100,0,DT,0.2857142857142857,0.975,0.4444444444444445,0.975,392,0,49.999999999375,0.9999999999875,400,8,8,8
S3,RandomUS,100,0,XGB,0.35,0.975,0.33333333333333337,0.96,392,0,49.999999999375,0.9999999999875,400,8,8,8
S3,RandomUS,100,42,KNN,0.18181818181818182,0.9550000000000001,0.14814814814814814,0.885,392,0,49.999999999375,0.9999999999875,400,8,8,8
S3,RandomUS,100,42,RF,1.0,1.0,0.23529411764705882,0.935,392,0,49.999999999375,0.9999999999875,400,8,8,8
S3,RandomUS,100,42,LR,1.0,1.0,0.25,0.94,392,0,49.999999999375,0.9999999999875,400,8,8,8
S3,RandomUS,100,42,DT,0.09523809523809523,0.905,0.17391304347826084,0.905,392,0,49.999999999375,0.9999999999875,400,8,8,8
S3,RandomUS,100,123,KNN,0.3666666666666667,0.9825,0.21052631578947367,0.925,392,0,49.999999999375,0.9999999999875,400,8,8,8
S3,RandomUS,100,123,RF,0.31666666666666665,0.9400000000000001,0.2222222222222222,0.9299999999999999,392,0,49.999999999375,0.9999999999875,400,8,8,8
S3,RandomUS,100,123,LR,0.625,0.97,0.2222222222222222,0.9299999999999999,392,0,49.999999999375,0.9999999999875,400,8,8,8
S3,RandomUS,100,123,DT,0.09523809523809523,0.905,0.17391304347826084,0.905,392,0,49.999999999375,0.9999999999875,400,8,8,8
S3,RandomUS,100,456,KNN,0.6666666666666666,0.995,0.25,0.94,392,0,49.999999999375,0.9999999999875,400,8,8,8
S3,RandomUS,100,456,RF,1.0,1.0,0.2857142857142857,0.95,392,0,49.999999999375,0.9999999999875,400,8,8,8
S3,RandomUS,100,456,LR,1.0,1.0,0.2222222222222222,0.9299999999999999,392,0,49.999999999375,0.9999999999875,400,8,8,8
S3,RandomUS,100,456,DT,0.16666666666666666,0.9500000000000001,0.2857142857142857,0.95,392,0,49.999999999375,0.9999999999875,400,8,8,8
S3,RandomUS,100,789,KNN,1.0,1.0,0.1904761904761905,0.915,392,0,49.999999999375,0.9999999999875,400,8,8,8
S3,RandomUS,100,789,RF,1.0,1.0,1.0,1.0,392,0,49.999999999375,0.9999999999875,400,8,8,8
S3,RandomUS,100,789,LR,1.0,1.0,0.2857142857142857,0.95,392,0,49.999999999375,0.9999999999875,400,8,8,8
S3,RandomUS,100,789,DT,1.0,1.0,1.0,1.0,392,0,49.999999999375,0.9999999999875,400,8,8,8
S3,GMR-Uniform,10,0,KNN,1.0,1.0,1.0,1.0,0,0,5.55555555554784,5.55555555554784,400,72,400,72
S3,GMR-Uniform,10,0,RF,1.0,1.0,1.0,1.0,0,0,5.55555555554784,5.55555555554784,400,72,400,72
S3,GMR-Uniform,10,0,LR,0.9644344494419459,0.9905555555555555,0.8888888888888888,0.9344444444444444,0,0,5.55555555554784,5.55555555554784,400,72,400,72
S3,GMR-Uniform,10,0,DT,0.9473684210526315,0.995,0.972972972972973,0.995,0,0,5.55555555554784,5.55555555554784,400,72,400,72
S3,GMR-Uniform,10,42,KNN,1.0,1.0,1.0,1.0,0,0,5.55555555554784,5.55555555554784,400,72,400,72
S3,GMR-Uniform,10,42,RF,1.0,1.0,1.0,1.0,0,0,5.55555555554784,5.55555555554784,400,72,400,72
S3,GMR-Uniform,10,42,LR,0.8745978771913174,0.9733333333333334,0.6451612903225806,0.7627777777777778,0,0,5.55555555554784,5.55555555554784,400,72,400,72
S3,GMR-Uniform,10,42,DT,1.0,1.0,1.0,1.0,0,0,5.55555555554784,5.55555555554784,400,72,400,72
S3,GMR-Uniform,10,123,KNN,1.0,1.0,1.0,1.0,0,0,5.55555555554784,5.55555555554784,400,72,400,72
S3,GMR-Uniform,10,123,RF,1.0,1.0,0.9411764705882353,0.9444444444444444,0,0,5.55555555554784,5.55555555554784,400,72,400,72
S3,GMR-Uniform,10,123,LR,0.8540037186259839,0.9533333333333334,0.6896551724137931,0.7727777777777778,0,0,5.55555555554784,5.55555555554784,400,72,400,72
S3,GMR-Uniform,10,123,DT,0.8535504597319152,0.9394444444444444,0.9142857142857143,0.9394444444444444,0,0,5.55555555554784,5.55555555554784,400,72,400,72
S3,GMR-Uniform,10,456,KNN,1.0,1.0,1.0,1.0,0,0,5.55555555554784,5.55555555554784,400,72,400,72
S3,GMR-Uniform,10,456,RF,0.9920634920634921,0.9988888888888889,0.9411764705882353,0.9444444444444444,0,0,5.55555555554784,5.55555555554784,400,72,400,72
S3,GMR-Uniform,10,456,LR,0.7800850678675757,0.9261111111111111,0.6666666666666667,0.7677777777777778,0,0,5.55555555554784,5.55555555554784,400,72,400,72
S3,GMR-Uniform,10,456,DT,0.9058380414312617,0.9444444444444444,0.9411764705882353,0.9444444444444444,0,0,5.55555555554784,5.55555555554784,400,72,400,72
S3,GMR-Uniform,10,789,KNN,1.0,1.0,1.0,1.0,0,0,5.55555555554784,5.55555555554784,400,72,400,72
S3,GMR-Uniform,10,789,RF,1.0,1.0,1.0,1.0,0,0,5.55555555554784,5.55555555554784,400,72,400,72
S3,GMR-Uniform,10,789,LR,0.9360045412676994,0.9844444444444445,0.7777777777777778,0.8688888888888888,0,0,5.55555555554784,5.55555555554784,400,72,400,72
S3,GMR-Uniform,10,789,DT,1.0,1.0,1.0,1.0,0,0,5.55555555554784,5.55555555554784,400,72,400,72
S3,GMR-Uniform,20,0,KNN,1.0,1.0,1.0,1.0,0,0,10.499999999972369,10.499999999972369,399,38,399,38
S3,GMR-Uniform,20,0,RF,0.9291747888239116,0.9922992299229924,0.8750000000000001,0.8888888888888888,0,0,10.499999999972369,10.499999999972369,399,38,399,38
S3,GMR-Uniform,20,0,LR,0.8043503322224319,0.9592959295929593,0.7142857142857143,0.7777777777777778,0,0,10.499999999972369,10.499999999972369,399,38,399,38
S3,GMR-Uniform,20,0,DT,0.795959595959596,0.8888888888888888,0.8750000000000001,0.8888888888888888,0,0,10.499999999972369,10.499999999972369,399,38,399,38
S3,GMR-Uniform,20,42,KNN,1.0,1.0,1.0,1.0,0,1,10.499999999972369,10.783783783754638,399,38,399,37
S3,GMR-Uniform,20,42,RF,1.0,1.0,0.9411764705882353,0.9444444444444444,0,1,10.499999999972369,10.783783783754638,399,38,399,37
S3,GMR-Uniform,20,42,LR,0.7186714520047854,0.9570957095709571,0.5714285714285714,0.7172717271727173,0,1,10.499999999972369,10.783783783754638,399,38,399,37
S3,GMR-Uniform,20,42,DT,0.897979797979798,0.9444444444444444,0.9411764705882353,0.9444444444444444,0,1,10.499999999972369,10.783783783754638,399,38,399,37
S3,GMR-Uniform,20,123,KNN,1.0,1.0,0.9411764705882353,0.9444444444444444,0,0,10.499999999972369,10.499999999972369,399,38,399,38
S3,GMR-Uniform,20,123,RF,0.8757575757575757,0.9378437843784379,0.8,0.8333333333333333,0,0,10.499999999972369,10.499999999972369,399,38,399,38
S3,GMR-Uniform,20,123,LR,0.7422775716893364,0.946094609460946,0.6153846153846153,0.7222222222222222,0,0,10.499999999972369,10.499999999972369,399,38,399,38
S3,GMR-Uniform,20,123,DT,0.5987012987012986,0.8283828382838283,0.75,0.8283828382838283,0,0,10.499999999972369,10.499999999972369,399,38,399,38
S3,GMR-Uniform,20,456,KNN,1.0,1.0,1.0,1.0,0,1,10.499999999972369,10.783783783754638,399,38,399,37
S3,GMR-Uniform,20,456,RF,1.0000000000000002,1.0,0.9411764705882353,0.9444444444444444,0,1,10.499999999972369,10.783783783754638,399,38,399,37
S3,GMR-Uniform,20,456,LR,0.7476023391812867,0.9482948294829483,0.7142857142857143,0.7777777777777778,0,1,10.499999999972369,10.783783783754638,399,38,399,37
S3,GMR-Uniform,20,456,DT,0.9,0.995049504950495,0.9473684210526316,0.995049504950495,0,1,10.499999999972369,10.783783783754638,399,38,399,37
S3,GMR-Uniform,20,789,KNN,1.0,1.0,1.0,1.0,0,0,10.499999999972369,10.499999999972369,399,38,399,38
S3,GMR-Uniform,20,789,RF,0.9595959595959596,0.9955995599559957,0.8750000000000001,0.8888888888888888,0,0,10.499999999972369,10.499999999972369,399,38,399,38
S3,GMR-Uniform,20,789,LR,0.8317408317408319,0.9416941694169416,0.8,0.8333333333333333,0,0,10.499999999972369,10.499999999972369,399,38,399,38
S3,GMR-Uniform,20,789,DT,0.5272727272727272,0.8234323432343233,0.7058823529411765,0.8234323432343233,0,0,10.499999999972369,10.499999999972369,399,38,399,38
S3,GMR-Uniform,50,0,KNN,1.0,1.0,0.6666666666666666,0.75,0,1,26.66666666648889,28.57142857122449,400,15,400,14
S3,GMR-Uniform,50,0,RF,0.95,0.9975,0.75,0.87,0,1,26.66666666648889,28.57142857122449,400,15,400,14
S3,GMR-Uniform,50,0,LR,0.8409090909090909,0.9824999999999999,0.4,0.625,0,1,26.66666666648889,28.57142857122449,400,15,400,14
S3,GMR-Uniform,50,0,DT,0.7596153846153846,0.875,0.8571428571428571,0.875,0,1,26.66666666648889,28.57142857122449,400,15,400,14
S3,GMR-Uniform,50,42,KNN,1.0,1.0,0.8571428571428571,0.875,0,1,26.66666666648889,28.57142857122449,400,15,400,14
S3,GMR-Uniform,50,42,RF,0.5192307692307692,0.7425,0.6666666666666666,0.75,0,1,26.66666666648889,28.57142857122449,400,15,400,14
S3,GMR-Uniform,50,42,LR,0.43392857142857144,0.9275,0.4,0.625,0,1,26.66666666648889,28.57142857122449,400,15,400,14
S3,GMR-Uniform,50,42,DT,0.5192307692307693,0.75,0.6666666666666666,0.75,0,1,26.66666666648889,28.57142857122449,400,15,400,14
S3,GMR-Uniform,50,123,KNN,1.0,1.0,1.0,1.0,0,1,26.66666666648889,28.57142857122449,400,15,400,14
S3,GMR-Uniform,50,123,RF,1.0,1.0,1.0,1.0,0,1,26.66666666648889,28.57142857122449,400,15,400,14
S3,GMR-Uniform,50,123,LR,1.0,1.0,1.0,1.0,0,1,26.66666666648889,28.57142857122449,400,15,400,14
S3,GMR-Uniform,50,123,DT,1.0,1.0,1.0,1.0,0,1,26.66666666648889,28.57142857122449,400,15,400,14
S3,GMR-Uniform,50,456,KNN,1.0,1.0,1.0,1.0,0,1,26.66666666648889,28.57142857122449,400,15,400,14
S3,GMR-Uniform,50,456,RF,1.0,1.0,1.0,1.0,0,1,26.66666666648889,28.57142857122449,400,15,400,14
S3,GMR-Uniform,50,456,LR,0.8541666666666666,0.9924999999999999,0.6666666666666666,0.75,0,1,26.66666666648889,28.57142857122449,400,15,400,14
S3,GMR-Uniform,50,456,DT,1.0,1.0,1.0,1.0,0,1,26.66666666648889,28.57142857122449,400,15,400,14
S3,GMR-Uniform,50,789,KNN,1.0,1.0,1.0,1.0,0,0,26.66666666648889,26.66666666648889,400,15,400,15
S3,GMR-Uniform,50,789,RF,1.0,1.0,1.0,1.0,0,0,26.66666666648889,26.66666666648889,400,15,400,15
S3,GMR-Uniform,50,789,LR,1.0,1.0,0.8571428571428571,0.875,0,0,26.66666666648889,26.66666666648889,400,15,400,15
S3,GMR-Uniform,50,789,DT,1.0,1.0,1.0,1.0,0,0,26.66666666648889,26.66666666648889,400,15,400,15
S3,GMR-Uniform,100,0,KNN,1.0,1.0,0.0,0.5,0,0,49.999999999375,49.999999999375,400,8,400,8
S3,GMR-Uniform,100,0,RF,1.0,1.0,1.0,1.0,0,0,49.999999999375,49.999999999375,400,8,400,8
S3,GMR-Uniform,100,0,LR,0.8333333333333333,0.995,0.6666666666666666,0.75,0,0,49.999999999375,49.999999999375,400,8,400,8
S3,GMR-Uniform,100,0,DT,1.0,1.0,1.0,1.0,0,0,49.999999999375,49.999999999375,400,8,400,8
S3,GMR-Uniform,100,42,KNN,1.0,1.0,0.0,0.5,0,0,49.999999999375,49.999999999375,400,8,400,8
S3,GMR-Uniform,100,42,RF,1.0,1.0,1.0,1.0,0,0,49.999999999375,49.999999999375,400,8,400,8
S3,GMR-Uniform,100,42,LR,1.0,1.0,1.0,1.0,0,0,49.999999999375,49.999999999375,400,8,400,8
S3,GMR-Uniform,100,42,DT,1.0,1.0,1.0,1.0,0,0,49.999999999375,49.999999999375,400,8,400,8
S3,GMR-Uniform,100,123,KNN,1.0,1.0,1.0,1.0,0,0,49.999999999375,49.999999999375,400,8,400,8
S3,GMR-Uniform,100,123,RF,0.7,0.99,0.6666666666666666,0.75,0,0,49.999999999375,49.999999999375,400,8,400,8
S3,GMR-Uniform,100,123,LR,0.6428571428571428,0.975,0.6666666666666666,0.75,0,0,49.999999999375,49.999999999375,400,8,400,8
S3,GMR-Uniform,100,123,DT,0.5098039215686274,0.75,0.6666666666666666,0.75,0,0,49.999999999375,49.999999999375,400,8,400,8
S3,GMR-Uniform,100,456,KNN,1.0,1.0,1.0,1.0,0,0,49.999999999375,49.999999999375,400,8,400,8
S3,GMR-Uniform,100,456,RF,1.0,1.0,1.0,1.0,0,0,49.999999999375,49.999999999375,400,8,400,8
S3,GMR-Uniform,100,456,LR,1.0,1.0,1.0,1.0,0,0,49.999999999375,49.999999999375,400,8,400,8
S3,GMR-Uniform,100,456,DT,1.0,1.0,1.0,1.0,0,0,49.999999999375,49.999999999375,400,8,400,8
S3,GMR-Uniform,100,789,KNN,1.0,1.0,1.0,1.0,0,0,49.999999999375,49.999999999375,400,8,400,8
S3,GMR-Uniform,100,789,RF,1.0,1.0,1.0,1.0,0,0,49.999999999375,49.999999999375,400,8,400,8
S3,GMR-Uniform,100,789,LR,1.0,1.0,1.0,1.0,0,0,49.999999999375,49.999999999375,400,8,400,8
S3,GMR-Uniform,100,789,DT,1.0,1.0,1.0,1.0,0,0,49.999999999375,49.999999999375,400,8,400,8
S3,GMR-Symmetric,10,0,KNN,1.0,1.0,1.0,1.0,0,0,5.55555555554784,5.55555555554784,400,72,400,72
S3,GMR-Symmetric,10,0,RF,1.0,1.0,1.0,1.0,0,0,5.55555555554784,5.55555555554784,400,72,400,72
S3,GMR-Symmetric,10,0,LR,0.9644344494419459,0.9905555555555555,0.8888888888888888,0.9344444444444444,0,0,5.55555555554784,5.55555555554784,400,72,400,72
S3,GMR-Symmetric,10,0,DT,0.9473684210526315,0.995,0.972972972972973,0.995,0,0,5.55555555554784,5.55555555554784,400,72,400,72
S3,GMR-Symmetric,10,42,KNN,1.0,1.0,1.0,1.0,0,0,5.55555555554784,5.55555555554784,400,72,400,72
S3,GMR-Symmetric,10,42,RF,1.0,1.0,1.0,1.0,0,0,5.55555555554784,5.55555555554784,400,72,400,72
S3,GMR-Symmetric,10,42,LR,0.8745978771913174,0.9733333333333334,0.6451612903225806,0.7627777777777778,0,0,5.55555555554784,5.55555555554784,400,72,400,72
S3,GMR-Symmetric,10,42,DT,1.0,1.0,1.0,1.0,0,0,5.55555555554784,5.55555555554784,400,72,400,72
S3,GMR-Symmetric,10,123,KNN,1.0,1.0,1.0,1.0,0,0,5.55555555554784,5.55555555554784,400,72,400,72
S3,GMR-Symmetric,10,123,RF,1.0,1.0,0.9411764705882353,0.9444444444444444,0,0,5.55555555554784,5.55555555554784,400,72,400,72
S3,GMR-Symmetric,10,123,LR,0.8540037186259839,0.9533333333333334,0.6896551724137931,0.7727777777777778,0,0,5.55555555554784,5.55555555554784,400,72,400,72
S3,GMR-Symmetric,10,123,DT,0.8535504597319152,0.9394444444444444,0.9142857142857143,0.9394444444444444,0,0,5.55555555554784,5.55555555554784,400,72,400,72
S3,GMR-Symmetric,10,456,KNN,1.0,1.0,1.0,1.0,0,0,5.55555555554784,5.55555555554784,400,72,400,72
S3,GMR-Symmetric,10,456,RF,0.9920634920634921,0.9988888888888889,0.9411764705882353,0.9444444444444444,0,0,5.55555555554784,5.55555555554784,400,72,400,72
S3,GMR-Symmetric,10,456,LR,0.7800850678675757,0.9261111111111111,0.6666666666666667,0.7677777777777778,0,0,5.55555555554784,5.55555555554784,400,72,400,72
S3,GMR-Symmetric,10,456,DT,0.9058380414312617,0.9444444444444444,0.9411764705882353,0.9444444444444444,0,0,5.55555555554784,5.55555555554784,400,72,400,72
S3,GMR-Symmetric,10,789,KNN,1.0,1.0,1.0,1.0,0,0,5.55555555554784,5.55555555554784,400,72,400,72
S3,GMR-Symmetric,10,789,RF,1.0,1.0,1.0,1.0,0,0,5.55555555554784,5.55555555554784,400,72,400,72
S3,GMR-Symmetric,10,789,LR,0.9360045412676994,0.9844444444444445,0.7777777777777778,0.8688888888888888,0,0,5.55555555554784,5.55555555554784,400,72,400,72
S3,GMR-Symmetric,10,789,DT,1.0,1.0,1.0,1.0,0,0,5.55555555554784,5.55555555554784,400,72,400,72
S3,GMR-Symmetric,20,0,KNN,1.0,1.0,1.0,1.0,0,0,10.499999999972369,10.499999999972369,399,38,399,38
S3,GMR-Symmetric,20,0,RF,0.9291747888239116,0.9922992299229924,0.8750000000000001,0.8888888888888888,0,0,10.499999999972369,10.499999999972369,399,38,399,38
S3,GMR-Symmetric,20,0,LR,0.8043503322224319,0.9592959295929593,0.7142857142857143,0.7777777777777778,0,0,10.499999999972369,10.499999999972369,399,38,399,38
S3,GMR-Symmetric,20,0,DT,0.795959595959596,0.8888888888888888,0.8750000000000001,0.8888888888888888,0,0,10.499999999972369,10.499999999972369,399,38,399,38
S3,GMR-Symmetric,20,0,XGB,0.7880815544608648,0.9295929592959296,0.823529411764706,0.8839383938393839,0,0,10.499999999972369,10.499999999972369,399,38,399,38
S3,GMR-Symmetric,20,42,KNN,1.0,1.0,1.0,1.0,0,2,10.499999999972369,11.083333333302546,399,38,399,36
S3,GMR-Symmetric,20,42,RF,1.0,1.0,1.0,1.0,0,2,10.499999999972369,11.083333333302546,399,38,399,36
S3,GMR-Symmetric,20,42,LR,0.7186714520047854,0.9570957095709571,0.6153846153846153,0.7222222222222222,0,2,10.499999999972369,11.083333333302546,399,38,399,36
S3,GMR-Symmetric,20,42,DT,0.897979797979798,0.9444444444444444,0.9411764705882353,0.9444444444444444,0,2,10.499999999972369,11.083333333302546,399,38,399,36
S3,GMR-Symmetric,20,123,KNN,1.0,1.0,0.9411764705882353,0.9444444444444444,0,0,10.499999999972369,10.499999999972369,399,38,399,38
S3,GMR-Symmetric,20,123,RF,0.8757575757575757,0.9378437843784379,0.8,0.8333333333333333,0,0,10.499999999972369,10.499999999972369,399,38,399,38
S3,GMR-Symmetric,20,123,LR,0.7422775716893364,0.946094609460946,0.6153846153846153,0.7222222222222222,0,0,10.499999999972369,10.499999999972369,399,38,399,38
S3,GMR-Symmetric,20,123,DT,0.5987012987012986,0.8283828382838283,0.75,0.8283828382838283,0,0,10.499999999972369,10.499999999972369,399,38,399,38
S3,GMR-Symmetric,20,456,KNN,1.0,1.0,1.0,1.0,0,2,10.499999999972369,11.083333333302546,399,38,399,36
S3,GMR-Symmetric,20,456,RF,1.0000000000000002,1.0,0.9411764705882353,0.9444444444444444,0,2,10.499999999972369,11.083333333302546,399,38,399,36
S3,GMR-Symmetric,20,456,LR,0.7548866592344854,0.9482948294829483,0.7142857142857143,0.7777777777777778,0,2,10.499999999972369,11.083333333302546,399,38,399,36
S3,GMR-Symmetric,20,456,DT,0.9,0.995049504950495,0.9473684210526316,0.995049504950495,0,2,10.499999999972369,11.083333333302546,399,38,399,36
S3,GMR-Symmetric,20,789,KNN,1.0,1.0,0.8750000000000001,0.8888888888888888,0,1,10.499999999972369,10.783783783754638,399,38,399,37
S3,GMR-Symmetric,20,789,RF,0.9595959595959596,0.9966996699669968,0.8750000000000001,0.8888888888888888,0,1,10.499999999972369,10.783783783754638,399,38,399,37
S3,GMR-Symmetric,20,789,LR,0.8294903926482875,0.9383938393839384,0.7142857142857143,0.7777777777777778,0,1,10.499999999972369,10.783783783754638,399,38,399,37
S3,GMR-Symmetric,20,789,DT,0.5987012987012986,0.8283828382838283,0.75,0.8283828382838283,0,1,10.499999999972369,10.783783783754638,399,38,399,37
S3,GMR-Symmetric,50,0,KNN,1.0,1.0,0.6666666666666666,0.75,0,1,26.66666666648889,28.57142857122449,400,15,400,14
S3,GMR-Symmetric,50,0,RF,0.95,0.9975,0.75,0.87,0,1,26.66666666648889,28.57142857122449,400,15,400,14
S3,GMR-Symmetric,50,0,LR,0.8409090909090909,0.9824999999999999,0.4,0.625,0,1,26.66666666648889,28.57142857122449,400,15,400,14
S3,GMR-Symmetric,50,0,DT,0.7596153846153846,0.875,0.8571428571428571,0.875,0,1,26.66666666648889,28.57142857122449,400,15,400,14
S3,GMR-Symmetric,50,0,XGB,0.8541666666666666,0.9925,0.75,0.87,0,1,26.66666666648889,28.57142857122449,400,15,400,14
S3,GMR-Symmetric,50,42,KNN,1.0,1.0,0.8571428571428571,0.875,0,1,26.66666666648889,28.57142857122449,400,15,400,14
S3,GMR-Symmetric,50,42,RF,0.5192307692307692,0.7425,0.6666666666666666,0.75,0,1,26.66666666648889,28.57142857122449,400,15,400,14
S3,GMR-Symmetric,50,42,LR,0.43392857142857144,0.9275,0.4,0.625,0,1,26.66666666648889,28.57142857122449,400,15,400,14
S3,GMR-Symmetric,50,42,DT,0.5192307692307693,0.75,0.6666666666666666,0.75,0,1,26.66666666648889,28.57142857122449,400,15,400,14
S3,GMR-Symmetric,50,123,KNN,1.0,1.0,1.0,1.0,0,1,26.66666666648889,28.57142857122449,400,15,400,14
S3,GMR-Symmetric,50,123,RF,1.0,1.0,1.0,1.0,0,1,26.66666666648889,28.57142857122449,400,15,400,14
S3,GMR-Symmetric,50,123,LR,1.0,1.0,1.0,1.0,0,1,26.66666666648889,28.57142857122449,400,15,400,14
S3,GMR-Symmetric,50,123,DT,1.0,1.0,1.0,1.0,0,1,26.66666666648889,28.57142857122449,400,15,400,14
S3,GMR-Symmetric,50,456,KNN,1.0,1.0,1.0,1.0,0,1,26.66666666648889,28.57142857122449,400,15,400,14
S3,GMR-Symmetric,50,456,RF,1.0,1.0,1.0,1.0,0,1,26.66666666648889,28.57142857122449,400,15,400,14
S3,GMR-Symmetric,50,456,LR,0.8541666666666666,0.9924999999999999,0.6666666666666666,0.75,0,1,26.66666666648889,28.57142857122449,400,15,400,14
S3,GMR-Symmetric,50,456,DT,1.0,1.0,1.0,1.0,0,1,26.66666666648889,28.57142857122449,400,15,400,14
S3,GMR-Symmetric,50,789,KNN,1.0,1.0,1.0,1.0,0,1,26.66666666648889,28.57142857122449,400,15,400,14
S3,GMR-Symmetric,50,789,RF,1.0,1.0,1.0,1.0,0,1,26.66666666648889,28.57142857122449,400,15,400,14
S3,GMR-Symmetric,50,789,LR,1.0,1.0,0.8571428571428571,0.875,0,1,26.66666666648889,28.57142857122449,400,15,400,14
S3,GMR-Symmetric,50,789,DT,1.0,1.0,1.0,1.0,0,1,26.66666666648889,28.57142857122449,400,15,400,14
S3,GMR-Symmetric,50,789,XGB,1.0,1.0,1.0,1.0,0,1,26.66666666648889,28.57142857122449,400,15,400,14
S3,GMR-Symmetric,100,0,KNN,1.0,1.0,0.0,0.5,0,0,49.999999999375,49.999999999375,400,8,400,8
S3,GMR-Symmetric,100,0,RF,1.0,1.0,1.0,1.0,0,0,49.999999999375,49.999999999375,400,8,400,8
S3,GMR-Symmetric,100,0,LR,0.8333333333333333,0.995,0.6666666666666666,0.75,0,0,49.999999999375,49.999999999375,400,8,400,8
S3,GMR-Symmetric,100,0,DT,1.0,1.0,1.0,1.0,0,0,49.999999999375,49.999999999375,400,8,400,8
S3,GMR-Symmetric,100,0,XGB,1.0,1.0,0.6666666666666666,0.75,0,0,49.999999999375,49.999999999375,400,8,400,8
S3,GMR-Symmetric,100,42,KNN,1.0,1.0,0.0,0.5,0,0,49.999999999375,49.999999999375,400,8,400,8
S3,GMR-Symmetric,100,42,RF,1.0,1.0,1.0,1.0,0,0,49.999999999375,49.999999999375,400,8,400,8
S3,GMR-Symmetric,100,42,LR,1.0,1.0,1.0,1.0,0,0,49.999999999375,49.999999999375,400,8,400,8
S3,GMR-Symmetric,100,42,DT,1.0,1.0,1.0,1.0,0,0,49.999999999375,49.999999999375,400,8,400,8
S3,GMR-Symmetric,100,123,KNN,1.0,1.0,1.0,1.0,0,0,49.999999999375,49.999999999375,400,8,400,8
S3,GMR-Symmetric,100,123,RF,0.7,0.99,0.6666666666666666,0.75,0,0,49.999999999375,49.999999999375,400,8,400,8
S3,GMR-Symmetric,100,123,LR,0.6428571428571428,0.975,0.6666666666666666,0.75,0,0,49.999999999375,49.999999999375,400,8,400,8
S3,GMR-Symmetric,100,123,DT,0.5098039215686274,0.75,0.6666666666666666,0.75,0,0,49.999999999375,49.999999999375,400,8,400,8
S3,GMR-Symmetric,100,456,KNN,1.0,1.0,1.0,1.0,0,0,49.999999999375,49.999999999375,400,8,400,8
S3,GMR-Symmetric,100,456,RF,1.0,1.0,1.0,1.0,0,0,49.999999999375,49.999999999375,400,8,400,8
S3,GMR-Symmetric,100,456,LR,1.0,1.0,1.0,1.0,0,0,49.999999999375,49.999999999375,400,8,400,8
S3,GMR-Symmetric,100,456,DT,1.0,1.0,1.0,1.0,0,0,49.999999999375,49.999999999375,400,8,400,8
S3,GMR-Symmetric,100,789,KNN,1.0,1.0,1.0,1.0,0,0,49.999999999375,49.999999999375,400,8,400,8
S3,GMR-Symmetric,100,789,RF,1.0,1.0,1.0,1.0,0,0,49.999999999375,49.999999999375,400,8,400,8
S3,GMR-Symmetric,100,789,LR,1.0,1.0,1.0,1.0,0,0,49.999999999375,49.999999999375,400,8,400,8
S3,GMR-Symmetric,100,789,DT,1.0,1.0,1.0,1.0,0,0,49.999999999375,49.999999999375,400,8,400,8
S3,GMR-Full,10,0,KNN,1.0,1.0,1.0,1.0,0,0,5.55555555554784,5.55555555554784,400,72,400,72
S3,GMR-Full,10,0,RF,1.0,1.0,1.0,1.0,0,0,5.55555555554784,5.55555555554784,400,72,400,72
S3,GMR-Full,10,0,LR,0.9644344494419459,0.9905555555555555,0.8888888888888888,0.9344444444444444,0,0,5.55555555554784,5.55555555554784,400,72,400,72
S3,GMR-Full,10,0,DT,0.9473684210526315,0.995,0.972972972972973,0.995,0,0,5.55555555554784,5.55555555554784,400,72,400,72
S3,GMR-Full,10,42,KNN,1.0,1.0,1.0,1.0,0,0,5.55555555554784,5.55555555554784,400,72,400,72
S3,GMR-Full,10,42,RF,1.0,1.0,1.0,1.0,0,0,5.55555555554784,5.55555555554784,400,72,400,72
S3,GMR-Full,10,42,LR,0.8745978771913174,0.9733333333333334,0.6451612903225806,0.7627777777777778,0,0,5.55555555554784,5.55555555554784,400,72,400,72
S3,GMR-Full,10,42,DT,1.0,1.0,1.0,1.0,0,0,5.55555555554784,5.55555555554784,400,72,400,72
S3,GMR-Full,10,123,KNN,1.0,1.0,1.0,1.0,0,0,5.55555555554784,5.55555555554784,400,72,400,72
S3,GMR-Full,10,123,RF,1.0,1.0,0.9411764705882353,0.9444444444444444,0,0,5.55555555554784,5.55555555554784,400,72,400,72
S3,GMR-Full,10,123,LR,0.8540037186259839,0.9533333333333334,0.6896551724137931,0.7727777777777778,0,0,5.55555555554784,5.55555555554784,400,72,400,72
S3,GMR-Full,10,123,DT,0.8535504597319152,0.9394444444444444,0.9142857142857143,0.9394444444444444,0,0,5.55555555554784,5.55555555554784,400,72,400,72
S3,GMR-Full,10,456,KNN,1.0,1.0,1.0,1.0,0,0,5.55555555554784,5.55555555554784,400,72,400,72
S3,GMR-Full,10,456,RF,0.9920634920634921,0.9988888888888889,0.9411764705882353,0.9444444444444444,0,0,5.55555555554784,5.55555555554784,400,72,400,72
S3,GMR-Full,10,456,LR,0.7800850678675757,0.9261111111111111,0.6666666666666667,0.7677777777777778,0,0,5.55555555554784,5.55555555554784,400,72,400,72
S3,GMR-Full,10,456,DT,0.9058380414312617,0.9444444444444444,0.9411764705882353,0.9444444444444444,0,0,5.55555555554784,5.55555555554784,400,72,400,72
S3,GMR-Full,10,456,XGB,1.0,1.0,0.9411764705882353,0.9444444444444444,0,0,5.55555555554784,5.55555555554784,400,72,400,72
S3,GMR-Full,10,789,KNN,1.0,1.0,1.0,1.0,0,0,5.55555555554784,5.55555555554784,400,72,400,72
S3,GMR-Full,10,789,RF,1.0,1.0,1.0,1.0,0,0,5.55555555554784,5.55555555554784,400,72,400,72
S3,GMR-Full,10,789,LR,0.9360045412676994,0.9844444444444445,0.7777777777777778,0.8688888888888888,0,0,5.55555555554784,5.55555555554784,400,72,400,72
S3,GMR-Full,10,789,DT,1.0,1.0,1.0,1.0,0,0,5.55555555554784,5.55555555554784,400,72,400,72
S3,GMR-Full,20,0,KNN,1.0,1.0,1.0,1.0,0,0,10.499999999972369,10.499999999972369,399,38,399,38
S3,GMR-Full,20,0,RF,0.9291747888239116,0.9922992299229924,0.8750000000000001,0.8888888888888888,0,0,10.499999999972369,10.499999999972369,399,38,399,38
S3,GMR-Full,20,0,LR,0.8043503322224319,0.9592959295929593,0.7142857142857143,0.7777777777777778,0,0,10.499999999972369,10.499999999972369,399,38,399,38
S3,GMR-Full,20,0,DT,0.795959595959596,0.8888888888888888,0.8750000000000001,0.8888888888888888,0,0,10.499999999972369,10.499999999972369,399,38,399,38
S3,GMR-Full,20,0,XGB,0.7880815544608648,0.9295929592959296,0.823529411764706,0.8839383938393839,0,0,10.499999999972369,10.499999999972369,399,38,399,38
S3,GMR-Full,20,42,KNN,1.0,1.0,1.0,1.0,0,1,10.499999999972369,10.783783783754638,399,38,399,37
S3,GMR-Full,20,42,RF,1.0,1.0,0.9411764705882353,0.9444444444444444,0,1,10.499999999972369,10.783783783754638,399,38,399,37
S3,GMR-Full,20,42,LR,0.7186714520047854,0.9570957095709571,0.5714285714285714,0.7172717271727173,0,1,10.499999999972369,10.783783783754638,399,38,399,37
S3,GMR-Full,20,42,DT,0.897979797979798,0.9444444444444444,0.9411764705882353,0.9444444444444444,0,1,10.499999999972369,10.783783783754638,399,38,399,37
S3,GMR-Full,20,123,KNN,1.0,1.0,0.9411764705882353,0.9444444444444444,0,0,10.499999999972369,10.499999999972369,399,38,399,38
S3,GMR-Full,20,123,RF,0.8757575757575757,0.9378437843784379,0.8,0.8333333333333333,0,0,10.499999999972369,10.499999999972369,399,38,399,38
S3,GMR-Full,20,123,LR,0.7422775716893364,0.946094609460946,0.6153846153846153,0.7222222222222222,0,0,10.499999999972369,10.499999999972369,399,38,399,38
S3,GMR-Full,20,123,DT,0.5987012987012986,0.8283828382838283,0.75,0.8283828382838283,0,0,10.499999999972369,10.499999999972369,399,38,399,38
S3,GMR-Full,20,456,KNN,1.0,1.0,1.0,1.0,0,1,10.499999999972369,10.783783783754638,399,38,399,37
S3,GMR-Full,20,456,RF,1.0000000000000002,1.0,0.9411764705882353,0.9444444444444444,0,1,10.499999999972369,10.783783783754638,399,38,399,37
S3,GMR-Full,20,456,LR,0.7476023391812867,0.9482948294829483,0.7142857142857143,0.7777777777777778,0,1,10.499999999972369,10.783783783754638,399,38,399,37
S3,GMR-Full,20,456,DT,0.9,0.995049504950495,0.9473684210526316,0.995049504950495,0,1,10.499999999972369,10.783783783754638,399,38,399,37
S3,GMR-Full,20,789,KNN,1.0,1.0,1.0,1.0,0,0,10.499999999972369,10.499999999972369,399,38,399,38
S3,GMR-Full,20,789,RF,0.9595959595959596,0.9955995599559957,0.8750000000000001,0.8888888888888888,0,0,10.499999999972369,10.499999999972369,399,38,399,38
S3,GMR-Full,20,789,LR,0.8317408317408319,0.9416941694169416,0.8,0.8333333333333333,0,0,10.499999999972369,10.499999999972369,399,38,399,38
S3,GMR-Full,20,789,DT,0.5272727272727272,0.8234323432343233,0.7058823529411765,0.8234323432343233,0,0,10.499999999972369,10.499999999972369,399,38,399,38
S3,GMR-Full,50,0,KNN,1.0,1.0,0.6666666666666666,0.75,0,1,26.66666666648889,28.57142857122449,400,15,400,14
S3,GMR-Full,50,0,RF,0.95,0.9975,0.75,0.87,0,1,26.66666666648889,28.57142857122449,400,15,400,14
S3,GMR-Full,50,0,LR,0.8409090909090909,0.9824999999999999,0.4,0.625,0,1,26.66666666648889,28.57142857122449,400,15,400,14
S3,GMR-Full,50,0,DT,0.7596153846153846,0.875,0.8571428571428571,0.875,0,1,26.66666666648889,28.57142857122449,400,15,400,14
S3,GMR-Full,50,42,KNN,1.0,1.0,0.8571428571428571,0.875,0,1,26.66666666648889,28.57142857122449,400,15,400,14
S3,GMR-Full,50,42,RF,0.5192307692307692,0.7425,0.6666666666666666,0.75,0,1,26.66666666648889,28.57142857122449,400,15,400,14
S3,GMR-Full,50,42,LR,0.43392857142857144,0.9275,0.4,0.625,0,1,26.66666666648889,28.57142857122449,400,15,400,14
S3,GMR-Full,50,42,DT,0.5192307692307693,0.75,0.6666666666666666,0.75,0,1,26.66666666648889,28.57142857122449,400,15,400,14
S3,GMR-Full,50,123,KNN,1.0,1.0,1.0,1.0,0,1,26.66666666648889,28.57142857122449,400,15,400,14
S3,GMR-Full,50,123,RF,1.0,1.0,1.0,1.0,0,1,26.66666666648889,28.57142857122449,400,15,400,14
S3,GMR-Full,50,123,LR,1.0,1.0,1.0,1.0,0,1,26.66666666648889,28.57142857122449,400,15,400,14
S3,GMR-Full,50,123,DT,1.0,1.0,1.0,1.0,0,1,26.66666666648889,28.57142857122449,400,15,400,14
S3,GMR-Full,50,123,XGB,1.0,1.0,1.0,1.0,0,1,26.66666666648889,28.57142857122449,400,15,400,14
S3,GMR-Full,50,456,KNN,1.0,1.0,1.0,1.0,0,1,26.66666666648889,28.57142857122449,400,15,400,14
S3,GMR-Full,50,456,RF,1.0,1.0,1.0,1.0,0,1,26.66666666648889,28.57142857122449,400,15,400,14
S3,GMR-Full,50,456,LR,0.8541666666666666,0.9924999999999999,0.6666666666666666,0.75,0,1,26.66666666648889,28.57142857122449,400,15,400,14
S3,GMR-Full,50,456,DT,1.0,1.0,1.0,1.0,0,1,26.66666666648889,28.57142857122449,400,15,400,14
S3,GMR-Full,50,789,KNN,1.0,1.0,1.0,1.0,0,0,26.66666666648889,26.66666666648889,400,15,400,15
S3,GMR-Full,50,789,RF,1.0,1.0,1.0,1.0,0,0,26.66666666648889,26.66666666648889,400,15,400,15
S3,GMR-Full,50,789,LR,1.0,1.0,0.8571428571428571,0.875,0,0,26.66666666648889,26.66666666648889,400,15,400,15
S3,GMR-Full,50,789,DT,1.0,1.0,1.0,1.0,0,0,26.66666666648889,26.66666666648889,400,15,400,15
S3,GMR-Full,100,0,KNN,1.0,1.0,0.0,0.5,0,0,49.999999999375,49.999999999375,400,8,400,8
S3,GMR-Full,100,0,RF,1.0,1.0,1.0,1.0,0,0,49.999999999375,49.999999999375,400,8,400,8
S3,GMR-Full,100,0,LR,0.8333333333333333,0.995,0.6666666666666666,0.75,0,0,49.999999999375,49.999999999375,400,8,400,8
S3,GMR-Full,100,0,DT,1.0,1.0,1.0,1.0,0,0,49.999999999375,49.999999999375,400,8,400,8
S3,GMR-Full,100,42,KNN,1.0,1.0,0.0,0.5,0,0,49.999999999375,49.999999999375,400,8,400,8
S3,GMR-Full,100,42,RF,1.0,1.0,1.0,1.0,0,0,49.999999999375,49.999999999375,400,8,400,8
S3,GMR-Full,100,42,LR,1.0,1.0,1.0,1.0,0,0,49.999999999375,49.999999999375,400,8,400,8
S3,GMR-Full,100,42,DT,1.0,1.0,1.0,1.0,0,0,49.999999999375,49.999999999375,400,8,400,8
S3,GMR-Full,100,42,XGB,1.0,1.0,1.0,1.0,0,0,49.999999999375,49.999999999375,400,8,400,8
S3,GMR-Full,100,123,KNN,1.0,1.0,1.0,1.0,0,0,49.999999999375,49.999999999375,400,8,400,8
S3,GMR-Full,100,123,RF,0.7,0.99,0.6666666666666666,0.75,0,0,49.999999999375,49.999999999375,400,8,400,8
S3,GMR-Full,100,123,LR,0.6428571428571428,0.975,0.6666666666666666,0.75,0,0,49.999999999375,49.999999999375,400,8,400,8
S3,GMR-Full,100,123,DT,0.5098039215686274,0.75,0.6666666666666666,0.75,0,0,49.999999999375,49.999999999375,400,8,400,8
S3,GMR-Full,100,456,KNN,1.0,1.0,1.0,1.0,0,0,49.999999999375,49.999999999375,400,8,400,8
S3,GMR-Full,100,456,RF,1.0,1.0,1.0,1.0,0,0,49.999999999375,49.999999999375,400,8,400,8
S3,GMR-Full,100,456,LR,1.0,1.0,1.0,1.0,0,0,49.999999999375,49.999999999375,400,8,400,8
S3,GMR-Full,100,456,DT,1.0,1.0,1.0,1.0,0,0,49.999999999375,49.999999999375,400,8,400,8
S3,GMR-Full,100,789,KNN,1.0,1.0,1.0,1.0,0,0,49.999999999375,49.999999999375,400,8,400,8
S3,GMR-Full,100,789,RF,1.0,1.0,1.0,1.0,0,0,49.999999999375,49.999999999375,400,8,400,8
S3,GMR-Full,100,789,LR,1.0,1.0,1.0,1.0,0,0,49.999999999375,49.999999999375,400,8,400,8
S3,GMR-Full,100,789,DT,1.0,1.0,1.0,1.0,0,0,49.999999999375,49.999999999375,400,8,400,8
S4,None,10,0,KNN,0.812008547008547,0.9094932844932846,0.7741935483870968,0.8305860805860805,0,0,10.111111111097067,10.111111111097067,728,72,728,72
S4,None,10,0,RF,0.7967262367262368,0.9165140415140415,0.7741935483870968,0.8305860805860805,0,0,10.111111111097067,10.111111111097067,728,72,728,72
S4,None,10,0,LR,0.5696282836798727,0.7851037851037852,0.0,0.5,0,0,10.111111111097067,10.111111111097067,728,72,728,72
S4,None,10,0,DT,0.5644444444444444,0.8724053724053723,0.7368421052631577,0.8724053724053724,0,0,10.111111111097067,10.111111111097067,728,72,728,72
S4,None,10,42,KNN,0.9316837169650469,0.9700854700854701,0.9090909090909091,0.9166666666666667,0,0,10.111111111097067,10.111111111097067,728,72,728,72
S4,None,10,42,RF,0.9119601001968153,0.9642857142857143,0.8750000000000001,0.8888888888888888,0,0,10.111111111097067,10.111111111097067,728,72,728,72
S4,None,10,42,LR,0.6954242637121559,0.7191697191697192,0.0,0.5,0,0,10.111111111097067,10.111111111097067,728,72,728,72
S4,None,10,42,DT,0.6509259259259259,0.8556166056166057,0.7878787878787877,0.8556166056166057,0,0,10.111111111097067,10.111111111097067,728,72,728,72
S4,None,10,123,KNN,0.9231879648411088,0.9676434676434676,0.9142857142857143,0.9416971916971917,0,0,10.111111111097067,10.111111111097067,728,72,728,72
S4,None,10,123,RF,0.9009160052910052,0.9612332112332111,0.8108108108108109,0.9056776556776557,0,0,10.111111111097067,10.111111111097067,728,72,728,72
S4,None,10,123,LR,0.6390118388576511,0.717032967032967,0.10526315789473684,0.5277777777777778,0,0,10.111111111097067,10.111111111097067,728,72,728,72
S4,None,10,123,DT,0.6249382716049383,0.8778998778998778,0.7777777777777778,0.8778998778998779,0,0,10.111111111097067,10.111111111097067,728,72,728,72
S4,None,10,456,KNN,1.0,1.0,0.9714285714285714,0.9722222222222222,0,0,10.111111111097067,10.111111111097067,728,72,728,72
S4,None,10,456,RF,0.9970760233918129,0.9998473748473748,0.9411764705882353,0.9444444444444444,0,0,10.111111111097067,10.111111111097067,728,72,728,72
S4,None,10,456,LR,0.6636844049377054,0.7084859584859584,0.0,0.5,0,0,10.111111111097067,10.111111111097067,728,72,728,72
S4,None,10,456,DT,0.8466013071895424,0.9416971916971917,0.9142857142857143,0.9416971916971917,0,0,10.111111111097067,10.111111111097067,728,72,728,72
S4,None,10,789,KNN,0.8060758377425044,0.9322344322344321,0.7777777777777778,0.8778998778998779,0,0,10.111111111097067,10.111111111097067,728,72,728,72
S4,None,10,789,RF,0.7167637487593628,0.9229242979242979,0.7894736842105262,0.9029304029304029,0,0,10.111111111097067,10.111111111097067,728,72,728,72
S4,None,10,789,LR,0.7299336566936471,0.7786935286935288,0.0,0.5,0,0,10.111111111097067,10.111111111097067,728,72,728,72
S4,None,10,789,DT,0.5930994152046783,0.875152625152625,0.7567567567567567,0.8751526251526252,0,0,10.111111111097067,10.111111111097067,728,72,728,72
S4,None,20,0,KNN,1.0,1.0,1.0,1.0,0,0,20.052631578894598,20.052631578894598,762,38,762,38
S4,None,20,0,RF,1.0,1.0,0.9411764705882353,0.9444444444444444,0,0,20.052631578894598,20.052631578894598,762,38,762,38
S4,None,20,0,LR,0.3628233873490067,0.4205933682373473,0.0,0.5,0,0,20.052631578894598,20.052631578894598,762,38,762,38
S4,None,20,0,DT,0.5544444444444444,0.8810354857475277,0.7368421052631577,0.8810354857475277,0,0,20.052631578894598,20.052631578894598,762,38,762,38
S4,None,20,42,KNN,0.8198148148148148,0.940372309482257,0.8,0.8333333333333333,0,0,20.052631578894598,20.052631578894598,762,38,762,38
S4,None,20,42,RF,0.7004761904761905,0.8775450843513671,0.5714285714285714,0.7196044211751018,0,0,20.052631578894598,20.052631578894598,762,38,762,38
S4,None,20,42,LR,0.5983782267115599,0.6655031995346131,0.0,0.5,0,0,20.052631578894598,20.052631578894598,762,38,762,38
S4,None,20,42,DT,0.515,0.8280977312390924,0.7058823529411765,0.8280977312390925,0,0,20.052631578894598,20.052631578894598,762,38,762,38
S4,None,20,123,KNN,0.6372222222222221,0.8243164630599186,0.7142857142857143,0.7777777777777778,0,0,20.052631578894598,20.052631578894598,762,38,762,38
S4,None,20,123,RF,0.64885949441505,0.8618382780686444,0.631578947368421,0.8228621291448517,0,0,20.052631578894598,20.052631578894598,762,38,762,38
S4,None,20,123,LR,0.5248548039997681,0.7632344386271087,0.0,0.5,0,0,20.052631578894598,20.052631578894598,762,38,762,38
S4,None,20,123,DT,0.17314814814814813,0.7012798138452588,0.380952380952381,0.7012798138452588,0,0,20.052631578894598,20.052631578894598,762,38,762,38
S4,None,20,123,XGB,0.6655838562815308,0.9656777196044212,0.6250000000000001,0.7725421756835369,0,0,20.052631578894598,20.052631578894598,762,38,762,38
S4,None,20,456,KNN,0.8716666666666666,0.9432809773123909,0.8,0.8333333333333333,0,0,20.052631578894598,20.052631578894598,762,38,762,38
S4,None,20,456,RF,0.8938888888888887,0.9424083769633508,0.9411764705882353,0.9444444444444444,0,0,20.052631578894598,20.052631578894598,762,38,762,38
S4,None,20,456,LR,0.5307202639366897,0.5555555555555557,0.0,0.5,0,0,20.052631578894598,20.052631578894598,762,38,762,38
S4,None,20,456,DT,0.7877777777777778,0.8888888888888888,0.8750000000000001,0.8888888888888888,0,0,20.052631578894598,20.052631578894598,762,38,762,38
S4,None,20,789,KNN,0.8388945005611672,0.9386271087841768,0.7777777777777778,0.883653286794648,0,0,20.052631578894598,20.052631578894598,762,38,762,38
S4,None,20,789,RF,0.7515488215488214,0.931064572425829,0.7368421052631577,0.8810354857475277,0,0,20.052631578894598,20.052631578894598,762,38,762,38
S4,None,20,789,LR,0.5115999888463656,0.6684118673647469,0.0,0.5,0,0,20.052631578894598,20.052631578894598,762,38,762,38
S4,None,20,789,DT,0.46370370370370373,0.8757998836532868,0.6666666666666666,0.8757998836532868,0,0,20.052631578894598,20.052631578894598,762,38,762,38
S4,None,20,789,XGB,0.7095959595959596,0.9761489237929029,0.761904761904762,0.9339732402559627,0,0,20.052631578894598,20.052631578894598,762,38,762,38
S4,None,50,0,KNN,1.0,1.0,1.0,1.0,0,0,52.333333332984445,52.333333332984445,785,15,785,15
S4,None,50,0,RF,1.0,1.0,1.0,1.0,0,0,52.333333332984445,52.333333332984445,785,15,785,15
S4,None,50,0,LR,0.516219155478887,0.6696428571428572,0.0,0.5,0,0,52.333333332984445,52.333333332984445,785,15,785,15
S4,None,50,0,DT,0.8,0.9974489795918368,0.888888888888889,0.9974489795918368,0,0,52.333333332984445,52.333333332984445,785,15,785,15
S4,None,50,42,KNN,0.755,0.8743622448979592,0.6666666666666666,0.75,0,0,52.333333332984445,52.333333332984445,785,15,785,15
S4,None,50,42,RF,0.755,0.8698979591836734,0.6666666666666666,0.75,0,0,52.333333332984445,52.333333332984445,785,15,785,15
S4,None,50,42,LR,0.7551020408163265,0.7551020408163265,0.0,0.5,0,0,52.333333332984445,52.333333332984445,785,15,785,15
S4,None,50,42,DT,0.51,0.75,0.6666666666666666,0.75,0,0,52.333333332984445,52.333333332984445,785,15,785,15
S4,None,50,123,KNN,0.755,0.8730867346938775,0.6666666666666666,0.75,0,0,52.333333332984445,52.333333332984445,785,15,785,15
S4,None,50,123,RF,0.6091666666666666,0.8647959183673469,0.6666666666666665,0.8698979591836735,0,0,52.333333332984445,52.333333332984445,785,15,785,15
S4,None,50,123,LR,0.20519741564967695,0.4923469387755102,0.0,0.5,0,0,52.333333332984445,52.333333332984445,785,15,785,15
S4,None,50,123,DT,0.38,0.8673469387755103,0.6,0.8673469387755102,0,0,52.333333332984445,52.333333332984445,785,15,785,15
S4,None,50,456,KNN,0.8611111111111112,0.996811224489796,0.4,0.625,0,0,52.333333332984445,52.333333332984445,785,15,785,15
S4,None,50,456,RF,0.725,0.9910714285714285,0.5714285714285715,0.7474489795918368,0,0,52.333333332984445,52.333333332984445,785,15,785,15
S4,None,50,456,LR,0.2637051457541949,0.3864795918367347,0.0,0.5,0,0,52.333333332984445,52.333333332984445,785,15,785,15
S4,None,50,456,DT,0.3433333333333333,0.7474489795918368,0.5714285714285715,0.7474489795918368,0,0,52.333333332984445,52.333333332984445,785,15,785,15
S4,None,50,789,KNN,0.63,0.8654336734693878,0.6666666666666666,0.75,0,0,52.333333332984445,52.333333332984445,785,15,785,15
S4,None,50,789,RF,0.6121428571428571,0.8552295918367347,0.4444444444444445,0.7423469387755102,0,0,52.333333332984445,52.333333332984445,785,15,785,15
S4,None,50,789,LR,0.6558139534883721,0.7831632653061223,0.0,0.5,0,0,52.333333332984445,52.333333332984445,785,15,785,15
S4,None,50,789,DT,0.15285714285714286,0.7372448979591837,0.36363636363636365,0.7372448979591837,0,0,52.333333332984445,52.333333332984445,785,15,785,15
S4,None,50,789,XGB,0.6383928571428572,0.9591836734693878,0.5,0.7448979591836735,0,0,52.333333332984445,52.333333332984445,785,15,785,15
S4,None,100,0,KNN,0.255,0.7474747474747475,0.0,0.5,0,0,98.9999999987625,98.9999999987625,792,8,792,8
S4,None,100,0,RF,0.17166666666666666,0.7449494949494949,0.0,0.5,0,0,98.9999999987625,98.9999999987625,792,8,792,8
S4,None,100,0,LR,0.03838383838383838,0.46969696969696967,0.0,0.5,0,0,98.9999999987625,98.9999999987625,792,8,792,8
S4,None,100,0,DT,0.01,0.5,0.0,0.5,0,0,98.9999999987625,98.9999999987625,792,8,792,8
S4,None,100,42,KNN,0.2857142857142857,0.9873737373737373,0.0,0.5,0,0,98.9999999987625,98.9999999987625,792,8,792,8
S4,None,100,42,RF,1.0,1.0,0.6666666666666666,0.75,0,0,98.9999999987625,98.9999999987625,792,8,792,8
S4,None,100,42,LR,0.007525252525252525,0.0025252525252525415,0.0,0.5,0,0,98.9999999987625,98.9999999987625,792,8,792,8
S4,None,100,42,DT,0.505,0.75,0.6666666666666666,0.75,0,0,98.9999999987625,98.9999999987625,792,8,792,8
S4,None,100,123,KNN,1.0,1.0,0.0,0.5,0,0,98.9999999987625,98.9999999987625,792,8,792,8
S4,None,100,123,RF,0.8333333333333333,0.9987373737373738,0.8,0.9974747474747474,0,0,98.9999999987625,98.9999999987625,792,8,792,8
S4,None,100,123,LR,0.8333333333333333,0.9974747474747474,0.0,0.5,0,0,98.9999999987625,98.9999999987625,792,8,792,8
S4,None,100,123,DT,0.4,0.9924242424242424,0.5714285714285715,0.9924242424242424,0,0,98.9999999987625,98.9999999987625,792,8,792,8
S4,None,100,456,KNN,0.505,0.75,0.0,0.5,0,0,98.9999999987625,98.9999999987625,792,8,792,8
S4,None,100,456,RF,1.0,1.0,0.6666666666666666,0.75,0,0,98.9999999987625,98.9999999987625,792,8,792,8
S4,None,100,456,LR,0.5050505050505051,0.505050505050505,0.0,0.5,0,0,98.9999999987625,98.9999999987625,792,8,792,8
S4,None,100,456,DT,0.01,0.5,0.0,0.5,0,0,98.9999999987625,98.9999999987625,792,8,792,8
S4,None,100,789,KNN,0.06055555555555555,0.7297979797979798,0.0,0.5,0,0,98.9999999987625,98.9999999987625,792,8,792,8
S4,None,100,789,RF,0.505,0.731060606060606,0.4,0.744949494949495,0,0,98.9999999987625,98.9999999987625,792,8,792,8
S4,None,100,789,LR,0.00792572463768116,0.05808080808080812,0.0,0.5,0,0,98.9999999987625,98.9999999987625,792,8,792,8
S4,None,100,789,DT,0.13,0.7424242424242424,0.3333333333333333,0.7424242424242424,0,0,98.9999999987625,98.9999999987625,792,8,792,8
S4,SMOTE,10,0,KNN,0.6562037037037037,0.8951465201465201,0.7142857142857143,0.8919413919413919,0,-656,10.111111111097067,0.9999999999998626,728,72,728,728
S4,SMOTE,10,0,RF,0.7083578600522336,0.9282661782661782,0.631578947368421,0.8113553113553114,0,-656,10.111111111097067,0.9999999999998626,728,72,728,728
S4,SMOTE,10,0,LR,0.31838888389049136,0.5613553113553114,0.1414141414141414,0.4911477411477412,0,-656,10.111111111097067,0.9999999999998626,728,72,728,728
S4,SMOTE,10,0,DT,0.3936363636363636,0.8058608058608058,0.6,0.8058608058608059,0,-656,10.111111111097067,0.9999999999998626,728,72,728,728
S4,SMOTE,10,42,KNN,0.9398989898989899,0.9935897435897435,0.85,0.9584859584859584,0,-656,10.111111111097067,0.9999999999998626,728,72,728,728
S4,SMOTE,10,42,RF,0.9624338624338624,0.9940476190476191,0.8888888888888888,0.938949938949939,0,-656,10.111111111097067,0.9999999999998626,728,72,728,728
S4,SMOTE,10,42,LR,0.5536152478317939,0.7106227106227105,0.3132530120481928,0.7182539682539683,0,-656,10.111111111097067,0.9999999999998626,728,72,728,728
S4,SMOTE,10,42,DT,0.7502941176470589,0.9111721611721613,0.8571428571428571,0.9111721611721613,0,-656,10.111111111097067,0.9999999999998626,728,72,728,728
S4,SMOTE,10,123,KNN,0.7065079365079365,0.9792429792429792,0.782608695652174,0.9725274725274725,0,-656,10.111111111097067,0.9999999999998626,728,72,728,728
S4,SMOTE,10,123,RF,0.9614553656220323,0.9958791208791209,0.782608695652174,0.9725274725274725,0,-656,10.111111111097067,0.9999999999998626,728,72,728,728
S4,SMOTE,10,123,LR,0.6243836630259149,0.717032967032967,0.34210526315789475,0.7374847374847375,0,-656,10.111111111097067,0.9999999999998626,728,72,728,728
S4,SMOTE,10,123,DT,0.5367489711934156,0.9142246642246642,0.711111111111111,0.9142246642246642,0,-656,10.111111111097067,0.9999999999998626,728,72,728,728
S4,SMOTE,10,456,KNN,1.0,1.0,0.9,0.989010989010989,0,-656,10.111111111097067,0.9999999999998626,728,72,728,728
S4,SMOTE,10,456,RF,0.9970760233918129,0.9998473748473748,0.9473684210526316,0.9945054945054945,0,-656,10.111111111097067,0.9999999999998626,728,72,728,728
S4,SMOTE,10,456,LR,0.6636844049377054,0.7084859584859584,0.3132530120481928,0.7182539682539683,0,-656,10.111111111097067,0.9999999999998626,728,72,728,728
S4,SMOTE,10,456,DT,0.8571428571428571,0.9917582417582417,0.923076923076923,0.9917582417582418,0,-656,10.111111111097067,0.9999999999998626,728,72,728,728
S4,SMOTE,10,789,KNN,0.782157540315435,0.9561965811965811,0.6808510638297872,0.9087301587301587,0,-656,10.111111111097067,0.9999999999998626,728,72,728,728
S4,SMOTE,10,789,RF,0.6667433664612197,0.9648962148962148,0.7441860465116279,0.9197191697191697,0,-656,10.111111111097067,0.9999999999998626,728,72,728,728
S4,SMOTE,10,789,LR,0.7490486602699767,0.77991452991453,0.2692307692307693,0.6910866910866911,0,-656,10.111111111097067,0.9999999999998626,728,72,728,728
S4,SMOTE,10,789,DT,0.5401851851851852,0.9365079365079365,0.7083333333333334,0.9365079365079365,0,-656,10.111111111097067,0.9999999999998626,728,72,728,728
S4,SMOTE,20,0,KNN,0.8810325476992144,0.9968004653868529,0.8571428571428571,0.9921465968586387,0,-724,20.052631578894598,0.9999999999998687,762,38,762,762
S4,SMOTE,20,0,RF,0.9,0.9973821989528796,0.8571428571428571,0.9921465968586387,0,-724,20.052631578894598,0.9999999999998687,762,38,762,762
S4,SMOTE,20,0,LR,0.30227529346757953,0.39208842350203604,0.08823529411764705,0.5200698080279232,0,-724,20.052631578894598,0.9999999999998687,762,38,762,762
S4,SMOTE,20,0,DT,0.75,0.9921465968586388,0.8571428571428571,0.9921465968586387,0,-724,20.052631578894598,0.9999999999998687,762,38,762,762
S4,SMOTE,20,42,KNN,0.8133477633477634,0.9936009307737057,0.7999999999999999,0.9365910413030831,0,-724,20.052631578894598,0.9999999999998687,762,38,762,762
S4,SMOTE,20,42,RF,0.809603976270643,0.9941826643397323,0.7777777777777778,0.883653286794648,0,-724,20.052631578894598,0.9999999999998687,762,38,762,762
S4,SMOTE,20,42,LR,0.5706004489337823,0.6649214659685864,0.18181818181818182,0.699825479930192,0,-724,20.052631578894598,0.9999999999998687,762,38,762,762
S4,SMOTE,20,42,DT,0.5049494949494949,0.8784176847004072,0.7000000000000001,0.8784176847004073,0,-724,20.052631578894598,0.9999999999998687,762,38,762,762
S4,SMOTE,20,123,KNN,0.4032980599647267,0.8644560791157649,0.5,0.8097731239092496,0,-724,20.052631578894598,0.9999999999998687,762,38,762,762
S4,SMOTE,20,123,RF,0.6992450142450143,0.9144851657940662,0.5454545454545455,0.8150087260034904,0,-724,20.052631578894598,0.9999999999998687,762,38,762,762
S4,SMOTE,20,123,LR,0.524167519299249,0.7638161721931355,0.18666666666666665,0.7344386271087842,0,-724,20.052631578894598,0.9999999999998687,762,38,762,762
S4,SMOTE,20,123,DT,0.3226923076923077,0.8150087260034904,0.5454545454545455,0.8150087260034904,0,-724,20.052631578894598,0.9999999999998687,762,38,762,762
S4,SMOTE,20,456,KNN,0.9722222222222222,0.9985456660849331,0.9411764705882353,0.9444444444444444,0,-724,20.052631578894598,0.9999999999998687,762,38,762,762
S4,SMOTE,20,456,RF,0.9888888888888889,0.9994182664339732,0.9411764705882353,0.9444444444444444,0,-724,20.052631578894598,0.9999999999998687,762,38,762,762
S4,SMOTE,20,456,LR,0.5010492699186166,0.5549738219895289,0.13333333333333333,0.6180919139034322,0,-724,20.052631578894598,0.9999999999998687,762,38,762,762
S4,SMOTE,20,456,DT,0.8938888888888888,0.9444444444444444,0.9411764705882353,0.9444444444444444,0,-724,20.052631578894598,0.9999999999998687,762,38,762,762
S4,SMOTE,20,789,KNN,0.6087037037037036,0.9261198371146016,0.5161290322580644,0.9077952297847586,0,-724,20.052631578894598,0.9999999999998687,762,38,762,762
S4,SMOTE,20,789,RF,0.6205646205646205,0.9677137870855147,0.6153846153846153,0.9208842350203607,0,-724,20.052631578894598,0.9999999999998687,762,38,762,762
S4,SMOTE,20,789,LR,0.3375339309719133,0.6259453170447934,0.15384615384615383,0.668411867364747,0,-724,20.052631578894598,0.9999999999998687,762,38,762,762
S4,SMOTE,20,789,DT,0.2965497076023392,0.8574752763234439,0.5,0.8574752763234439,0,-724,20.052631578894598,0.9999999999998687,762,38,762,762
S4,SMOTE,50,0,KNN,1.0,1.0,0.6153846153846153,0.9872448979591837,0,-770,52.333333332984445,0.9999999999998725,785,15,785,785
S4,SMOTE,50,0,RF,1.0,1.0,0.6666666666666666,0.9897959183673469,0,-770,52.333333332984445,0.9999999999998725,785,15,785,785
S4,SMOTE,50,0,LR,0.63,0.7461734693877552,0.06593406593406594,0.6607142857142857,0,-770,52.333333332984445,0.9999999999998725,785,15,785,785
S4,SMOTE,50,0,DT,0.4,0.9846938775510203,0.5714285714285715,0.9846938775510203,0,-770,52.333333332984445,0.9999999999998725,785,15,785,785
S4,SMOTE,50,42,KNN,0.5675,0.8590561224489797,0.5454545454545454,0.8647959183673469,0,-770,52.333333332984445,0.9999999999998725,785,15,785,785
S4,SMOTE,50,42,RF,0.755,0.8469387755102041,0.75,0.8724489795918368,0,-770,52.333333332984445,0.9999999999998725,785,15,785,785
S4,SMOTE,50,42,LR,0.5198652291105121,0.7181122448979591,0.06666666666666667,0.6632653061224489,0,-770,52.333333332984445,0.9999999999998725,785,15,785,785
S4,SMOTE,50,42,DT,0.3264285714285714,0.8647959183673469,0.5454545454545454,0.8647959183673469,0,-770,52.333333332984445,0.9999999999998725,785,15,785,785
S4,SMOTE,50,123,KNN,0.4583333333333333,0.9866071428571428,0.5,0.9795918367346939,0,-770,52.333333332984445,0.9999999999998725,785,15,785,785
S4,SMOTE,50,123,RF,0.6458333333333334,0.9878826530612245,0.46153846153846156,0.8596938775510203,0,-770,52.333333332984445,0.9999999999998725,785,15,785,785
S4,SMOTE,50,123,LR,0.02096359567108836,0.35586734693877553,0.0,0.3877551020408163,0,-770,52.333333332984445,0.9999999999998725,785,15,785,785
S4,SMOTE,50,123,DT,0.20954545454545453,0.8545918367346937,0.39999999999999997,0.8545918367346939,0,-770,52.333333332984445,0.9999999999998725,785,15,785,785
S4,SMOTE,50,456,KNN,0.8,0.9974489795918368,0.5333333333333333,0.9821428571428572,0,-770,52.333333332984445,0.9999999999998725,785,15,785,785
S4,SMOTE,50,456,RF,0.7,0.9955357142857143,0.6666666666666666,0.9897959183673469,0,-770,52.333333332984445,0.9999999999998725,785,15,785,785
S4,SMOTE,50,456,LR,0.2623220212528588,0.32397959183673464,0.0273972602739726,0.45153061224489793,0,-770,52.333333332984445,0.9999999999998725,785,15,785,785
S4,SMOTE,50,456,DT,0.2857142857142857,0.9744897959183674,0.4444444444444445,0.9744897959183674,0,-770,52.333333332984445,0.9999999999998725,785,15,785,785
S4,SMOTE,50,789,KNN,0.28625,0.830357142857143,0.22222222222222218,0.8239795918367347,0,-770,52.333333332984445,0.9999999999998725,785,15,785,785
S4,SMOTE,50,789,RF,0.31214285714285717,0.7882653061224489,0.2608695652173913,0.8341836734693877,0,-770,52.333333332984445,0.9999999999998725,785,15,785,785
S4,SMOTE,50,789,LR,0.5593185550082103,0.7691326530612245,0.07058823529411765,0.6760204081632653,0,-770,52.333333332984445,0.9999999999998725,785,15,785,785
S4,SMOTE,50,789,DT,0.1175,0.8316326530612245,0.24999999999999997,0.8316326530612245,0,-770,52.333333332984445,0.9999999999998725,785,15,785,785
S4,SMOTE,100,0,KNN,0.11612903225806452,0.8737373737373738,0.06896551724137931,0.6843434343434344,0,-784,98.9999999987625,0.9999999999998737,792,8,792,792
S4,SMOTE,100,0,RF,0.09523809523809523,0.8863636363636364,0.1111111111111111,0.7121212121212122,0,-784,98.9999999987625,0.9999999999998737,792,8,792,792
S4,SMOTE,100,0,LR,0.2551282051282051,0.5101010101010102,0.033898305084745756,0.6085858585858586,0,-784,98.9999999987625,0.9999999999998737,792,8,792,792
S4,SMOTE,100,0,DT,0.025833333333333333,0.6919191919191919,0.07692307692307693,0.6919191919191919,0,-784,98.9999999987625,0.9999999999998737,792,8,792,792
S4,SMOTE,100,42,KNN,0.25,0.9848484848484849,0.125,0.9292929292929293,0,-784,98.9999999987625,0.9999999999998737,792,8,792,792
S4,SMOTE,100,42,RF,0.5588235294117647,0.9646464646464646,0.125,0.9292929292929293,0,-784,98.9999999987625,0.9999999999998737,792,8,792,792
S4,SMOTE,100,42,LR,0.007525252525252525,0.0025252525252525415,0.0,0.3434343434343434,0,-784,98.9999999987625,0.9999999999998737,792,8,792,792
S4,SMOTE,100,42,DT,0.05263157894736842,0.9090909090909091,0.1,0.9090909090909092,0,-784,98.9999999987625,0.9999999999998737,792,8,792,792
S4,SMOTE,100,123,KNN,0.2,0.9797979797979799,0.14814814814814814,0.9419191919191919,0,-784,98.9999999987625,0.9999999999998737,792,8,792,792
S4,SMOTE,100,123,RF,0.6666666666666666,0.9974747474747475,0.17391304347826084,0.952020202020202,0,-784,98.9999999987625,0.9999999999998737,792,8,792,792
S4,SMOTE,100,123,LR,0.5384615384615384,0.9393939393939394,0.047058823529411764,0.7954545454545454,0,-784,98.9999999987625,0.9999999999998737,792,8,792,792
S4,SMOTE,100,123,DT,0.08,0.9419191919191919,0.14814814814814814,0.9419191919191919,0,-784,98.9999999987625,0.9999999999998737,792,8,792,792
S4,SMOTE,100,456,KNN,1.0,1.0,0.25,0.9696969696969697,0,-784,98.9999999987625,0.9999999999998737,792,8,792,792
S4,SMOTE,100,456,RF,0.8333333333333333,0.9974747474747475,0.33333333333333337,0.9797979797979798,0,-784,98.9999999987625,0.9999999999998737,792,8,792,792
S4,SMOTE,100,456,LR,0.505,0.5,0.02777777777777778,0.5757575757575757,0,-784,98.9999999987625,0.9999999999998737,792,8,792,792
S4,SMOTE,100,456,DT,0.10526315789473684,0.9570707070707071,0.1904761904761905,0.9570707070707071,0,-784,98.9999999987625,0.9999999999998737,792,8,792,792
S4,SMOTE,100,789,KNN,0.2222222222222222,0.9823232323232324,0.1,0.9090909090909092,0,-784,98.9999999987625,0.9999999999998737,792,8,792,792
S4,SMOTE,100,789,RF,0.1553030303030303,0.9204545454545455,0.1142857142857143,0.9217171717171717,0,-784,98.9999999987625,0.9999999999998737,792,8,792,792
S4,SMOTE,100,789,LR,0.0076015254586683165,0.012626262626262597,0.0,0.38636363636363635,0,-784,98.9999999987625,0.9999999999998737,792,8,792,792
S4,SMOTE,100,789,DT,0.021129032258064517,0.6742424242424242,0.06060606060606061,0.6742424242424243,0,-784,98.9999999987625,0.9999999999998737,792,8,792,792
S4,Tomek,10,0,KNN,0.8023931623931624,0.9087301587301588,0.7741935483870968,0.8305860805860805,7,0,10.111111111097067,10.01388888887498,728,72,721,72
S4,Tomek,10,0,RF,0.8120843508343508,0.9427655677655677,0.7272727272727272,0.825091575091575,7,0,10.111111111097067,10.01388888887498,728,72,721,72
S4,Tomek,10,0,LR,0.5550649109678717,0.7814407814407813,0.0,0.5,7,0,10.111111111097067,10.01388888887498,728,72,721,72
S4,Tomek,10,0,DT,0.5644444444444444,0.8724053724053723,0.7368421052631577,0.8724053724053724,7,0,10.111111111097067,10.01388888887498,728,72,721,72
S4,Tomek,10,42,KNN,0.9332407407407407,0.9699328449328449,0.9411764705882353,0.9444444444444444,7,0,10.111111111097067,10.01388888887498,728,72,721,72
S4,Tomek,10,42,RF,0.9235906685906686,0.9656593406593407,0.9090909090909091,0.9166666666666667,7,0,10.111111111097067,10.01388888887498,728,72,721,72
S4,Tomek,10,42,LR,0.6954242637121559,0.7191697191697192,0.0,0.5,7,0,10.111111111097067,10.01388888887498,728,72,721,72
S4,Tomek,10,42,DT,0.7502941176470589,0.9111721611721613,0.8571428571428571,0.9111721611721613,7,0,10.111111111097067,10.01388888887498,728,72,721,72
S4,Tomek,10,123,KNN,0.9231879648411088,0.9676434676434676,0.9142857142857143,0.9416971916971917,5,0,10.111111111097067,10.04166666665272,728,72,723,72
S4,Tomek,10,123,RF,0.9030275443510738,0.9623015873015873,0.8421052631578948,0.9334554334554335,5,0,10.111111111097067,10.04166666665272,728,72,723,72
S4,Tomek,10,123,LR,0.64420363779945,0.7176434676434676,0.10526315789473684,0.5277777777777778,5,0,10.111111111097067,10.04166666665272,728,72,723,72
S4,Tomek,10,123,DT,0.64,0.9029304029304029,0.7894736842105262,0.9029304029304029,5,0,10.111111111097067,10.04166666665272,728,72,723,72
S4,Tomek,10,123,XGB,0.863519929046357,0.981990231990232,0.8648648648648649,0.9362026862026862,5,0,10.111111111097067,10.04166666665272,728,72,723,72
S4,Tomek,10,456,KNN,1.0,1.0,0.9714285714285714,0.9722222222222222,10,0,10.111111111097067,9.972222222208371,728,72,718,72
S4,Tomek,10,456,RF,0.985328517371861,0.9984737484737485,0.8823529411764706,0.913919413919414,10,0,10.111111111097067,9.972222222208371,728,72,718,72
S4,Tomek,10,456,LR,0.6636844049377054,0.7084859584859584,0.0,0.5,10,0,10.111111111097067,9.972222222208371,728,72,718,72
S4,Tomek,10,456,DT,0.8466013071895424,0.9416971916971917,0.9142857142857143,0.9416971916971917,10,0,10.111111111097067,9.972222222208371,728,72,718,72
S4,Tomek,10,789,KNN,0.7302032859927596,0.9293345543345543,0.8108108108108109,0.9056776556776557,5,0,10.111111111097067,10.04166666665272,728,72,723,72
S4,Tomek,10,789,RF,0.7243545376001516,0.9236874236874235,0.8205128205128205,0.9307081807081807,5,0,10.111111111097067,10.04166666665272,728,72,723,72
S4,Tomek,10,789,LR,0.7299336566936471,0.7786935286935288,0.0,0.5,5,0,10.111111111097067,10.04166666665272,728,72,723,72
S4,Tomek,10,789,DT,0.64,0.9029304029304029,0.7894736842105262,0.9029304029304029,5,0,10.111111111097067,10.04166666665272,728,72,723,72
S4,Tomek,20,0,KNN,1.0,1.0,1.0,1.0,2,0,20.052631578894598,19.999999999947367,762,38,760,38
S4,Tomek,20,0,RF,0.9603174603174602,0.997673065735893,0.9411764705882353,0.9444444444444444,2,0,20.052631578894598,19.999999999947367,762,38,760,38
S4,Tomek,20,0,LR,0.3628233873490067,0.4205933682373473,0.0,0.5,2,0,20.052631578894598,19.999999999947367,762,38,760,38
S4,Tomek,20,0,DT,0.5049494949494949,0.8784176847004072,0.7000000000000001,0.8784176847004073,2,0,20.052631578894598,19.999999999947367,762,38,760,38
S4,Tomek,20,42,KNN,0.8429629629629629,0.9415357766143105,0.8,0.8333333333333333,6,0,20.052631578894598,19.894736842052907,762,38,756,38
S4,Tomek,20,42,RF,0.8053034547152194,0.9348458406050029,0.6666666666666667,0.7751599767306574,6,0,20.052631578894598,19.894736842052907,762,38,756,38
S4,Tomek,20,42,LR,0.5835634118967451,0.6649214659685864,0.0,0.5,6,0,20.052631578894598,19.894736842052907,762,38,756,38
S4,Tomek,20,42,DT,0.46944444444444444,0.7222222222222222,0.6153846153846153,0.7222222222222222,6,0,20.052631578894598,19.894736842052907,762,38,756,38
S4,Tomek,20,123,KNN,0.6372222222222221,0.8243164630599186,0.7142857142857143,0.7777777777777778,3,0,20.052631578894598,19.973684210473753,762,38,759,38
S4,Tomek,20,123,RF,0.6541798941798942,0.8627108784176847,0.631578947368421,0.8228621291448517,3,0,20.052631578894598,19.973684210473753,762,38,759,38
S4,Tomek,20,123,LR,0.5248548039997681,0.7632344386271087,0.0,0.5,3,0,20.052631578894598,19.973684210473753,762,38,759,38
S4,Tomek,20,123,DT,0.20277777777777778,0.7065154159394997,0.4210526315789474,0.7065154159394997,3,0,20.052631578894598,19.973684210473753,762,38,759,38
S4,Tomek,20,456,KNN,0.8716666666666666,0.9432809773123909,0.8750000000000001,0.8888888888888888,5,0,20.052631578894598,19.92105263152652,762,38,757,38
S4,Tomek,20,456,RF,0.8938888888888888,0.9415357766143106,0.9411764705882353,0.9444444444444444,5,0,20.052631578894598,19.92105263152652,762,38,757,38
S4,Tomek,20,456,LR,0.5307202639366897,0.5555555555555557,0.0,0.5,5,0,20.052631578894598,19.92105263152652,762,38,757,38
S4,Tomek,20,456,DT,0.7877777777777778,0.8888888888888888,0.8750000000000001,0.8888888888888888,5,0,20.052631578894598,19.92105263152652,762,38,757,38
S4,Tomek,20,789,KNN,0.8462698412698413,0.9383362420011634,0.7777777777777778,0.883653286794648,6,0,20.052631578894598,19.894736842052907,762,38,756,38
S4,Tomek,20,789,RF,0.7188888888888889,0.928737638161722,0.631578947368421,0.8228621291448517,6,0,20.052631578894598,19.894736842052907,762,38,756,38
S4,Tomek,20,789,LR,0.5072810323885593,0.6666666666666666,0.0,0.5,6,0,20.052631578894598,19.894736842052907,762,38,756,38
S4,Tomek,20,789,DT,0.2977777777777778,0.7646887725421757,0.5263157894736842,0.7646887725421757,6,0,20.052631578894598,19.894736842052907,762,38,756,38
S4,Tomek,50,0,KNN,1.0,1.0,1.0,1.0,1,0,52.333333332984445,52.26666666631822,785,15,784,15
S4,Tomek,50,0,RF,1.0,1.0,1.0,1.0,1,0,52.333333332984445,52.26666666631822,785,15,784,15
S4,Tomek,50,0,LR,0.5160545373928466,0.6683673469387754,0.0,0.5,1,0,52.333333332984445,52.26666666631822,785,15,784,15
S4,Tomek,50,0,DT,0.8,0.9974489795918368,0.888888888888889,0.9974489795918368,1,0,52.333333332984445,52.26666666631822,785,15,784,15
S4,Tomek,50,0,XGB,1.0,1.0,1.0,1.0,1,0,52.333333332984445,52.26666666631822,785,15,784,15
S4,Tomek,50,42,KNN,0.755,0.8743622448979592,0.8571428571428571,0.875,5,0,52.333333332984445,51.99999999965333,785,15,780,15
S4,Tomek,50,42,RF,0.755,0.8718112244897959,0.6666666666666666,0.75,5,0,52.333333332984445,51.99999999965333,785,15,780,15
S4,Tomek,50,42,LR,0.7551020408163265,0.7551020408163265,0.0,0.5,5,0,52.333333332984445,51.99999999965333,785,15,780,15
S4,Tomek,50,42,DT,0.755,0.875,0.8571428571428571,0.875,5,0,52.333333332984445,51.99999999965333,785,15,780,15
S4,Tomek,50,123,KNN,0.755,0.8730867346938775,0.6666666666666666,0.75,2,0,52.333333332984445,52.199999999652,785,15,783,15
S4,Tomek,50,123,RF,0.6091666666666666,0.864158163265306,0.6666666666666665,0.8698979591836735,2,0,52.333333332984445,52.199999999652,785,15,783,15
S4,Tomek,50,123,LR,0.20519741564967695,0.4923469387755102,0.0,0.5,2,0,52.333333332984445,52.199999999652,785,15,783,15
S4,Tomek,50,123,DT,0.38,0.8673469387755103,0.6,0.8673469387755102,2,0,52.333333332984445,52.199999999652,785,15,783,15
S4,Tomek,50,456,KNN,0.8611111111111112,0.996811224489796,0.4,0.625,2,0,52.333333332984445,52.199999999652,785,15,783,15
S4,Tomek,50,456,RF,0.48416666666666663,0.8686224489795918,0.5714285714285715,0.7474489795918368,2,0,52.333333332984445,52.199999999652,785,15,783,15
S4,Tomek,50,456,LR,0.26351765512872616,0.38010204081632654,0.0,0.5,2,0,52.333333332984445,52.199999999652,785,15,783,15
S4,Tomek,50,456,DT,0.3433333333333333,0.7474489795918368,0.5714285714285715,0.7474489795918368,2,0,52.333333332984445,52.199999999652,785,15,783,15
S4,Tomek,50,789,KNN,0.63,0.8654336734693878,0.6666666666666666,0.75,2,0,52.333333332984445,52.199999999652,785,15,783,15
S4,Tomek,50,789,RF,0.6121428571428571,0.8552295918367347,0.4,0.7397959183673469,2,0,52.333333332984445,52.199999999652,785,15,783,15
S4,Tomek,50,789,LR,0.6558139534883721,0.7831632653061223,0.0,0.5,2,0,52.333333332984445,52.199999999652,785,15,783,15
S4,Tomek,50,789,DT,0.1211111111111111,0.7321428571428571,0.30769230769230765,0.7321428571428572,2,0,52.333333332984445,52.199999999652,785,15,783,15
S4,Tomek,100,0,KNN,0.17166666666666666,0.7449494949494949,0.0,0.5,1,0,98.9999999987625,98.87499999876407,792,8,791,8
S4,Tomek,100,0,RF,0.01,0.48484848484848486,0.0,0.5,1,0,98.9999999987625,98.87499999876407,792,8,791,8
S4,Tomek,100,0,LR,0.03838383838383838,0.46969696969696967,0.0,0.5,1,0,98.9999999987625,98.87499999876407,792,8,791,8
S4,Tomek,100,0,DT,0.01,0.5,0.0,0.5,1,0,98.9999999987625,98.87499999876407,792,8,791,8
S4,Tomek,100,42,KNN,0.2857142857142857,0.9873737373737373,0.0,0.5,3,0,98.9999999987625,98.6249999987672,792,8,789,8
S4,Tomek,100,42,RF,1.0,1.0,0.6666666666666666,0.75,3,0,98.9999999987625,98.6249999987672,792,8,789,8
S4,Tomek,100,42,LR,0.007525252525252525,0.0025252525252525415,0.0,0.5,3,0,98.9999999987625,98.6249999987672,792,8,789,8
S4,Tomek,100,42,DT,0.505,0.75,0.6666666666666666,0.75,3,0,98.9999999987625,98.6249999987672,792,8,789,8
S4,Tomek,100,42,XGB,1.0,1.0,0.0,0.5,3,0,98.9999999987625,98.6249999987672,792,8,789,8
S4,Tomek,100,123,KNN,1.0,1.0,0.0,0.5,0,0,98.9999999987625,98.9999999987625,792,8,792,8
S4,Tomek,100,123,RF,0.8333333333333333,0.9987373737373738,0.8,0.9974747474747474,0,0,98.9999999987625,98.9999999987625,792,8,792,8
S4,Tomek,100,123,LR,0.8333333333333333,0.9974747474747474,0.0,0.5,0,0,98.9999999987625,98.9999999987625,792,8,792,8
S4,Tomek,100,123,DT,0.4,0.9924242424242424,0.5714285714285715,0.9924242424242424,0,0,98.9999999987625,98.9999999987625,792,8,792,8
S4,Tomek,100,456,KNN,0.505,0.75,0.0,0.5,0,0,98.9999999987625,98.9999999987625,792,8,792,8
S4,Tomek,100,456,RF,1.0,1.0,0.6666666666666666,0.75,0,0,98.9999999987625,98.9999999987625,792,8,792,8
S4,Tomek,100,456,LR,0.5050505050505051,0.505050505050505,0.0,0.5,0,0,98.9999999987625,98.9999999987625,792,8,792,8
S4,Tomek,100,456,DT,0.01,0.5,0.0,0.5,0,0,98.9999999987625,98.9999999987625,792,8,792,8
S4,Tomek,100,789,KNN,0.06055555555555555,0.7297979797979798,0.0,0.5,3,0,98.9999999987625,98.6249999987672,792,8,789,8
S4,Tomek,100,789,RF,0.505,0.731060606060606,0.3333333333333333,0.7424242424242424,3,0,98.9999999987625,98.6249999987672,792,8,789,8
S4,Tomek,100,789,LR,0.007911036036036035,0.05555555555555558,0.0,0.5,3,0,98.9999999987625,98.6249999987672,792,8,789,8
S4,Tomek,100,789,DT,0.08833333333333333,0.7373737373737372,0.25,0.7373737373737373,3,0,98.9999999987625,98.6249999987672,792,8,789,8
S4,Tomek,100,789,XGB,0.6666666666666666,0.9974747474747474,0.0,0.5,3,0,98.9999999987625,98.6249999987672,792,8,789,8
S4,RandomUS,10,0,KNN,0.8105555555555555,0.9555860805860805,0.7727272727272727,0.9474969474969475,656,0,10.111111111097067,0.9999999999986111,728,72,72,72
S4,RandomUS,10,0,RF,0.7139533470998989,0.9220085470085471,0.619047619047619,0.8308913308913308,656,0,10.111111111097067,0.9999999999986111,728,72,72,72
S4,RandomUS,10,0,LR,0.7053362241444026,0.8195970695970697,0.28571428571428575,0.7188644688644689,656,0,10.111111111097067,0.9999999999986111,728,72,72,72
S4,RandomUS,10,0,DT,0.33796296296296297,0.8144078144078144,0.5416666666666666,0.8144078144078144,656,0,10.111111111097067,0.9999999999986111,728,72,72,72
S4,RandomUS,10,42,KNN,0.9523809523809523,0.9914529914529915,0.8095238095238096,0.9529914529914529,656,0,10.111111111097067,0.9999999999986111,728,72,72,72
S4,RandomUS,10,42,RF,0.9682539682539681,0.992979242979243,0.8095238095238096,0.9529914529914529,656,0,10.111111111097067,0.9999999999986111,728,72,72,72
S4,RandomUS,10,42,LR,0.6977739242043839,0.7173382173382173,0.325,0.7264957264957265,656,0,10.111111111097067,0.9999999999986111,728,72,72,72
S4,RandomUS,10,42,DT,0.5401851851851852,0.9365079365079365,0.7083333333333334,0.9365079365079365,656,0,10.111111111097067,0.9999999999986111,728,72,72,72
S4,RandomUS,10,123,KNN,0.756113769271664,0.9818376068376068,0.6938775510204082,0.9337606837606838,656,0,10.111111111097067,0.9999999999986111,728,72,72,72
S4,RandomUS,10,123,RF,0.9113585008570984,0.9822954822954822,0.6799999999999999,0.931013431013431,656,0,10.111111111097067,0.9999999999986111,728,72,72,72
S4,RandomUS,10,123,LR,0.6267864668779941,0.7167277167277167,0.325,0.7264957264957265,656,0,10.111111111097067,0.9999999999986111,728,72,72,72
S4,RandomUS,10,123,DT,0.4637301587301587,0.9227716727716727,0.6415094339622641,0.9227716727716728,656,0,10.111111111097067,0.9999999999986111,728,72,72,72
S4,RandomUS,10,456,KNN,1.0,1.0,0.923076923076923,0.9917582417582418,656,0,10.111111111097067,0.9999999999986111,728,72,72,72
S4,RandomUS,10,456,RF,0.9868125701459035,0.9986263736263736,0.782608695652174,0.9725274725274725,656,0,10.111111111097067,0.9999999999986111,728,72,72,72
S4,RandomUS,10,456,LR,0.6075663313885916,0.6941391941391941,0.3023255813953488,0.7100122100122099,656,0,10.111111111097067,0.9999999999986111,728,72,72,72
S4,RandomUS,10,456,DT,0.5294117647058824,0.956043956043956,0.6923076923076924,0.956043956043956,656,0,10.111111111097067,0.9999999999986111,728,72,72,72
S4,RandomUS,10,789,KNN,0.6828170594837262,0.9719169719169719,0.711111111111111,0.9142246642246642,656,0,10.111111111097067,0.9999999999986111,728,72,72,72
S4,RandomUS,10,789,RF,0.705245987168184,0.9766483516483516,0.7555555555555556,0.9447496947496947,656,0,10.111111111097067,0.9999999999986111,728,72,72,72
S4,RandomUS,10,789,LR,0.7288878084548164,0.7786935286935287,0.25925925925925924,0.6800976800976801,656,0,10.111111111097067,0.9999999999986111,728,72,72,72
S4,RandomUS,10,789,DT,0.391304347826087,0.9230769230769231,0.5625,0.9230769230769231,656,0,10.111111111097067,0.9999999999986111,728,72,72,72
S4,RandomUS,20,0,KNN,0.8181818181818182,0.9947643979057591,0.6923076923076924,0.9790575916230366,724,0,20.052631578894598,0.9999999999973683,762,38,38,38
S4,RandomUS,20,0,RF,0.7686609686609687,0.9921465968586387,0.4736842105263158,0.9476439790575917,724,0,20.052631578894598,0.9999999999973683,762,38,38,38
S4,RandomUS,20,0,LR,0.31367035835101653,0.39557882489819657,0.08108108108108109,0.5043630017452007,724,0,20.052631578894598,0.9999999999973683,762,38,38,38
S4,RandomUS,20,0,DT,0.3103448275862069,0.9476439790575917,0.4736842105263158,0.9476439790575917,724,0,20.052631578894598,0.9999999999973683,762,38,38,38
S4,RandomUS,20,42,KNN,0.915873015873016,0.9968004653868527,0.782608695652174,0.9869109947643979,724,0,20.052631578894598,0.9999999999973683,762,38,38,38
S4,RandomUS,20,42,RF,0.9658119658119658,0.997673065735893,0.5294117647058824,0.9581151832460733,724,0,20.052631578894598,0.9999999999973683,762,38,38,38
S4,RandomUS,20,42,LR,0.5675793780983596,0.6631762652705061,0.14814814814814814,0.6605584642233857,724,0,20.052631578894598,0.9999999999973683,762,38,38,38
S4,RandomUS,20,42,DT,0.36,0.9581151832460734,0.5294117647058824,0.9581151832460733,724,0,20.052631578894598,0.9999999999973683,762,38,38,38
S4,RandomUS,20,123,KNN,0.6364672364672366,0.9723676556137288,0.6086956521739131,0.870564281559046,724,0,20.052631578894598,0.9999999999973683,762,38,38,38
S4,RandomUS,20,123,RF,0.7012260283999414,0.9363001745200698,0.5384615384615384,0.8627108784176847,724,0,20.052631578894598,0.9999999999973683,762,38,38,38
S4,RandomUS,20,123,LR,0.6314008044207896,0.77021524141943,0.13592233009708737,0.6611401977894125,724,0,20.052631578894598,0.9999999999973683,762,38,38,38
S4,RandomUS,20,123,DT,0.2965497076023392,0.8574752763234439,0.5,0.8574752763234439,724,0,20.052631578894598,0.9999999999973683,762,38,38,38
S4,RandomUS,20,456,KNN,1.0,1.0,1.0,1.0,724,0,20.052631578894598,0.9999999999973683,762,38,38,38
S4,RandomUS,20,456,RF,0.9722222222222222,0.9985456660849331,0.8571428571428571,0.9921465968586387,724,0,20.052631578894598,0.9999999999973683,762,38,38,38
S4,RandomUS,20,456,LR,0.2829847901669867,0.5439208842350204,0.12345679012345681,0.6023851076207097,724,0,20.052631578894598,0.9999999999973683,762,38,38,38
S4,RandomUS,20,456,DT,0.5625,0.9816753926701571,0.72,0.9816753926701571,724,0,20.052631578894598,0.9999999999973683,762,38,38,38
S4,RandomUS,20,789,KNN,0.625478740668614,0.9630599185573008,0.48484848484848486,0.9025596276905177,724,0,20.052631578894598,0.9999999999973683,762,38,38,38
S4,RandomUS,20,789,RF,0.6037681782362634,0.9680046538685282,0.29090909090909095,0.8449680046538686,724,0,20.052631578894598,0.9999999999973683,762,38,38,38
S4,RandomUS,20,789,LR,0.5710017330429316,0.6753926701570679,0.1518987341772152,0.6657940663176265,724,0,20.052631578894598,0.9999999999973683,762,38,38,38
S4,RandomUS,20,789,DT,0.15314814814814814,0.8397324025596277,0.2807017543859649,0.8397324025596277,724,0,20.052631578894598,0.9999999999973683,762,38,38,38
S4,RandomUS,50,0,KNN,0.8333333333333333,0.9974489795918366,0.6666666666666666,0.9897959183673469,770,0,52.333333332984445,0.9999999999933333,785,15,15,15
S4,RandomUS,50,0,RF,1.0,1.0,0.3076923076923077,0.9540816326530612,770,0,52.333333332984445,0.9999999999933333,785,15,15,15
S4,RandomUS,50,0,LR,0.5883333333333333,0.7423469387755102,0.051724137931034475,0.596938775510204,770,0,52.333333332984445,0.9999999999933333,785,15,15,15
S4,RandomUS,50,0,DT,0.125,0.9285714285714286,0.2222222222222222,0.9285714285714286,770,0,52.333333332984445,0.9999999999933333,785,15,15,15
S4,RandomUS,50,42,KNN,1.0,1.0,0.6153846153846153,0.9872448979591837,770,0,52.333333332984445,0.9999999999933333,785,15,15,15
S4,RandomUS,50,42,RF,0.7572463768115942,0.8424744897959183,0.3333333333333333,0.846938775510204,770,0,52.333333332984445,0.9999999999933333,785,15,15,15
S4,RandomUS,50,42,LR,0.5884615384615384,0.7487244897959183,0.05940594059405941,0.6352040816326531,770,0,52.333333332984445,0.9999999999933333,785,15,15,15
S4,RandomUS,50,42,DT,0.1175,0.8316326530612245,0.24999999999999997,0.8316326530612245,770,0,52.333333332984445,0.9999999999933333,785,15,15,15
S4,RandomUS,50,123,KNN,0.4519230769230769,0.9808673469387755,0.47058823529411764,0.9770408163265306,770,0,52.333333332984445,0.9999999999933333,785,15,15,15
S4,RandomUS,50,123,RF,0.7430555555555556,0.9808673469387755,0.31578947368421056,0.8443877551020409,770,0,52.333333332984445,0.9999999999933333,785,15,15,15
S4,RandomUS,50,123,LR,0.08170454545454545,0.4795918367346939,0.0784313725490196,0.6352040816326531,770,0,52.333333332984445,0.9999999999933333,785,15,15,15
S4,RandomUS,50,123,DT,0.1373529411764706,0.8392857142857143,0.2857142857142857,0.8392857142857143,770,0,52.333333332984445,0.9999999999933333,785,15,15,15
S4,RandomUS,50,456,KNN,0.6666666666666666,0.9948979591836735,0.34782608695652173,0.9617346938775511,770,0,52.333333332984445,0.9999999999933333,785,15,15,15
S4,RandomUS,50,456,RF,0.1287366847711675,0.8163265306122449,0.14285714285714285,0.7857142857142857,770,0,52.333333332984445,0.9999999999933333,785,15,15,15
S4,RandomUS,50,456,LR,0.26285761164948984,0.3482142857142857,0.0198019801980198,0.38010204081632654,770,0,52.333333332984445,0.9999999999933333,785,15,15,15
S4,RandomUS,50,456,DT,0.06124999999999999,0.7806122448979592,0.13636363636363635,0.7806122448979591,770,0,52.333333332984445,0.9999999999933333,785,15,15,15
S4,RandomUS,50,789,KNN,0.4010989010989011,0.965561224489796,0.25,0.9387755102040816,770,0,52.333333332984445,0.9999999999933333,785,15,15,15
S4,RandomUS,50,789,RF,0.49374999999999997,0.9808673469387755,0.14285714285714288,0.8775510204081632,770,0,52.333333332984445,0.9999999999933333,785,15,15,15
S4,RandomUS,50,789,LR,0.5234751203852327,0.7283163265306123,0.06666666666666667,0.6632653061224489,770,0,52.333333332984445,0.9999999999933333,785,15,15,15
S4,RandomUS,50,789,DT,0.1,0.9081632653061225,0.18181818181818182,0.9081632653061225,770,0,52.333333332984445,0.9999999999933333,785,15,15,15
S4,RandomUS,100,0,KNN,0.15384615384615385,0.9671717171717172,0.0,0.494949494949495,784,0,98.9999999987625,0.9999999999875,792,8,8,8
S4,RandomUS,100,0,RF,0.5769230769230769,0.9747474747474747,0.1818181818181818,0.7297979797979798,784,0,98.9999999987625,0.9999999999875,792,8,8,8
S4,RandomUS,100,0,LR,0.5094339622641509,0.7373737373737373,0.019999999999999997,0.505050505050505,784,0,98.9999999987625,0.9999999999875,792,8,8,8
S4,RandomUS,100,0,DT,0.04346153846153846,0.7196969696969697,0.13333333333333336,0.7196969696969697,784,0,98.9999999987625,0.9999999999875,792,8,8,8
S4,RandomUS,100,42,KNN,0.02,0.6641414141414141,0.0,0.49242424242424243,784,0,98.9999999987625,0.9999999999875,792,8,8,8
S4,RandomUS,100,42,RF,0.3666666666666667,0.9886363636363636,0.21052631578947367,0.9621212121212122,784,0,98.9999999987625,0.9999999999875,792,8,8,8
S4,RandomUS,100,42,LR,0.007564102564102565,0.01010101010101011,0.0,0.35353535353535354,784,0,98.9999999987625,0.9999999999875,792,8,8,8
S4,RandomUS,100,42,DT,0.09090909090909091,0.9494949494949495,0.16666666666666669,0.9494949494949495,784,0,98.9999999987625,0.9999999999875,792,8,8,8
S4,RandomUS,100,123,KNN,0.09090909090909091,0.946969696969697,0.0,0.49747474747474746,784,0,98.9999999987625,0.9999999999875,792,8,8,8
S4,RandomUS,100,123,RF,1.0,1.0,0.25,0.9696969696969697,784,0,98.9999999987625,0.9999999999875,792,8,8,8
S4,RandomUS,100,123,LR,0.5172413793103449,0.8585858585858586,0.03960396039603961,0.755050505050505,784,0,98.9999999987625,0.9999999999875,792,8,8,8
S4,RandomUS,100,123,DT,0.07692307692307693,0.9393939393939394,0.14285714285714288,0.9393939393939394,784,0,98.9999999987625,0.9999999999875,792,8,8,8
S4,RandomUS,100,456,KNN,0.55,0.9772727272727273,0.0,0.5,784,0,98.9999999987625,0.9999999999875,792,8,8,8
S4,RandomUS,100,456,RF,0.75,0.9974747474747474,0.23529411764705882,0.9671717171717171,784,0,98.9999999987625,0.9999999999875,792,8,8,8
S4,RandomUS,100,456,LR,0.5050251256281407,0.5025252525252526,0.03225806451612903,0.601010101010101,784,0,98.9999999987625,0.9999999999875,792,8,8,8
S4,RandomUS,100,456,DT,0.08695652173913043,0.9469696969696969,0.16,0.946969696969697,784,0,98.9999999987625,0.9999999999875,792,8,8,8
S4,RandomUS,100,789,KNN,0.018018018018018018,0.5606060606060606,0.0,0.44191919191919193,784,0,98.9999999987625,0.9999999999875,792,8,8,8
S4,RandomUS,100,789,RF,0.04362101313320826,0.8446969696969696,0.09302325581395349,0.9015151515151515,784,0,98.9999999987625,0.9999999999875,792,8,8,8
S4,RandomUS,100,789,LR,0.007576146036303969,0.01010101010101011,0.0,0.3484848484848485,784,0,98.9999999987625,0.9999999999875,792,8,8,8
S4,RandomUS,100,789,DT,0.044444444444444446,0.8914141414141414,0.0851063829787234,0.8914141414141414,784,0,98.9999999987625,0.9999999999875,792,8,8,8
S4,GMR-Uniform,10,0,KNN,0.8162820512820513,0.911935286935287,0.7741935483870968,0.8305860805860805,3,7,10.111111111097067,11.153846153828994,728,72,725,65
S4,GMR-Uniform,10,0,RF,0.843748304419219,0.93009768009768,0.7741935483870968,0.8305860805860805,3,7,10.111111111097067,11.153846153828994,728,72,725,65
S4,GMR-Uniform,10,0,LR,0.60513730956148,0.7951770451770452,0.0,0.5,3,7,10.111111111097067,11.153846153828994,728,72,725,65
S4,GMR-Uniform,10,0,DT,0.7005555555555556,0.8833943833943834,0.823529411764706,0.8833943833943834,3,7,10.111111111097067,11.153846153828994,728,72,725,65
S4,GMR-Uniform,10,42,KNN,0.946358024691358,0.9717643467643468,0.9411764705882353,0.9444444444444444,4,7,10.111111111097067,11.138461538444401,728,72,724,65
S4,GMR-Uniform,10,42,RF,0.9269457013574662,0.9685592185592184,0.9090909090909091,0.9166666666666667,4,7,10.111111111097067,11.138461538444401,728,72,724,65
S4,GMR-Uniform,10,42,LR,0.6954493893402967,0.7194749694749695,0.0,0.5,4,7,10.111111111097067,11.138461538444401,728,72,724,65
S4,GMR-Uniform,10,42,DT,0.8483333333333334,0.9166666666666667,0.9090909090909091,0.9166666666666667,4,7,10.111111111097067,11.138461538444401,728,72,724,65
S4,GMR-Uniform,10,42,XGB,0.9862155388471179,0.9986263736263736,0.9090909090909091,0.9166666666666667,4,7,10.111111111097067,11.138461538444401,728,72,724,65
S4,GMR-Uniform,10,123,KNN,0.926945701357466,0.9687118437118436,0.9142857142857143,0.9416971916971917,5,7,10.111111111097067,11.123076923059811,728,72,723,65
S4,GMR-Uniform,10,123,RF,0.9041512345679013,0.9621489621489621,0.8421052631578948,0.9334554334554335,5,7,10.111111111097067,11.123076923059811,728,72,723,65
S4,GMR-Uniform,10,123,LR,0.64420363779945,0.7176434676434676,0.10526315789473684,0.5277777777777778,5,7,10.111111111097067,11.123076923059811,728,72,723,65
S4,GMR-Uniform,10,123,DT,0.6728947368421053,0.9056776556776557,0.8108108108108109,0.9056776556776557,5,7,10.111111111097067,11.123076923059811,728,72,723,65
S4,GMR-Uniform,10,456,KNN,1.0,1.0,0.9714285714285714,0.9722222222222222,4,7,10.111111111097067,11.138461538444401,728,72,724,65
S4,GMR-Uniform,10,456,RF,1.0,1.0,0.9411764705882353,0.9444444444444444,4,7,10.111111111097067,11.138461538444401,728,72,724,65
S4,GMR-Uniform,10,456,LR,0.7137157134984257,0.7182539682539683,0.0,0.5,4,7,10.111111111097067,11.138461538444401,728,72,724,65
S4,GMR-Uniform,10,456,DT,0.8988888888888888,0.9444444444444444,0.9411764705882353,0.9444444444444444,4,7,10.111111111097067,11.138461538444401,728,72,724,65
S4,GMR-Uniform,10,789,KNN,0.7335867446393762,0.931929181929182,0.8108108108108109,0.9056776556776557,2,7,10.111111111097067,11.169230769213586,728,72,726,65
S4,GMR-Uniform,10,789,RF,0.6985798705651647,0.9278083028083027,0.7567567567567567,0.8751526251526252,2,7,10.111111111097067,11.169230769213586,728,72,726,65
S4,GMR-Uniform,10,789,LR,0.6924023582256833,0.7765567765567766,0.0,0.5,2,7,10.111111111097067,11.169230769213586,728,72,726,65
S4,GMR-Uniform,10,789,DT,0.64,0.9029304029304029,0.7894736842105262,0.9029304029304029,2,7,10.111111111097067,11.169230769213586,728,72,726,65
S4,GMR-Uniform,20,0,KNN,1.0,1.0,1.0,1.0,2,3,20.052631578894598,21.71428571422367,762,38,760,35
S4,GMR-Uniform,20,0,RF,0.9603174603174603,0.9970913321698662,0.9411764705882353,0.9444444444444444,2,3,20.052631578894598,21.71428571422367,762,38,760,35
S4,GMR-Uniform,20,0,LR,0.36881986001214606,0.43048283885980215,0.0,0.5,2,3,20.052631578894598,21.71428571422367,762,38,760,35
S4,GMR-Uniform,20,0,DT,0.7161111111111111,0.9392088423502035,0.8421052631578948,0.9392088423502036,2,3,20.052631578894598,21.71428571422367,762,38,760,35
S4,GMR-Uniform,20,42,KNN,0.7738888888888888,0.8877254217568353,0.8,0.8333333333333333,4,3,20.052631578894598,21.657142857080977,762,38,758,35
S4,GMR-Uniform,20,42,RF,0.7200529100529101,0.8789994182664339,0.6153846153846153,0.7222222222222222,4,3,20.052631578894598,21.657142857080977,762,38,758,35
S4,GMR-Uniform,20,42,LR,0.5983782267115599,0.6655031995346131,0.0,0.5,4,3,20.052631578894598,21.657142857080977,762,38,758,35
S4,GMR-Uniform,20,42,DT,0.3212962962962963,0.7169866201279813,0.5333333333333333,0.7169866201279813,4,3,20.052631578894598,21.657142857080977,762,38,758,35
S4,GMR-Uniform,20,42,XGB,0.8643998120742309,0.9159394997091331,0.8,0.8333333333333333,4,3,20.052631578894598,21.657142857080977,762,38,758,35
S4,GMR-Uniform,20,123,KNN,0.6372222222222221,0.8260616637579988,0.7142857142857143,0.7777777777777778,2,3,20.052631578894598,21.71428571422367,762,38,760,35
S4,GMR-Uniform,20,123,RF,0.6187037037037038,0.815590459569517,0.631578947368421,0.8228621291448517,2,3,20.052631578894598,21.71428571422367,762,38,760,35
S4,GMR-Uniform,20,123,LR,0.5931357570101027,0.7696335078534032,0.0,0.5,2,3,20.052631578894598,21.71428571422367,762,38,760,35
S4,GMR-Uniform,20,123,DT,0.2472222222222222,0.7117510180337405,0.47058823529411764,0.7117510180337405,2,3,20.052631578894598,21.71428571422367,762,38,760,35
S4,GMR-Uniform,20,456,KNN,0.8938888888888888,0.9444444444444444,0.8,0.8333333333333333,0,3,20.052631578894598,21.771428571366368,762,38,762,35
S4,GMR-Uniform,20,456,RF,0.893888888888889,0.9424083769633508,0.9411764705882353,0.9444444444444444,0,3,20.052631578894598,21.771428571366368,762,38,762,35
S4,GMR-Uniform,20,456,LR,0.572334599241171,0.5555555555555556,0.0,0.5,0,3,20.052631578894598,21.771428571366368,762,38,762,35
S4,GMR-Uniform,20,456,DT,0.7877777777777778,0.8888888888888888,0.8750000000000001,0.8888888888888888,0,3,20.052631578894598,21.771428571366368,762,38,762,35
S4,GMR-Uniform,20,456,XGB,1.0,1.0,0.8750000000000001,0.8888888888888888,0,3,20.052631578894598,21.771428571366368,762,38,762,35
S4,GMR-Uniform,20,789,KNN,0.8635858585858586,0.9406631762652704,0.7777777777777778,0.883653286794648,1,3,20.052631578894598,21.74285714279502,762,38,761,35
S4,GMR-Uniform,20,789,RF,0.7225925925925926,0.9319371727748691,0.761904761904762,0.9339732402559627,1,3,20.052631578894598,21.74285714279502,762,38,761,35
S4,GMR-Uniform,20,789,LR,0.5561383678050345,0.6736474694589877,0.0,0.5,1,3,20.052631578894598,21.74285714279502,762,38,761,35
S4,GMR-Uniform,20,789,DT,0.46370370370370373,0.8757998836532868,0.6666666666666666,0.8757998836532868,1,3,20.052631578894598,21.74285714279502,762,38,761,35
S4,GMR-Uniform,50,0,KNN,1.0,1.0,1.0,1.0,0,1,52.333333332984445,56.07142857102806,785,15,785,14
S4,GMR-Uniform,50,0,RF,1.0,1.0,1.0,1.0,0,1,52.333333332984445,56.07142857102806,785,15,785,14
S4,GMR-Uniform,50,0,LR,0.5258333333333334,0.707908163265306,0.0,0.5,0,1,52.333333332984445,56.07142857102806,785,15,785,14
S4,GMR-Uniform,50,0,DT,0.8,0.9974489795918368,0.888888888888889,0.9974489795918368,0,1,52.333333332984445,56.07142857102806,785,15,785,14
S4,GMR-Uniform,50,42,KNN,0.755,0.8743622448979592,0.6666666666666666,0.75,1,1,52.333333332984445,55.9999999996,785,15,784,14
S4,GMR-Uniform,50,42,RF,0.755,0.8698979591836734,0.6666666666666666,0.75,1,1,52.333333332984445,55.9999999996,785,15,784,14
S4,GMR-Uniform,50,42,LR,0.7550251256281407,0.7512755102040816,0.0,0.5,1,1,52.333333332984445,55.9999999996,785,15,784,14
S4,GMR-Uniform,50,42,DT,0.51,0.75,0.6666666666666666,0.75,1,1,52.333333332984445,55.9999999996,785,15,784,14
S4,GMR-Uniform,50,123,KNN,0.63,0.8711734693877552,0.6666666666666666,0.75,1,1,52.333333332984445,55.9999999996,785,15,784,14
S4,GMR-Uniform,50,123,RF,0.5716666666666667,0.8635204081632654,0.6666666666666665,0.8698979591836735,1,1,52.333333332984445,55.9999999996,785,15,784,14
S4,GMR-Uniform,50,123,LR,0.20519741564967695,0.4923469387755102,0.0,0.5,1,1,52.333333332984445,55.9999999996,785,15,784,14
S4,GMR-Uniform,50,123,DT,0.38,0.8673469387755103,0.6,0.8673469387755102,1,1,52.333333332984445,55.9999999996,785,15,784,14
S4,GMR-Uniform,50,456,KNN,0.8928571428571428,0.9980867346938775,0.4,0.625,0,1,52.333333332984445,56.07142857102806,785,15,785,14
S4,GMR-Uniform,50,456,RF,0.5099206349206349,0.9891581632653061,0.5714285714285715,0.7474489795918368,0,1,52.333333332984445,56.07142857102806,785,15,785,14
S4,GMR-Uniform,50,456,LR,0.27362689393939393,0.5089285714285715,0.0,0.5,0,1,52.333333332984445,56.07142857102806,785,15,785,14
S4,GMR-Uniform,50,456,DT,0.3433333333333333,0.7474489795918368,0.5714285714285715,0.7474489795918368,0,1,52.333333332984445,56.07142857102806,785,15,785,14
S4,GMR-Uniform,50,789,KNN,0.555,0.857780612244898,0.6666666666666666,0.75,0,1,52.333333332984445,56.07142857102806,785,15,785,14
S4,GMR-Uniform,50,789,RF,0.5466666666666666,0.8565051020408163,0.5,0.7448979591836735,0,1,52.333333332984445,56.07142857102806,785,15,785,14
S4,GMR-Uniform,50,789,LR,0.24575617283950615,0.7653061224489797,0.0,0.5,0,1,52.333333332984445,56.07142857102806,785,15,785,14
S4,GMR-Uniform,50,789,DT,0.15285714285714286,0.7372448979591837,0.36363636363636365,0.7372448979591837,0,1,52.333333332984445,56.07142857102806,785,15,785,14
S4,GMR-Uniform,100,0,KNN,0.255,0.7474747474747475,0.0,0.5,0,0,98.9999999987625,98.9999999987625,792,8,792,8
S4,GMR-Uniform,100,0,RF,0.17166666666666666,0.7449494949494949,0.0,0.5,0,0,98.9999999987625,98.9999999987625,792,8,792,8
S4,GMR-Uniform,100,0,LR,0.03838383838383838,0.46969696969696967,0.0,0.5,0,0,98.9999999987625,98.9999999987625,792,8,792,8
S4,GMR-Uniform,100,0,DT,0.01,0.5,0.0,0.5,0,0,98.9999999987625,98.9999999987625,792,8,792,8
S4,GMR-Uniform,100,42,KNN,0.2857142857142857,0.9873737373737373,0.0,0.5,0,0,98.9999999987625,98.9999999987625,792,8,792,8
S4,GMR-Uniform,100,42,RF,1.0,1.0,0.6666666666666666,0.75,0,0,98.9999999987625,98.9999999987625,792,8,792,8
S4,GMR-Uniform,100,42,LR,0.007525252525252525,0.0025252525252525415,0.0,0.5,0,0,98.9999999987625,98.9999999987625,792,8,792,8
S4,GMR-Uniform,100,42,DT,0.505,0.75,0.6666666666666666,0.75,0,0,98.9999999987625,98.9999999987625,792,8,792,8
S4,GMR-Uniform,100,123,KNN,1.0,1.0,0.0,0.5,0,0,98.9999999987625,98.9999999987625,792,8,792,8
S4,GMR-Uniform,100,123,RF,0.8333333333333333,0.9987373737373738,0.8,0.9974747474747474,0,0,98.9999999987625,98.9999999987625,792,8,792,8
S4,GMR-Uniform,100,123,LR,0.8333333333333333,0.9974747474747474,0.0,0.5,0,0,98.9999999987625,98.9999999987625,792,8,792,8
S4,GMR-Uniform,100,123,DT,0.4,0.9924242424242424,0.5714285714285715,0.9924242424242424,0,0,98.9999999987625,98.9999999987625,792,8,792,8
S4,GMR-Uniform,100,123,XGB,1.0,1.0,1.0,1.0,0,0,98.9999999987625,98.9999999987625,792,8,792,8
S4,GMR-Uniform,100,456,KNN,0.505,0.75,0.0,0.5,0,0,98.9999999987625,98.9999999987625,792,8,792,8
S4,GMR-Uniform,100,456,RF,1.0,1.0,0.6666666666666666,0.75,0,0,98.9999999987625,98.9999999987625,792,8,792,8
S4,GMR-Uniform,100,456,LR,0.5050505050505051,0.505050505050505,0.0,0.5,0,0,98.9999999987625,98.9999999987625,792,8,792,8
S4,GMR-Uniform,100,456,DT,0.01,0.5,0.0,0.5,0,0,98.9999999987625,98.9999999987625,792,8,792,8
S4,GMR-Uniform,100,789,KNN,0.06055555555555555,0.7297979797979798,0.0,0.5,0,0,98.9999999987625,98.9999999987625,792,8,792,8
S4,GMR-Uniform,100,789,RF,0.505,0.731060606060606,0.4,0.744949494949495,0,0,98.9999999987625,98.9999999987625,792,8,792,8
S4,GMR-Uniform,100,789,LR,0.00792572463768116,0.05808080808080812,0.0,0.5,0,0,98.9999999987625,98.9999999987625,792,8,792,8
S4,GMR-Uniform,100,789,DT,0.13,0.7424242424242424,0.3333333333333333,0.7424242424242424,0,0,98.9999999987625,98.9999999987625,792,8,792,8
S4,GMR-Symmetric,10,0,KNN,0.8162820512820513,0.911935286935287,0.7741935483870968,0.8305860805860805,3,7,10.111111111097067,11.153846153828994,728,72,725,65
S4,GMR-Symmetric,10,0,RF,0.843748304419219,0.93009768009768,0.7741935483870968,0.8305860805860805,3,7,10.111111111097067,11.153846153828994,728,72,725,65
S4,GMR-Symmetric,10,0,LR,0.60513730956148,0.7951770451770452,0.0,0.5,3,7,10.111111111097067,11.153846153828994,728,72,725,65
S4,GMR-Symmetric,10,0,DT,0.7005555555555556,0.8833943833943834,0.823529411764706,0.8833943833943834,3,7,10.111111111097067,11.153846153828994,728,72,725,65
S4,GMR-Symmetric,10,42,KNN,0.946358024691358,0.9717643467643468,0.9411764705882353,0.9444444444444444,4,7,10.111111111097067,11.138461538444401,728,72,724,65
S4,GMR-Symmetric,10,42,RF,0.9269457013574662,0.9685592185592184,0.9090909090909091,0.9166666666666667,4,7,10.111111111097067,11.138461538444401,728,72,724,65
S4,GMR-Symmetric,10,42,LR,0.6954493893402967,0.7194749694749695,0.0,0.5,4,7,10.111111111097067,11.138461538444401,728,72,724,65
S4,GMR-Symmetric,10,42,DT,0.8483333333333334,0.9166666666666667,0.9090909090909091,0.9166666666666667,4,7,10.111111111097067,11.138461538444401,728,72,724,65
S4,GMR-Symmetric,10,123,KNN,0.926945701357466,0.9687118437118436,0.9142857142857143,0.9416971916971917,5,7,10.111111111097067,11.123076923059811,728,72,723,65
S4,GMR-Symmetric,10,123,RF,0.9041512345679013,0.9621489621489621,0.8421052631578948,0.9334554334554335,5,7,10.111111111097067,11.123076923059811,728,72,723,65
S4,GMR-Symmetric,10,123,LR,0.64420363779945,0.7176434676434676,0.10526315789473684,0.5277777777777778,5,7,10.111111111097067,11.123076923059811,728,72,723,65
S4,GMR-Symmetric,10,123,DT,0.6728947368421053,0.9056776556776557,0.8108108108108109,0.9056776556776557,5,7,10.111111111097067,11.123076923059811,728,72,723,65
S4,GMR-Symmetric,10,456,KNN,1.0,1.0,0.9714285714285714,0.9722222222222222,4,7,10.111111111097067,11.138461538444401,728,72,724,65
S4,GMR-Symmetric,10,456,RF,1.0,1.0,0.9411764705882353,0.9444444444444444,4,7,10.111111111097067,11.138461538444401,728,72,724,65
S4,GMR-Symmetric,10,456,LR,0.7137157134984257,0.7182539682539683,0.0,0.5,4,7,10.111111111097067,11.138461538444401,728,72,724,65
S4,GMR-Symmetric,10,456,DT,0.8988888888888888,0.9444444444444444,0.9411764705882353,0.9444444444444444,4,7,10.111111111097067,11.138461538444401,728,72,724,65
S4,GMR-Symmetric,10,789,KNN,0.7335867446393762,0.931929181929182,0.8108108108108109,0.9056776556776557,2,7,10.111111111097067,11.169230769213586,728,72,726,65
S4,GMR-Symmetric,10,789,RF,0.6985798705651647,0.9278083028083027,0.7567567567567567,0.8751526251526252,2,7,10.111111111097067,11.169230769213586,728,72,726,65
S4,GMR-Symmetric,10,789,LR,0.6924023582256833,0.7765567765567766,0.0,0.5,2,7,10.111111111097067,11.169230769213586,728,72,726,65
S4,GMR-Symmetric,10,789,DT,0.64,0.9029304029304029,0.7894736842105262,0.9029304029304029,2,7,10.111111111097067,11.169230769213586,728,72,726,65
S4,GMR-Symmetric,20,0,KNN,1.0,1.0,1.0,1.0,2,3,20.052631578894598,21.71428571422367,762,38,760,35
S4,GMR-Symmetric,20,0,RF,0.9603174603174603,0.9970913321698662,0.9411764705882353,0.9444444444444444,2,3,20.052631578894598,21.71428571422367,762,38,760,35
S4,GMR-Symmetric,20,0,LR,0.36881986001214606,0.43048283885980215,0.0,0.5,2,3,20.052631578894598,21.71428571422367,762,38,760,35
S4,GMR-Symmetric,20,0,DT,0.7161111111111111,0.9392088423502035,0.8421052631578948,0.9392088423502036,2,3,20.052631578894598,21.71428571422367,762,38,760,35
S4,GMR-Symmetric,20,42,KNN,0.7738888888888888,0.8877254217568353,0.8,0.8333333333333333,4,3,20.052631578894598,21.657142857080977,762,38,758,35
S4,GMR-Symmetric,20,42,RF,0.7200529100529101,0.8789994182664339,0.6153846153846153,0.7222222222222222,4,3,20.052631578894598,21.657142857080977,762,38,758,35
S4,GMR-Symmetric,20,42,LR,0.5983782267115599,0.6655031995346131,0.0,0.5,4,3,20.052631578894598,21.657142857080977,762,38,758,35
S4,GMR-Symmetric,20,42,DT,0.3212962962962963,0.7169866201279813,0.5333333333333333,0.7169866201279813,4,3,20.052631578894598,21.657142857080977,762,38,758,35
S4,GMR-Symmetric,20,123,KNN,0.6372222222222221,0.8260616637579988,0.7142857142857143,0.7777777777777778,2,3,20.052631578894598,21.71428571422367,762,38,760,35
S4,GMR-Symmetric,20,123,RF,0.6187037037037038,0.815590459569517,0.631578947368421,0.8228621291448517,2,3,20.052631578894598,21.71428571422367,762,38,760,35
S4,GMR-Symmetric,20,123,LR,0.5931357570101027,0.7696335078534032,0.0,0.5,2,3,20.052631578894598,21.71428571422367,762,38,760,35
S4,GMR-Symmetric,20,123,DT,0.2472222222222222,0.7117510180337405,0.47058823529411764,0.7117510180337405,2,3,20.052631578894598,21.71428571422367,762,38,760,35
S4,GMR-Symmetric,20,456,KNN,0.8938888888888888,0.9444444444444444,0.8,0.8333333333333333,0,3,20.052631578894598,21.771428571366368,762,38,762,35
S4,GMR-Symmetric,20,456,RF,0.893888888888889,0.9424083769633508,0.9411764705882353,0.9444444444444444,0,3,20.052631578894598,21.771428571366368,762,38,762,35
S4,GMR-Symmetric,20,456,LR,0.572334599241171,0.5555555555555556,0.0,0.5,0,3,20.052631578894598,21.771428571366368,762,38,762,35
S4,GMR-Symmetric,20,456,DT,0.7877777777777778,0.8888888888888888,0.8750000000000001,0.8888888888888888,0,3,20.052631578894598,21.771428571366368,762,38,762,35
S4,GMR-Symmetric,20,789,KNN,0.8635858585858586,0.9406631762652704,0.7777777777777778,0.883653286794648,1,3,20.052631578894598,21.74285714279502,762,38,761,35
S4,GMR-Symmetric,20,789,RF,0.7225925925925926,0.9319371727748691,0.761904761904762,0.9339732402559627,1,3,20.052631578894598,21.74285714279502,762,38,761,35
S4,GMR-Symmetric,20,789,LR,0.5561383678050345,0.6736474694589877,0.0,0.5,1,3,20.052631578894598,21.74285714279502,762,38,761,35
S4,GMR-Symmetric,20,789,DT,0.46370370370370373,0.8757998836532868,0.6666666666666666,0.8757998836532868,1,3,20.052631578894598,21.74285714279502,762,38,761,35
S4,GMR-Symmetric,50,0,KNN,1.0,1.0,1.0,1.0,0,1,52.333333332984445,56.07142857102806,785,15,785,14
S4,GMR-Symmetric,50,0,RF,1.0,1.0,1.0,1.0,0,1,52.333333332984445,56.07142857102806,785,15,785,14
S4,GMR-Symmetric,50,0,LR,0.5258333333333334,0.707908163265306,0.0,0.5,0,1,52.333333332984445,56.07142857102806,785,15,785,14
S4,GMR-Symmetric,50,0,DT,0.8,0.9974489795918368,0.888888888888889,0.9974489795918368,0,1,52.333333332984445,56.07142857102806,785,15,785,14
S4,GMR-Symmetric,50,42,KNN,0.755,0.8743622448979592,0.6666666666666666,0.75,1,1,52.333333332984445,55.9999999996,785,15,784,14
S4,GMR-Symmetric,50,42,RF,0.755,0.8698979591836734,0.6666666666666666,0.75,1,1,52.333333332984445,55.9999999996,785,15,784,14
S4,GMR-Symmetric,50,42,LR,0.7550251256281407,0.7512755102040816,0.0,0.5,1,1,52.333333332984445,55.9999999996,785,15,784,14
S4,GMR-Symmetric,50,42,DT,0.51,0.75,0.6666666666666666,0.75,1,1,52.333333332984445,55.9999999996,785,15,784,14
S4,GMR-Symmetric,50,123,KNN,0.63,0.8711734693877552,0.6666666666666666,0.75,1,1,52.333333332984445,55.9999999996,785,15,784,14
S4,GMR-Symmetric,50,123,RF,0.5716666666666667,0.8635204081632654,0.6666666666666665,0.8698979591836735,1,1,52.333333332984445,55.9999999996,785,15,784,14
S4,GMR-Symmetric,50,123,LR,0.20519741564967695,0.4923469387755102,0.0,0.5,1,1,52.333333332984445,55.9999999996,785,15,784,14
S4,GMR-Symmetric,50,123,DT,0.38,0.8673469387755103,0.6,0.8673469387755102,1,1,52.333333332984445,55.9999999996,785,15,784,14
S4,GMR-Symmetric,50,456,KNN,0.7857142857142857,0.9961734693877551,0.0,0.5,0,1,52.333333332984445,56.07142857102806,785,15,785,14
S4,GMR-Symmetric,50,456,RF,0.44666666666666666,0.8673469387755102,0.5714285714285715,0.7474489795918368,0,1,52.333333332984445,56.07142857102806,785,15,785,14
S4,GMR-Symmetric,50,456,LR,0.2623688811188811,0.326530612244898,0.0,0.5,0,1,52.333333332984445,56.07142857102806,785,15,785,14
S4,GMR-Symmetric,50,456,DT,0.3433333333333333,0.7474489795918368,0.5714285714285715,0.7474489795918368,0,1,52.333333332984445,56.07142857102806,785,15,785,14
S4,GMR-Symmetric,50,789,KNN,0.555,0.857780612244898,0.6666666666666666,0.75,0,1,52.333333332984445,56.07142857102806,785,15,785,14
S4,GMR-Symmetric,50,789,RF,0.5466666666666666,0.8565051020408163,0.5,0.7448979591836735,0,1,52.333333332984445,56.07142857102806,785,15,785,14
S4,GMR-Symmetric,50,789,LR,0.24575617283950615,0.7653061224489797,0.0,0.5,0,1,52.333333332984445,56.07142857102806,785,15,785,14
S4,GMR-Symmetric,50,789,DT,0.15285714285714286,0.7372448979591837,0.36363636363636365,0.7372448979591837,0,1,52.333333332984445,56.07142857102806,785,15,785,14
S4,GMR-Symmetric,100,0,KNN,0.255,0.7474747474747475,0.0,0.5,0,0,98.9999999987625,98.9999999987625,792,8,792,8
S4,GMR-Symmetric,100,0,RF,0.17166666666666666,0.7449494949494949,0.0,0.5,0,0,98.9999999987625,98.9999999987625,792,8,792,8
S4,GMR-Symmetric,100,0,LR,0.03838383838383838,0.46969696969696967,0.0,0.5,0,0,98.9999999987625,98.9999999987625,792,8,792,8
S4,GMR-Symmetric,100,0,DT,0.01,0.5,0.0,0.5,0,0,98.9999999987625,98.9999999987625,792,8,792,8
S4,GMR-Symmetric,100,42,KNN,0.2857142857142857,0.9873737373737373,0.0,0.5,0,0,98.9999999987625,98.9999999987625,792,8,792,8
S4,GMR-Symmetric,100,42,RF,1.0,1.0,0.6666666666666666,0.75,0,0,98.9999999987625,98.9999999987625,792,8,792,8
S4,GMR-Symmetric,100,42,LR,0.007525252525252525,0.0025252525252525415,0.0,0.5,0,0,98.9999999987625,98.9999999987625,792,8,792,8
S4,GMR-Symmetric,100,42,DT,0.505,0.75,0.6666666666666666,0.75,0,0,98.9999999987625,98.9999999987625,792,8,792,8
S4,GMR-Symmetric,100,42,XGB,1.0,1.0,0.0,0.5,0,0,98.9999999987625,98.9999999987625,792,8,792,8
S4,GMR-Symmetric,100,123,KNN,1.0,1.0,0.0,0.5,0,0,98.9999999987625,98.9999999987625,792,8,792,8
S4,GMR-Symmetric,100,123,RF,0.8333333333333333,0.9987373737373738,0.8,0.9974747474747474,0,0,98.9999999987625,98.9999999987625,792,8,792,8
S4,GMR-Symmetric,100,123,LR,0.8333333333333333,0.9974747474747474,0.0,0.5,0,0,98.9999999987625,98.9999999987625,792,8,792,8
S4,GMR-Symmetric,100,123,DT,0.4,0.9924242424242424,0.5714285714285715,0.9924242424242424,0,0,98.9999999987625,98.9999999987625,792,8,792,8
S4,GMR-Symmetric,100,456,KNN,0.505,0.75,0.0,0.5,0,0,98.9999999987625,98.9999999987625,792,8,792,8
S4,GMR-Symmetric,100,456,RF,1.0,1.0,0.6666666666666666,0.75,0,0,98.9999999987625,98.9999999987625,792,8,792,8
S4,GMR-Symmetric,100,456,LR,0.5050505050505051,0.505050505050505,0.0,0.5,0,0,98.9999999987625,98.9999999987625,792,8,792,8
S4,GMR-Symmetric,100,456,DT,0.01,0.5,0.0,0.5,0,0,98.9999999987625,98.9999999987625,792,8,792,8
S4,GMR-Symmetric,100,789,KNN,0.06055555555555555,0.7297979797979798,0.0,0.5,0,0,98.9999999987625,98.9999999987625,792,8,792,8
S4,GMR-Symmetric,100,789,RF,0.505,0.731060606060606,0.4,0.744949494949495,0,0,98.9999999987625,98.9999999987625,792,8,792,8
S4,GMR-Symmetric,100,789,LR,0.00792572463768116,0.05808080808080812,0.0,0.5,0,0,98.9999999987625,98.9999999987625,792,8,792,8
S4,GMR-Symmetric,100,789,DT,0.13,0.7424242424242424,0.3333333333333333,0.7424242424242424,0,0,98.9999999987625,98.9999999987625,792,8,792,8
S4,GMR-Full,10,0,KNN,0.8162820512820513,0.911935286935287,0.7741935483870968,0.8305860805860805,3,7,10.111111111097067,11.153846153828994,728,72,725,65
S4,GMR-Full,10,0,RF,0.843748304419219,0.93009768009768,0.7741935483870968,0.8305860805860805,3,7,10.111111111097067,11.153846153828994,728,72,725,65
S4,GMR-Full,10,0,LR,0.60513730956148,0.7951770451770452,0.0,0.5,3,7,10.111111111097067,11.153846153828994,728,72,725,65
S4,GMR-Full,10,0,DT,0.7005555555555556,0.8833943833943834,0.823529411764706,0.8833943833943834,3,7,10.111111111097067,11.153846153828994,728,72,725,65
S4,GMR-Full,10,42,KNN,0.946358024691358,0.9717643467643468,0.9411764705882353,0.9444444444444444,4,7,10.111111111097067,11.138461538444401,728,72,724,65
S4,GMR-Full,10,42,RF,0.9269457013574662,0.9685592185592184,0.9090909090909091,0.9166666666666667,4,7,10.111111111097067,11.138461538444401,728,72,724,65
S4,GMR-Full,10,42,LR,0.6954493893402967,0.7194749694749695,0.0,0.5,4,7,10.111111111097067,11.138461538444401,728,72,724,65
S4,GMR-Full,10,42,DT,0.8483333333333334,0.9166666666666667,0.9090909090909091,0.9166666666666667,4,7,10.111111111097067,11.138461538444401,728,72,724,65
S4,GMR-Full,10,123,KNN,0.926945701357466,0.9687118437118436,0.9142857142857143,0.9416971916971917,5,7,10.111111111097067,11.123076923059811,728,72,723,65
S4,GMR-Full,10,123,RF,0.9041512345679013,0.9621489621489621,0.8421052631578948,0.9334554334554335,5,7,10.111111111097067,11.123076923059811,728,72,723,65
S4,GMR-Full,10,123,LR,0.64420363779945,0.7176434676434676,0.10526315789473684,0.5277777777777778,5,7,10.111111111097067,11.123076923059811,728,72,723,65
S4,GMR-Full,10,123,DT,0.6728947368421053,0.9056776556776557,0.8108108108108109,0.9056776556776557,5,7,10.111111111097067,11.123076923059811,728,72,723,65
S4,GMR-Full,10,456,KNN,1.0,1.0,0.9714285714285714,0.9722222222222222,4,7,10.111111111097067,11.138461538444401,728,72,724,65
S4,GMR-Full,10,456,RF,1.0,1.0,0.9411764705882353,0.9444444444444444,4,7,10.111111111097067,11.138461538444401,728,72,724,65
S4,GMR-Full,10,456,LR,0.7137157134984257,0.7182539682539683,0.0,0.5,4,7,10.111111111097067,11.138461538444401,728,72,724,65
S4,GMR-Full,10,456,DT,0.8988888888888888,0.9444444444444444,0.9411764705882353,0.9444444444444444,4,7,10.111111111097067,11.138461538444401,728,72,724,65
S4,GMR-Full,10,789,KNN,0.7335867446393762,0.931929181929182,0.8108108108108109,0.9056776556776557,2,7,10.111111111097067,11.169230769213586,728,72,726,65
S4,GMR-Full,10,789,RF,0.6985798705651647,0.9278083028083027,0.7567567567567567,0.8751526251526252,2,7,10.111111111097067,11.169230769213586,728,72,726,65
S4,GMR-Full,10,789,LR,0.6924023582256833,0.7765567765567766,0.0,0.5,2,7,10.111111111097067,11.169230769213586,728,72,726,65
S4,GMR-Full,10,789,DT,0.64,0.9029304029304029,0.7894736842105262,0.9029304029304029,2,7,10.111111111097067,11.169230769213586,728,72,726,65
S4,GMR-Full,20,0,KNN,1.0,1.0,1.0,1.0,2,3,20.052631578894598,21.71428571422367,762,38,760,35
S4,GMR-Full,20,0,RF,0.9603174603174603,0.9970913321698662,0.9411764705882353,0.9444444444444444,2,3,20.052631578894598,21.71428571422367,762,38,760,35
S4,GMR-Full,20,0,LR,0.36881986001214606,0.43048283885980215,0.0,0.5,2,3,20.052631578894598,21.71428571422367,762,38,760,35
S4,GMR-Full,20,0,DT,0.7161111111111111,0.9392088423502035,0.8421052631578948,0.9392088423502036,2,3,20.052631578894598,21.71428571422367,762,38,760,35
S4,GMR-Full,20,0,XGB,1.0,1.0,0.9473684210526316,0.9973821989528796,2,3,20.052631578894598,21.71428571422367,762,38,760,35
S4,GMR-Full,20,42,KNN,0.7738888888888888,0.8877254217568353,0.8,0.8333333333333333,4,3,20.052631578894598,21.657142857080977,762,38,758,35
S4,GMR-Full,20,42,RF,0.7200529100529101,0.8789994182664339,0.6153846153846153,0.7222222222222222,4,3,20.052631578894598,21.657142857080977,762,38,758,35
S4,GMR-Full,20,42,LR,0.5983782267115599,0.6655031995346131,0.0,0.5,4,3,20.052631578894598,21.657142857080977,762,38,758,35
S4,GMR-Full,20,42,DT,0.3212962962962963,0.7169866201279813,0.5333333333333333,0.7169866201279813,4,3,20.052631578894598,21.657142857080977,762,38,758,35
S4,GMR-Full,20,123,KNN,0.6372222222222221,0.8260616637579988,0.7142857142857143,0.7777777777777778,2,3,20.052631578894598,21.71428571422367,762,38,760,35
S4,GMR-Full,20,123,RF,0.6187037037037038,0.815590459569517,0.631578947368421,0.8228621291448517,2,3,20.052631578894598,21.71428571422367,762,38,760,35
S4,GMR-Full,20,123,LR,0.5931357570101027,0.7696335078534032,0.0,0.5,2,3,20.052631578894598,21.71428571422367,762,38,760,35
S4,GMR-Full,20,123,DT,0.2472222222222222,0.7117510180337405,0.47058823529411764,0.7117510180337405,2,3,20.052631578894598,21.71428571422367,762,38,760,35
S4,GMR-Full,20,456,KNN,0.8938888888888888,0.9444444444444444,0.8,0.8333333333333333,0,3,20.052631578894598,21.771428571366368,762,38,762,35
S4,GMR-Full,20,456,RF,0.893888888888889,0.9424083769633508,0.9411764705882353,0.9444444444444444,0,3,20.052631578894598,21.771428571366368,762,38,762,35
S4,GMR-Full,20,456,LR,0.572334599241171,0.5555555555555556,0.0,0.5,0,3,20.052631578894598,21.771428571366368,762,38,762,35
S4,GMR-Full,20,456,DT,0.7877777777777778,0.8888888888888888,0.8750000000000001,0.8888888888888888,0,3,20.052631578894598,21.771428571366368,762,38,762,35
S4,GMR-Full,20,789,KNN,0.8635858585858586,0.9406631762652704,0.7777777777777778,0.883653286794648,1,3,20.052631578894598,21.74285714279502,762,38,761,35
S4,GMR-Full,20,789,RF,0.7225925925925926,0.9319371727748691,0.761904761904762,0.9339732402559627,1,3,20.052631578894598,21.74285714279502,762,38,761,35
S4,GMR-Full,20,789,LR,0.5561383678050345,0.6736474694589877,0.0,0.5,1,3,20.052631578894598,21.74285714279502,762,38,761,35
S4,GMR-Full,20,789,DT,0.46370370370370373,0.8757998836532868,0.6666666666666666,0.8757998836532868,1,3,20.052631578894598,21.74285714279502,762,38,761,35
S4,GMR-Full,50,0,KNN,1.0,1.0,1.0,1.0,0,1,52.333333332984445,56.07142857102806,785,15,785,14
S4,GMR-Full,50,0,RF,1.0,1.0,1.0,1.0,0,1,52.333333332984445,56.07142857102806,785,15,785,14
S4,GMR-Full,50,0,LR,0.5258333333333334,0.707908163265306,0.0,0.5,0,1,52.333333332984445,56.07142857102806,785,15,785,14
S4,GMR-Full,50,0,DT,0.8,0.9974489795918368,0.888888888888889,0.9974489795918368,0,1,52.333333332984445,56.07142857102806,785,15,785,14
S4,GMR-Full,50,42,KNN,0.755,0.8743622448979592,0.6666666666666666,0.75,1,1,52.333333332984445,55.9999999996,785,15,784,14
S4,GMR-Full,50,42,RF,0.755,0.8698979591836734,0.6666666666666666,0.75,1,1,52.333333332984445,55.9999999996,785,15,784,14
S4,GMR-Full,50,42,LR,0.7550251256281407,0.7512755102040816,0.0,0.5,1,1,52.333333332984445,55.9999999996,785,15,784,14
S4,GMR-Full,50,42,DT,0.51,0.75,0.6666666666666666,0.75,1,1,52.333333332984445,55.9999999996,785,15,784,14
S4,GMR-Full,50,123,KNN,0.63,0.8711734693877552,0.6666666666666666,0.75,1,1,52.333333332984445,55.9999999996,785,15,784,14
S4,GMR-Full,50,123,RF,0.5716666666666667,0.8635204081632654,0.6666666666666665,0.8698979591836735,1,1,52.333333332984445,55.9999999996,785,15,784,14
S4,GMR-Full,50,123,LR,0.20519741564967695,0.4923469387755102,0.0,0.5,1,1,52.333333332984445,55.9999999996,785,15,784,14
S4,GMR-Full,50,123,DT,0.38,0.8673469387755103,0.6,0.8673469387755102,1,1,52.333333332984445,55.9999999996,785,15,784,14
S4,GMR-Full,50,456,KNN,0.8928571428571428,0.9980867346938775,0.4,0.625,0,1,52.333333332984445,56.07142857102806,785,15,785,14
S4,GMR-Full,50,456,RF,0.5099206349206349,0.9891581632653061,0.5714285714285715,0.7474489795918368,0,1,52.333333332984445,56.07142857102806,785,15,785,14
S4,GMR-Full,50,456,LR,0.27362689393939393,0.5089285714285715,0.0,0.5,0,1,52.333333332984445,56.07142857102806,785,15,785,14
S4,GMR-Full,50,456,DT,0.3433333333333333,0.7474489795918368,0.5714285714285715,0.7474489795918368,0,1,52.333333332984445,56.07142857102806,785,15,785,14
S4,GMR-Full,50,789,KNN,0.555,0.857780612244898,0.6666666666666666,0.75,0,1,52.333333332984445,56.07142857102806,785,15,785,14
S4,GMR-Full,50,789,RF,0.5466666666666666,0.8565051020408163,0.5,0.7448979591836735,0,1,52.333333332984445,56.07142857102806,785,15,785,14
S4,GMR-Full,50,789,LR,0.24575617283950615,0.7653061224489797,0.0,0.5,0,1,52.333333332984445,56.07142857102806,785,15,785,14
S4,GMR-Full,50,789,DT,0.15285714285714286,0.7372448979591837,0.36363636363636365,0.7372448979591837,0,1,52.333333332984445,56.07142857102806,785,15,785,14
S4,GMR-Full,100,0,KNN,0.255,0.7474747474747475,0.0,0.5,0,0,98.9999999987625,98.9999999987625,792,8,792,8
S4,GMR-Full,100,0,RF,0.17166666666666666,0.7449494949494949,0.0,0.5,0,0,98.9999999987625,98.9999999987625,792,8,792,8
S4,GMR-Full,100,0,LR,0.03838383838383838,0.46969696969696967,0.0,0.5,0,0,98.9999999987625,98.9999999987625,792,8,792,8
S4,GMR-Full,100,0,DT,0.01,0.5,0.0,0.5,0,0,98.9999999987625,98.9999999987625,792,8,792,8
S4,GMR-Full,100,42,KNN,0.2857142857142857,0.9873737373737373,0.0,0.5,0,0,98.9999999987625,98.9999999987625,792,8,792,8
S4,GMR-Full,100,42,RF,1.0,1.0,0.6666666666666666,0.75,0,0,98.9999999987625,98.9999999987625,792,8,792,8
S4,GMR-Full,100,42,LR,0.007525252525252525,0.0025252525252525415,0.0,0.5,0,0,98.9999999987625,98.9999999987625,792,8,792,8
S4,GMR-Full,100,42,DT,0.505,0.75,0.6666666666666666,0.75,0,0,98.9999999987625,98.9999999987625,792,8,792,8
S4,GMR-Full,100,42,XGB,1.0,1.0,0.0,0.5,0,0,98.9999999987625,98.9999999987625,792,8,792,8
S4,GMR-Full,100,123,KNN,1.0,1.0,0.0,0.5,0,0,98.9999999987625,98.9999999987625,792,8,792,8
S4,GMR-Full,100,123,RF,0.8333333333333333,0.9987373737373738,0.8,0.9974747474747474,0,0,98.9999999987625,98.9999999987625,792,8,792,8
S4,GMR-Full,100,123,LR,0.8333333333333333,0.9974747474747474,0.0,0.5,0,0,98.9999999987625,98.9999999987625,792,8,792,8
S4,GMR-Full,100,123,DT,0.4,0.9924242424242424,0.5714285714285715,0.9924242424242424,0,0,98.9999999987625,98.9999999987625,792,8,792,8
S4,GMR-Full,100,456,KNN,0.505,0.75,0.0,0.5,0,0,98.9999999987625,98.9999999987625,792,8,792,8
S4,GMR-Full,100,456,RF,1.0,1.0,0.6666666666666666,0.75,0,0,98.9999999987625,98.9999999987625,792,8,792,8
S4,GMR-Full,100,456,LR,0.5050505050505051,0.505050505050505,0.0,0.5,0,0,98.9999999987625,98.9999999987625,792,8,792,8
S4,GMR-Full,100,456,DT,0.01,0.5,0.0,0.5,0,0,98.9999999987625,98.9999999987625,792,8,792,8
S4,GMR-Full,100,789,KNN,0.06055555555555555,0.7297979797979798,0.0,0.5,0,0,98.9999999987625,98.9999999987625,792,8,792,8
S4,GMR-Full,100,789,RF,0.505,0.731060606060606,0.4,0.744949494949495,0,0,98.9999999987625,98.9999999987625,792,8,792,8
S4,GMR-Full,100,789,LR,0.00792572463768116,0.05808080808080812,0.0,0.5,0,0,98.9999999987625,98.9999999987625,792,8,792,8
S4,GMR-Full,100,789,DT,0.13,0.7424242424242424,0.3333333333333333,0.7424242424242424,0,0,98.9999999987625,98.9999999987625,792,8,792,8
S5,None,10,0,KNN,1.0,1.0,0.962962962962963,0.9642857142857143,0,0,10.034482758603389,10.034482758603389,582,58,582,58
S5,None,10,0,RF,0.9999999999999999,1.0,0.962962962962963,0.9642857142857143,0,0,10.034482758603389,10.034482758603389,582,58,582,58
S5,None,10,0,LR,1.0,1.0,1.0,1.0,0,0,10.034482758603389,10.034482758603389,582,58,582,58
S5,None,10,0,DT,0.6768849206349207,0.9471624266144814,0.8125000000000001,0.9471624266144814,0,0,10.034482758603389,10.034482758603389,582,58,582,58
S5,None,10,42,KNN,1.0,1.0,0.923076923076923,0.9285714285714286,0,0,10.034482758603389,10.034482758603389,582,58,582,58
S5,None,10,42,RF,1.0,1.0,0.923076923076923,0.9285714285714286,0,0,10.034482758603389,10.034482758603389,582,58,582,58
S5,None,10,42,LR,1.0,1.0,0.962962962962963,0.9642857142857143,0,0,10.034482758603389,10.034482758603389,582,58,582,58
S5,None,10,42,DT,0.6835851648351648,0.8860078277886495,0.8148148148148148,0.8860078277886496,0,0,10.034482758603389,10.034482758603389,582,58,582,58
S5,None,10,123,KNN,0.9348214285714286,0.964041095890411,0.962962962962963,0.9642857142857143,0,0,10.034482758603389,10.034482758603389,582,58,582,58
S5,None,10,123,RF,0.9999999999999999,1.0,0.962962962962963,0.9642857142857143,0,0,10.034482758603389,10.034482758603389,582,58,582,58
S5,None,10,123,LR,1.0,1.0,1.0,1.0,0,0,10.034482758603389,10.034482758603389,582,58,582,58
S5,None,10,123,DT,0.6982142857142857,0.9182974559686888,0.8275862068965518,0.9182974559686888,0,0,10.034482758603389,10.034482758603389,582,58,582,58
S5,None,10,456,KNN,1.0,1.0,0.923076923076923,0.9285714285714286,0,0,10.034482758603389,10.034482758603389,582,58,582,58
S5,None,10,456,RF,0.995238095238095,0.9997553816046968,0.8333333333333333,0.8571428571428572,0,0,10.034482758603389,10.034482758603389,582,58,582,58
S5,None,10,456,LR,1.0,1.0,1.0,1.0,0,0,10.034482758603389,10.034482758603389,582,58,582,58
S5,None,10,456,DT,0.4763049450549451,0.807729941291585,0.6666666666666666,0.8077299412915852,0,0,10.034482758603389,10.034482758603389,582,58,582,58
S5,None,10,789,KNN,1.0,1.0,0.962962962962963,0.9642857142857143,0,0,10.034482758603389,10.034482758603389,582,58,582,58
S5,None,10,789,RF,0.9822929171668667,0.9985322896281801,0.923076923076923,0.9285714285714286,0,0,10.034482758603389,10.034482758603389,582,58,582,58
S5,None,10,789,LR,1.0,1.0,1.0,1.0,0,0,10.034482758603389,10.034482758603389,582,58,582,58
S5,None,10,789,DT,0.5352040816326531,0.8434442270058709,0.7142857142857143,0.8434442270058709,0,0,10.034482758603389,10.034482758603389,582,58,582,58
S5,None,20,0,KNN,1.0,1.0,0.9333333333333333,0.9375,0,0,20.333333333265557,20.333333333265557,610,30,610,30
S5,None,20,0,RF,1.0,1.0,0.9333333333333333,0.9375,0,0,20.333333333265557,20.333333333265557,610,30,610,30
S5,None,20,0,LR,1.0,1.0,1.0,1.0,0,0,20.333333333265557,20.333333333265557,610,30,610,30
S5,None,20,0,DT,0.7625,0.875,0.8571428571428571,0.875,0,0,20.333333333265557,20.333333333265557,610,30,610,30
S5,None,20,42,KNN,0.88125,0.9375,0.8571428571428571,0.875,0,0,20.333333333265557,20.333333333265557,610,30,610,30
S5,None,20,42,RF,0.975,0.9983552631578948,0.6666666666666666,0.75,0,0,20.333333333265557,20.333333333265557,610,30,610,30
S5,None,20,42,LR,1.0,1.0,0.8571428571428571,0.875,0,0,20.333333333265557,20.333333333265557,610,30,610,30
S5,None,20,42,DT,0.46249999999999997,0.8618421052631579,0.6666666666666665,0.861842105263158,0,0,20.333333333265557,20.333333333265557,610,30,610,30
S5,None,20,123,KNN,1.0,1.0,1.0,1.0,0,0,20.333333333265557,20.333333333265557,610,30,610,30
S5,None,20,123,RF,1.0,1.0,0.8571428571428571,0.875,0,0,20.333333333265557,20.333333333265557,610,30,610,30
S5,None,20,123,LR,1.0,1.0,1.0,1.0,0,0,20.333333333265557,20.333333333265557,610,30,610,30
S5,None,20,123,DT,0.225,0.7302631578947368,0.4444444444444445,0.7302631578947368,0,0,20.333333333265557,20.333333333265557,610,30,610,30
S5,None,20,456,KNN,1.0,1.0,0.9333333333333333,0.9375,0,0,20.333333333265557,20.333333333265557,610,30,610,30
S5,None,20,456,RF,1.0,1.0,0.9333333333333333,0.9375,0,0,20.333333333265557,20.333333333265557,610,30,610,30
S5,None,20,456,LR,1.0,1.0,1.0,1.0,0,0,20.333333333265557,20.333333333265557,610,30,610,30
S5,None,20,456,DT,0.5395833333333334,0.8092105263157895,0.7142857142857143,0.8092105263157895,0,0,20.333333333265557,20.333333333265557,610,30,610,30
S5,None,20,789,KNN,1.0,1.0,1.0,1.0,0,0,20.333333333265557,20.333333333265557,610,30,610,30
S5,None,20,789,RF,1.0,1.0,1.0,1.0,0,0,20.333333333265557,20.333333333265557,610,30,610,30
S5,None,20,789,LR,1.0,1.0,1.0,1.0,0,0,20.333333333265557,20.333333333265557,610,30,610,30
S5,None,20,789,DT,0.5630681818181817,0.924342105263158,0.7368421052631579,0.924342105263158,0,0,20.333333333265557,20.333333333265557,610,30,610,30
S5,None,50,0,KNN,1.0,1.0,0.8,0.8333333333333333,0,0,52.33333333289722,52.33333333289722,628,12,628,12
S5,None,50,0,RF,1.0,1.0,0.5,0.6666666666666666,0,0,52.33333333289722,52.33333333289722,628,12,628,12
S5,None,50,0,LR,1.0,1.0,1.0,1.0,0,0,52.33333333289722,52.33333333289722,628,12,628,12
S5,None,50,0,DT,0.6729166666666666,0.8333333333333333,0.8,0.8333333333333333,0,0,52.33333333289722,52.33333333289722,628,12,628,12
S5,None,50,42,KNN,0.3458333333333333,0.6666666666666666,0.0,0.5,0,0,52.33333333289722,52.33333333289722,628,12,628,12
S5,None,50,42,RF,0.8333333333333333,0.9946921443736731,0.0,0.5,0,0,52.33333333289722,52.33333333289722,628,12,628,12
S5,None,50,42,LR,0.7222222222222223,0.9915074309978769,0.5,0.6666666666666666,0,0,52.33333333289722,52.33333333289722,628,12,628,12
S5,None,50,42,DT,0.06805555555555555,0.6507430997876857,0.2222222222222222,0.6507430997876857,0,0,52.33333333289722,52.33333333289722,628,12,628,12
S5,None,50,123,KNN,1.0,1.0,0.8,0.8333333333333333,0,0,52.33333333289722,52.33333333289722,628,12,628,12
S5,None,50,123,RF,1.0,1.0,0.0,0.5,0,0,52.33333333289722,52.33333333289722,628,12,628,12
S5,None,50,123,LR,1.0,1.0,1.0,1.0,0,0,52.33333333289722,52.33333333289722,628,12,628,12
S5,None,50,123,DT,0.3458333333333333,0.6666666666666666,0.5,0.6666666666666666,0,0,52.33333333289722,52.33333333289722,628,12,628,12
S5,None,50,123,XGB,1.0,1.0,0.5,0.6666666666666666,0,0,52.33333333289722,52.33333333289722,628,12,628,12
S5,None,50,456,KNN,1.0,1.0,1.0,1.0,0,0,52.33333333289722,52.33333333289722,628,12,628,12
S5,None,50,456,RF,0.9166666666666665,0.9978768577494692,0.5,0.6666666666666666,0,0,52.33333333289722,52.33333333289722,628,12,628,12
S5,None,50,456,LR,1.0,1.0,1.0,1.0,0,0,52.33333333289722,52.33333333289722,628,12,628,12
S5,None,50,456,DT,0.01875,0.49363057324840764,0.0,0.49363057324840764,0,0,52.33333333289722,52.33333333289722,628,12,628,12
S5,None,50,789,KNN,1.0,1.0,0.0,0.5,0,0,52.33333333289722,52.33333333289722,628,12,628,12
S5,None,50,789,RF,1.0,1.0,0.0,0.5,0,0,52.33333333289722,52.33333333289722,628,12,628,12
S5,None,50,789,LR,1.0,1.0,0.8,0.8333333333333333,0,0,52.33333333289722,52.33333333289722,628,12,628,12
S5,None,50,789,DT,0.4506944444444444,0.8301486199575371,0.6666666666666666,0.8301486199575372,0,0,52.33333333289722,52.33333333289722,628,12,628,12
S5,None,100,0,KNN,1.0,1.0,0.6666666666666666,0.75,0,0,78.9999999990125,78.9999999990125,632,8,632,8
S5,None,100,0,RF,1.0,1.0,0.0,0.5,0,0,78.9999999990125,78.9999999990125,632,8,632,8
S5,None,100,0,LR,1.0,1.0,1.0,1.0,0,0,78.9999999990125,78.9999999990125,632,8,632,8
S5,None,100,0,DT,1.0,1.0,1.0,1.0,0,0,78.9999999990125,78.9999999990125,632,8,632,8
S5,None,100,42,KNN,1.0,1.0,0.0,0.5,0,0,78.9999999990125,78.9999999990125,632,8,632,8
S5,None,100,42,RF,0.75,0.9952531645569621,0.0,0.5,0,0,78.9999999990125,78.9999999990125,632,8,632,8
S5,None,100,42,LR,1.0,1.0,1.0,1.0,0,0,78.9999999990125,78.9999999990125,632,8,632,8
S5,None,100,42,DT,0.0125,0.48417721518987344,0.0,0.48417721518987344,0,0,78.9999999990125,78.9999999990125,632,8,632,8
S5,None,100,123,KNN,1.0,1.0,0.0,0.5,0,0,78.9999999990125,78.9999999990125,632,8,632,8
S5,None,100,123,RF,1.0,1.0,0.0,0.5,0,0,78.9999999990125,78.9999999990125,632,8,632,8
S5,None,100,123,LR,1.0,1.0,0.6666666666666666,0.75,0,0,78.9999999990125,78.9999999990125,632,8,632,8
S5,None,100,123,DT,0.50625,0.75,0.6666666666666666,0.75,0,0,78.9999999990125,78.9999999990125,632,8,632,8
S5,None,100,123,XGB,1.0,1.0,0.6666666666666666,0.75,0,0,78.9999999990125,78.9999999990125,632,8,632,8
S5,None,100,456,KNN,0.50625,0.75,0.6666666666666666,0.75,0,0,78.9999999990125,78.9999999990125,632,8,632,8
S5,None,100,456,RF,1.0,1.0,0.6666666666666666,0.75,0,0,78.9999999990125,78.9999999990125,632,8,632,8
S5,None,100,456,LR,1.0,1.0,0.6666666666666666,0.75,0,0,78.9999999990125,78.9999999990125,632,8,632,8
S5,None,100,456,DT,0.17291666666666666,0.7436708860759494,0.4,0.7436708860759493,0,0,78.9999999990125,78.9999999990125,632,8,632,8
S5,None,100,789,KNN,1.0,1.0,0.0,0.5,0,0,78.9999999990125,78.9999999990125,632,8,632,8
S5,None,100,789,RF,1.0,1.0,0.0,0.5,0,0,78.9999999990125,78.9999999990125,632,8,632,8
S5,None,100,789,LR,1.0,1.0,1.0,1.0,0,0,78.9999999990125,78.9999999990125,632,8,632,8
S5,None,100,789,DT,0.50625,0.75,0.6666666666666666,0.75,0,0,78.9999999990125,78.9999999990125,632,8,632,8
S5,SMOTE,10,0,KNN,0.9333333333333333,0.9965753424657534,0.9032258064516129,0.9897260273972603,0,-524,10.034482758603389,0.9999999999998281,582,58,582,582
S5,SMOTE,10,0,RF,1.0,1.0,1.0,1.0,0,-524,10.034482758603389,0.9999999999998281,582,58,582,582
S5,SMOTE,10,0,LR,1.0,1.0,1.0,1.0,0,-524,10.034482758603389,0.9999999999998281,582,58,582,582
S5,SMOTE,10,0,DT,0.8110119047619048,0.9574363992172211,0.896551724137931,0.9574363992172211,0,-524,10.034482758603389,0.9999999999998281,582,58,582,582
S5,SMOTE,10,42,KNN,1.0,1.0,0.9333333333333333,0.9931506849315068,0,-524,10.034482758603389,0.9999999999998281,582,58,582,582
S5,SMOTE,10,42,RF,1.0,1.0,0.962962962962963,0.9642857142857143,0,-524,10.034482758603389,0.9999999999998281,582,58,582,582
S5,SMOTE,10,42,LR,1.0,1.0,1.0,1.0,0,-524,10.034482758603389,0.9999999999998281,582,58,582,582
S5,SMOTE,10,42,DT,0.8110119047619048,0.9574363992172211,0.896551724137931,0.9574363992172211,0,-524,10.034482758603389,0.9999999999998281,582,58,582,582
S5,SMOTE,10,123,KNN,0.9333333333333333,0.9965753424657534,0.9655172413793104,0.9965753424657534,0,-524,10.034482758603389,0.9999999999998281,582,58,582,582
S5,SMOTE,10,123,RF,0.9846415489272632,0.9985322896281801,0.9655172413793104,0.9965753424657534,0,-524,10.034482758603389,0.9999999999998281,582,58,582,582
S5,SMOTE,10,123,LR,1.0,1.0,0.9655172413793104,0.9965753424657534,0,-524,10.034482758603389,0.9999999999998281,582,58,582,582
S5,SMOTE,10,123,DT,0.6415883458646616,0.9437377690802349,0.7878787878787878,0.9437377690802349,0,-524,10.034482758603389,0.9999999999998281,582,58,582,582
S5,SMOTE,10,456,KNN,1.0,1.0,1.0,1.0,0,-524,10.034482758603389,0.9999999999998281,582,58,582,582
S5,SMOTE,10,456,RF,1.0,1.0,1.0,1.0,0,-524,10.034482758603389,0.9999999999998281,582,58,582,582
S5,SMOTE,10,456,LR,1.0,1.0,1.0,1.0,0,-524,10.034482758603389,0.9999999999998281,582,58,582,582
S5,SMOTE,10,456,DT,0.8044642857142857,0.8928571428571428,0.88,0.8928571428571428,0,-524,10.034482758603389,0.9999999999998281,582,58,582,582
S5,SMOTE,10,789,KNN,0.9333333333333333,0.9965753424657534,0.8484848484848484,0.9828767123287672,0,-524,10.034482758603389,0.9999999999998281,582,58,582,582
S5,SMOTE,10,789,RF,0.9999999999999998,1.0,1.0,1.0,0,-524,10.034482758603389,0.9999999999998281,582,58,582,582
S5,SMOTE,10,789,LR,1.0,1.0,1.0,1.0,0,-524,10.034482758603389,0.9999999999998281,582,58,582,582
S5,SMOTE,10,789,DT,0.6175420168067226,0.9114481409001958,0.7741935483870968,0.9114481409001957,0,-524,10.034482758603389,0.9999999999998281,582,58,582,582
S5,SMOTE,20,0,KNN,1.0,1.0,0.761904761904762,0.9835526315789473,0,-580,20.333333333265557,0.999999999999836,610,30,610,610
S5,SMOTE,20,0,RF,1.0,1.0,1.0,1.0,0,-580,20.333333333265557,0.999999999999836,610,30,610,610
S5,SMOTE,20,0,LR,1.0,1.0,1.0,1.0,0,-580,20.333333333265557,0.999999999999836,610,30,610,610
S5,SMOTE,20,0,DT,0.88125,0.9375,0.9333333333333333,0.9375,0,-580,20.333333333265557,0.999999999999836,610,30,610,610
S5,SMOTE,20,42,KNN,0.95,0.9983552631578948,0.888888888888889,0.993421052631579,0,-580,20.333333333265557,0.999999999999836,610,30,610,610
S5,SMOTE,20,42,RF,0.9464285714285714,0.996299342105263,0.9333333333333333,0.9375,0,-580,20.333333333265557,0.999999999999836,610,30,610,610
S5,SMOTE,20,42,LR,1.0,1.0,1.0,1.0,0,-580,20.333333333265557,0.999999999999836,610,30,610,610
S5,SMOTE,20,42,DT,0.409375,0.8026315789473684,0.625,0.8026315789473684,0,-580,20.333333333265557,0.999999999999836,610,30,610,610
S5,SMOTE,20,123,KNN,1.0,1.0,0.9411764705882353,0.9967105263157895,0,-580,20.333333333265557,0.999999999999836,610,30,610,610
S5,SMOTE,20,123,RF,1.0,1.0,0.8571428571428571,0.875,0,-580,20.333333333265557,0.999999999999836,610,30,610,610
S5,SMOTE,20,123,LR,1.0,1.0,1.0,1.0,0,-580,20.333333333265557,0.999999999999836,610,30,610,610
S5,SMOTE,20,123,DT,0.7625,0.875,0.8571428571428571,0.875,0,-580,20.333333333265557,0.999999999999836,610,30,610,610
S5,SMOTE,20,456,KNN,1.0,1.0,0.888888888888889,0.993421052631579,0,-580,20.333333333265557,0.999999999999836,610,30,610,610
S5,SMOTE,20,456,RF,1.0,1.0,1.0,1.0,0,-580,20.333333333265557,0.999999999999836,610,30,610,610
S5,SMOTE,20,456,LR,1.0,1.0,1.0,1.0,0,-580,20.333333333265557,0.999999999999836,610,30,610,610
S5,SMOTE,20,456,DT,0.35833333333333334,0.7434210526315789,0.5714285714285715,0.743421052631579,0,-580,20.333333333265557,0.999999999999836,610,30,610,610
S5,SMOTE,20,456,XGB,1.0,1.0,0.9333333333333333,0.9375,0,-580,20.333333333265557,0.999999999999836,610,30,610,610
S5,SMOTE,20,789,KNN,0.8888888888888888,0.9967105263157895,0.8421052631578948,0.9901315789473684,0,-580,20.333333333265557,0.999999999999836,610,30,610,610
S5,SMOTE,20,789,RF,1.0,1.0,0.8571428571428571,0.875,0,-580,20.333333333265557,0.999999999999836,610,30,610,610
S5,SMOTE,20,789,LR,1.0,1.0,1.0,1.0,0,-580,20.333333333265557,0.999999999999836,610,30,610,610
S5,SMOTE,20,789,DT,0.33125,0.7960526315789472,0.5555555555555556,0.7960526315789473,0,-580,20.333333333265557,0.999999999999836,610,30,610,610
S5,SMOTE,20,789,XGB,1.0,1.0,0.9333333333333333,0.9375,0,-580,20.333333333265557,0.999999999999836,610,30,610,610
S5,SMOTE,50,0,KNN,1.0,1.0,1.0,1.0,0,-616,52.33333333289722,0.9999999999998407,628,12,628,628
S5,SMOTE,50,0,RF,0.8095238095238095,0.9915074309978769,0.5,0.6666666666666666,0,-616,52.33333333289722,0.9999999999998407,628,12,628,628
S5,SMOTE,50,0,LR,1.0,1.0,1.0,1.0,0,-616,52.33333333289722,0.9999999999998407,628,12,628,628
S5,SMOTE,50,0,DT,0.17916666666666667,0.6634819532908705,0.4,0.6634819532908705,0,-616,52.33333333289722,0.9999999999998407,628,12,628,628
S5,SMOTE,50,42,KNN,0.17916666666666667,0.6613588110403397,0.3333333333333333,0.6602972399150743,0,-616,52.33333333289722,0.9999999999998407,628,12,628,628
S5,SMOTE,50,42,RF,0.5909090909090908,0.9851380042462845,0.0,0.5,0,-616,52.33333333289722,0.9999999999998407,628,12,628,628
S5,SMOTE,50,42,LR,0.7555555555555555,0.9936305732484076,0.5,0.6666666666666666,0,-616,52.33333333289722,0.9999999999998407,628,12,628,628
S5,SMOTE,50,42,DT,0.01875,0.4968152866242038,0.0,0.4968152866242038,0,-616,52.33333333289722,0.9999999999998407,628,12,628,628
S5,SMOTE,50,123,KNN,0.75,0.9968152866242038,0.8571428571428571,0.9968152866242038,0,-616,52.33333333289722,0.9999999999998407,628,12,628,628
S5,SMOTE,50,123,RF,1.0,1.0,1.0,1.0,0,-616,52.33333333289722,0.9999999999998407,628,12,628,628
S5,SMOTE,50,123,LR,1.0,1.0,1.0,1.0,0,-616,52.33333333289722,0.9999999999998407,628,12,628,628
S5,SMOTE,50,123,DT,0.75,0.9968152866242038,0.8571428571428571,0.9968152866242038,0,-616,52.33333333289722,0.9999999999998407,628,12,628,628
S5,SMOTE,50,456,KNN,1.0,1.0,1.0,1.0,0,-616,52.33333333289722,0.9999999999998407,628,12,628,628
S5,SMOTE,50,456,RF,1.0,1.0,0.8,0.8333333333333333,0,-616,52.33333333289722,0.9999999999998407,628,12,628,628
S5,SMOTE,50,456,LR,1.0,1.0,1.0,1.0,0,-616,52.33333333289722,0.9999999999998407,628,12,628,628
S5,SMOTE,50,456,DT,0.4506944444444444,0.8301486199575371,0.6666666666666666,0.8301486199575372,0,-616,52.33333333289722,0.9999999999998407,628,12,628,628
S5,SMOTE,50,789,KNN,1.0,1.0,1.0,1.0,0,-616,52.33333333289722,0.9999999999998407,628,12,628,628
S5,SMOTE,50,789,RF,1.0,1.0,0.5,0.6666666666666666,0,-616,52.33333333289722,0.9999999999998407,628,12,628,628
S5,SMOTE,50,789,LR,1.0,1.0,1.0,1.0,0,-616,52.33333333289722,0.9999999999998407,628,12,628,628
S5,SMOTE,50,789,DT,0.17916666666666667,0.6634819532908705,0.4,0.6634819532908705,0,-616,52.33333333289722,0.9999999999998407,628,12,628,628
S5,SMOTE,100,0,KNN,1.0,1.0,1.0,1.0,0,-624,78.9999999990125,0.9999999999998417,632,8,632,632
S5,SMOTE,100,0,RF,1.0,1.0,0.6666666666666666,0.75,0,-624,78.9999999990125,0.9999999999998417,632,8,632,632
S5,SMOTE,100,0,LR,1.0,1.0,1.0,1.0,0,-624,78.9999999990125,0.9999999999998417,632,8,632,632
S5,SMOTE,100,0,DT,0.25625,0.7468354430379747,0.5,0.7468354430379747,0,-624,78.9999999990125,0.9999999999998417,632,8,632,632
S5,SMOTE,100,42,KNN,0.3333333333333333,0.9873417721518988,0.5,0.9873417721518987,0,-624,78.9999999990125,0.9999999999998417,632,8,632,632
S5,SMOTE,100,42,RF,0.5,0.9920886075949368,0.0,0.5,0,-624,78.9999999990125,0.9999999999998417,632,8,632,632
S5,SMOTE,100,42,LR,1.0,1.0,1.0,1.0,0,-624,78.9999999990125,0.9999999999998417,632,8,632,632
S5,SMOTE,100,42,DT,0.17291666666666666,0.7436708860759494,0.4,0.7436708860759493,0,-624,78.9999999990125,0.9999999999998417,632,8,632,632
S5,SMOTE,100,123,KNN,1.0,1.0,0.5714285714285715,0.990506329113924,0,-624,78.9999999990125,0.9999999999998417,632,8,632,632
S5,SMOTE,100,123,RF,1.0,1.0,0.0,0.5,0,-624,78.9999999990125,0.9999999999998417,632,8,632,632
S5,SMOTE,100,123,LR,1.0,1.0,1.0,1.0,0,-624,78.9999999990125,0.9999999999998417,632,8,632,632
S5,SMOTE,100,123,DT,1.0,1.0,1.0,1.0,0,-624,78.9999999990125,0.9999999999998417,632,8,632,632
S5,SMOTE,100,456,KNN,1.0,1.0,1.0,1.0,0,-624,78.9999999990125,0.9999999999998417,632,8,632,632
S5,SMOTE,100,456,RF,1.0,1.0,0.6666666666666666,0.75,0,-624,78.9999999990125,0.9999999999998417,632,8,632,632
S5,SMOTE,100,456,LR,1.0,1.0,1.0,1.0,0,-624,78.9999999990125,0.9999999999998417,632,8,632,632
S5,SMOTE,100,456,DT,0.50625,0.75,0.6666666666666666,0.75,0,-624,78.9999999990125,0.9999999999998417,632,8,632,632
S5,SMOTE,100,789,KNN,1.0,1.0,0.6666666666666666,0.9936708860759493,0,-624,78.9999999990125,0.9999999999998417,632,8,632,632
S5,SMOTE,100,789,RF,1.0,1.0,1.0,1.0,0,-624,78.9999999990125,0.9999999999998417,632,8,632,632
S5,SMOTE,100,789,LR,1.0,1.0,1.0,1.0,0,-624,78.9999999990125,0.9999999999998417,632,8,632,632
S5,SMOTE,100,789,DT,1.0,1.0,1.0,1.0,0,-624,78.9999999990125,0.9999999999998417,632,8,632,632
S5,Tomek,10,0,KNN,1.0,1.0,0.962962962962963,0.9642857142857143,0,0,10.034482758603389,10.034482758603389,582,58,582,58
S5,Tomek,10,0,RF,0.9999999999999999,1.0,0.962962962962963,0.9642857142857143,0,0,10.034482758603389,10.034482758603389,582,58,582,58
S5,Tomek,10,0,LR,1.0,1.0,1.0,1.0,0,0,10.034482758603389,10.034482758603389,582,58,582,58
S5,Tomek,10,0,DT,0.6768849206349207,0.9471624266144814,0.8125000000000001,0.9471624266144814,0,0,10.034482758603389,10.034482758603389,582,58,582,58
S5,Tomek,10,42,KNN,1.0,1.0,0.923076923076923,0.9285714285714286,0,0,10.034482758603389,10.034482758603389,582,58,582,58
S5,Tomek,10,42,RF,1.0,1.0,0.923076923076923,0.9285714285714286,0,0,10.034482758603389,10.034482758603389,582,58,582,58
S5,Tomek,10,42,LR,1.0,1.0,0.962962962962963,0.9642857142857143,0,0,10.034482758603389,10.034482758603389,582,58,582,58
S5,Tomek,10,42,DT,0.6835851648351648,0.8860078277886495,0.8148148148148148,0.8860078277886496,0,0,10.034482758603389,10.034482758603389,582,58,582,58
S5,Tomek,10,123,KNN,0.9348214285714286,0.964041095890411,0.962962962962963,0.9642857142857143,0,0,10.034482758603389,10.034482758603389,582,58,582,58
S5,Tomek,10,123,RF,0.9999999999999999,1.0,0.962962962962963,0.9642857142857143,0,0,10.034482758603389,10.034482758603389,582,58,582,58
S5,Tomek,10,123,LR,1.0,1.0,1.0,1.0,0,0,10.034482758603389,10.034482758603389,582,58,582,58
S5,Tomek,10,123,DT,0.6982142857142857,0.9182974559686888,0.8275862068965518,0.9182974559686888,0,0,10.034482758603389,10.034482758603389,582,58,582,58
S5,Tomek,10,456,KNN,1.0,1.0,0.923076923076923,0.9285714285714286,0,0,10.034482758603389,10.034482758603389,582,58,582,58
S5,Tomek,10,456,RF,0.995238095238095,0.9997553816046968,0.8333333333333333,0.8571428571428572,0,0,10.034482758603389,10.034482758603389,582,58,582,58
S5,Tomek,10,456,LR,1.0,1.0,1.0,1.0,0,0,10.034482758603389,10.034482758603389,582,58,582,58
S5,Tomek,10,456,DT,0.4763049450549451,0.807729941291585,0.6666666666666666,0.8077299412915852,0,0,10.034482758603389,10.034482758603389,582,58,582,58
S5,Tomek,10,789,KNN,1.0,1.0,0.962962962962963,0.9642857142857143,0,0,10.034482758603389,10.034482758603389,582,58,582,58
S5,Tomek,10,789,RF,0.9822929171668667,0.9985322896281801,0.923076923076923,0.9285714285714286,0,0,10.034482758603389,10.034482758603389,582,58,582,58
S5,Tomek,10,789,LR,1.0,1.0,1.0,1.0,0,0,10.034482758603389,10.034482758603389,582,58,582,58
S5,Tomek,10,789,DT,0.5352040816326531,0.8434442270058709,0.7142857142857143,0.8434442270058709,0,0,10.034482758603389,10.034482758603389,582,58,582,58
S5,Tomek,10,789,XGB,0.9999999999999999,1.0,0.962962962962963,0.9642857142857143,0,0,10.034482758603389,10.034482758603389,582,58,582,58
S5,Tomek,20,0,KNN,1.0,1.0,0.9333333333333333,0.9375,0,0,20.333333333265557,20.333333333265557,610,30,610,30
S5,Tomek,20,0,RF,1.0,1.0,0.9333333333333333,0.9375,0,0,20.333333333265557,20.333333333265557,610,30,610,30
S5,Tomek,20,0,LR,1.0,1.0,1.0,1.0,0,0,20.333333333265557,20.333333333265557,610,30,610,30
S5,Tomek,20,0,DT,0.7625,0.875,0.8571428571428571,0.875,0,0,20.333333333265557,20.333333333265557,610,30,610,30
S5,Tomek,20,42,KNN,0.88125,0.9375,0.8571428571428571,0.875,0,0,20.333333333265557,20.333333333265557,610,30,610,30
S5,Tomek,20,42,RF,0.975,0.9983552631578948,0.6666666666666666,0.75,0,0,20.333333333265557,20.333333333265557,610,30,610,30
S5,Tomek,20,42,LR,1.0,1.0,0.8571428571428571,0.875,0,0,20.333333333265557,20.333333333265557,610,30,610,30
S5,Tomek,20,42,DT,0.46249999999999997,0.8618421052631579,0.6666666666666665,0.861842105263158,0,0,20.333333333265557,20.333333333265557,610,30,610,30
S5,Tomek,20,123,KNN,1.0,1.0,1.0,1.0,0,0,20.333333333265557,20.333333333265557,610,30,610,30
S5,Tomek,20,123,RF,1.0,1.0,0.8571428571428571,0.875,0,0,20.333333333265557,20.333333333265557,610,30,610,30
S5,Tomek,20,123,LR,1.0,1.0,1.0,1.0,0,0,20.333333333265557,20.333333333265557,610,30,610,30
S5,Tomek,20,123,DT,0.225,0.7302631578947368,0.4444444444444445,0.7302631578947368,0,0,20.333333333265557,20.333333333265557,610,30,610,30
S5,Tomek,20,456,KNN,1.0,1.0,0.9333333333333333,0.9375,0,0,20.333333333265557,20.333333333265557,610,30,610,30
S5,Tomek,20,456,RF,1.0,1.0,0.9333333333333333,0.9375,0,0,20.333333333265557,20.333333333265557,610,30,610,30
S5,Tomek,20,456,LR,1.0,1.0,1.0,1.0,0,0,20.333333333265557,20.333333333265557,610,30,610,30
S5,Tomek,20,456,DT,0.5395833333333334,0.8092105263157895,0.7142857142857143,0.8092105263157895,0,0,20.333333333265557,20.333333333265557,610,30,610,30
S5,Tomek,20,789,KNN,1.0,1.0,1.0,1.0,0,0,20.333333333265557,20.333333333265557,610,30,610,30
S5,Tomek,20,789,RF,1.0,1.0,1.0,1.0,0,0,20.333333333265557,20.333333333265557,610,30,610,30
S5,Tomek,20,789,LR,1.0,1.0,1.0,1.0,0,0,20.333333333265557,20.333333333265557,610,30,610,30
S5,Tomek,20,789,DT,0.5630681818181817,0.924342105263158,0.7368421052631579,0.924342105263158,0,0,20.333333333265557,20.333333333265557,610,30,610,30
S5,Tomek,50,0,KNN,1.0,1.0,0.8,0.8333333333333333,0,0,52.33333333289722,52.33333333289722,628,12,628,12
S5,Tomek,50,0,RF,1.0,1.0,0.5,0.6666666666666666,0,0,52.33333333289722,52.33333333289722,628,12,628,12
S5,Tomek,50,0,LR,1.0,1.0,1.0,1.0,0,0,52.33333333289722,52.33333333289722,628,12,628,12
S5,Tomek,50,0,DT,0.6729166666666666,0.8333333333333333,0.8,0.8333333333333333,0,0,52.33333333289722,52.33333333289722,628,12,628,12
S5,Tomek,50,42,KNN,0.3458333333333333,0.6666666666666666,0.0,0.5,0,0,52.33333333289722,52.33333333289722,628,12,628,12
S5,Tomek,50,42,RF,0.8333333333333333,0.9946921443736731,0.0,0.5,0,0,52.33333333289722,52.33333333289722,628,12,628,12
S5,Tomek,50,42,LR,0.7222222222222223,0.9915074309978769,0.5,0.6666666666666666,0,0,52.33333333289722,52.33333333289722,628,12,628,12
S5,Tomek,50,42,DT,0.06805555555555555,0.6507430997876857,0.2222222222222222,0.6507430997876857,0,0,52.33333333289722,52.33333333289722,628,12,628,12
S5,Tomek,50,42,XGB,0.5555555555555556,0.9893842887473461,0.0,0.5,0,0,52.33333333289722,52.33333333289722,628,12,628,12
S5,Tomek,50,123,KNN,1.0,1.0,0.8,0.8333333333333333,0,0,52.33333333289722,52.33333333289722,628,12,628,12
S5,Tomek,50,123,RF,1.0,1.0,0.0,0.5,0,0,52.33333333289722,52.33333333289722,628,12,628,12
S5,Tomek,50,123,LR,1.0,1.0,1.0,1.0,0,0,52.33333333289722,52.33333333289722,628,12,628,12
S5,Tomek,50,123,DT,0.3458333333333333,0.6666666666666666,0.5,0.6666666666666666,0,0,52.33333333289722,52.33333333289722,628,12,628,12
S5,Tomek,50,123,XGB,1.0,1.0,0.5,0.6666666666666666,0,0,52.33333333289722,52.33333333289722,628,12,628,12
S5,Tomek,50,456,KNN,1.0,1.0,1.0,1.0,0,0,52.33333333289722,52.33333333289722,628,12,628,12
S5,Tomek,50,456,RF,0.9166666666666665,0.9978768577494692,0.5,0.6666666666666666,0,0,52.33333333289722,52.33333333289722,628,12,628,12
S5,Tomek,50,456,LR,1.0,1.0,1.0,1.0,0,0,52.33333333289722,52.33333333289722,628,12,628,12
S5,Tomek,50,456,DT,0.01875,0.49363057324840764,0.0,0.49363057324840764,0,0,52.33333333289722,52.33333333289722,628,12,628,12
S5,Tomek,50,456,XGB,1.0,1.0,0.8,0.8333333333333333,0,0,52.33333333289722,52.33333333289722,628,12,628,12
S5,Tomek,50,789,KNN,1.0,1.0,0.0,0.5,0,0,52.33333333289722,52.33333333289722,628,12,628,12
S5,Tomek,50,789,RF,1.0,1.0,0.0,0.5,0,0,52.33333333289722,52.33333333289722,628,12,628,12
S5,Tomek,50,789,LR,1.0,1.0,0.8,0.8333333333333333,0,0,52.33333333289722,52.33333333289722,628,12,628,12
S5,Tomek,50,789,DT,0.4506944444444444,0.8301486199575371,0.6666666666666666,0.8301486199575372,0,0,52.33333333289722,52.33333333289722,628,12,628,12
S5,Tomek,100,0,KNN,1.0,1.0,0.6666666666666666,0.75,0,0,78.9999999990125,78.9999999990125,632,8,632,8
S5,Tomek,100,0,RF,1.0,1.0,0.0,0.5,0,0,78.9999999990125,78.9999999990125,632,8,632,8
S5,Tomek,100,0,LR,1.0,1.0,1.0,1.0,0,0,78.9999999990125,78.9999999990125,632,8,632,8
S5,Tomek,100,0,DT,1.0,1.0,1.0,1.0,0,0,78.9999999990125,78.9999999990125,632,8,632,8
S5,Tomek,100,42,KNN,1.0,1.0,0.0,0.5,0,0,78.9999999990125,78.9999999990125,632,8,632,8
S5,Tomek,100,42,RF,0.75,0.9952531645569621,0.0,0.5,0,0,78.9999999990125,78.9999999990125,632,8,632,8
S5,Tomek,100,42,LR,1.0,1.0,1.0,1.0,0,0,78.9999999990125,78.9999999990125,632,8,632,8
S5,Tomek,100,42,DT,0.0125,0.48417721518987344,0.0,0.48417721518987344,0,0,78.9999999990125,78.9999999990125,632,8,632,8
S5,Tomek,100,123,KNN,1.0,1.0,0.0,0.5,0,0,78.9999999990125,78.9999999990125,632,8,632,8
S5,Tomek,100,123,RF,1.0,1.0,0.0,0.5,0,0,78.9999999990125,78.9999999990125,632,8,632,8
S5,Tomek,100,123,LR,1.0,1.0,0.6666666666666666,0.75,0,0,78.9999999990125,78.9999999990125,632,8,632,8
S5,Tomek,100,123,DT,0.50625,0.75,0.6666666666666666,0.75,0,0,78.9999999990125,78.9999999990125,632,8,632,8
S5,Tomek,100,456,KNN,0.50625,0.75,0.6666666666666666,0.75,0,0,78.9999999990125,78.9999999990125,632,8,632,8
S5,Tomek,100,456,RF,1.0,1.0,0.6666666666666666,0.75,0,0,78.9999999990125,78.9999999990125,632,8,632,8
S5,Tomek,100,456,LR,1.0,1.0,0.6666666666666666,0.75,0,0,78.9999999990125,78.9999999990125,632,8,632,8
S5,Tomek,100,456,DT,0.17291666666666666,0.7436708860759494,0.4,0.7436708860759493,0,0,78.9999999990125,78.9999999990125,632,8,632,8
S5,Tomek,100,789,KNN,1.0,1.0,0.0,0.5,0,0,78.9999999990125,78.9999999990125,632,8,632,8
S5,Tomek,100,789,RF,1.0,1.0,0.0,0.5,0,0,78.9999999990125,78.9999999990125,632,8,632,8
S5,Tomek,100,789,LR,1.0,1.0,1.0,1.0,0,0,78.9999999990125,78.9999999990125,632,8,632,8
S5,Tomek,100,789,DT,0.50625,0.75,0.6666666666666666,0.75,0,0,78.9999999990125,78.9999999990125,632,8,632,8
S5,RandomUS,10,0,KNN,1.0,1.0,1.0,1.0,524,0,10.034482758603389,0.9999999999982758,582,58,58,58
S5,RandomUS,10,0,RF,1.0,1.0,1.0,1.0,524,0,10.034482758603389,0.9999999999982758,582,58,58,58
S5,RandomUS,10,0,LR,1.0,1.0,1.0,1.0,524,0,10.034482758603389,0.9999999999982758,582,58,58,58
S5,RandomUS,10,0,DT,0.39345238095238094,0.87720156555773,0.5853658536585367,0.8772015655577299,524,0,10.034482758603389,0.9999999999982758,582,58,58,58
S5,RandomUS,10,0,XGB,0.9999999999999999,1.0,0.9032258064516129,0.9897260273972603,524,0,10.034482758603389,0.9999999999982758,582,58,58,58
S5,RandomUS,10,42,KNN,1.0,1.0,1.0,1.0,524,0,10.034482758603389,0.9999999999982758,582,58,58,58
S5,RandomUS,10,42,RF,1.0,1.0,0.962962962962963,0.9642857142857143,524,0,10.034482758603389,0.9999999999982758,582,58,58,58
S5,RandomUS,10,42,LR,1.0,1.0,0.9655172413793104,0.9965753424657534,524,0,10.034482758603389,0.9999999999982758,582,58,58,58
S5,RandomUS,10,42,DT,0.3644642857142857,0.8449119373776909,0.5641025641025641,0.8449119373776908,524,0,10.034482758603389,0.9999999999982758,582,58,58,58
S5,RandomUS,10,123,KNN,0.9289115646258503,0.9963307240704501,0.9333333333333333,0.9931506849315068,524,0,10.034482758603389,0.9999999999982758,582,58,58,58
S5,RandomUS,10,123,RF,0.9910714285714285,0.9990215264187866,0.9333333333333333,0.9931506849315068,524,0,10.034482758603389,0.9999999999982758,582,58,58,58
S5,RandomUS,10,123,LR,1.0,1.0,0.9655172413793104,0.9965753424657534,524,0,10.034482758603389,0.9999999999982758,582,58,58,58
S5,RandomUS,10,123,DT,0.5384615384615384,0.9589041095890412,0.7000000000000001,0.9589041095890412,524,0,10.034482758603389,0.9999999999982758,582,58,58,58
S5,RandomUS,10,456,KNN,0.9910714285714286,0.9995107632093934,0.962962962962963,0.9642857142857143,524,0,10.034482758603389,0.9999999999982758,582,58,58,58
S5,RandomUS,10,456,RF,0.9952380952380953,0.9997553816046968,0.9032258064516129,0.9897260273972603,524,0,10.034482758603389,0.9999999999982758,582,58,58,58
S5,RandomUS,10,456,LR,1.0,1.0,1.0,1.0,524,0,10.034482758603389,0.9999999999982758,582,58,58,58
S5,RandomUS,10,456,DT,0.3339285714285714,0.860078277886497,0.5217391304347825,0.860078277886497,524,0,10.034482758603389,0.9999999999982758,582,58,58,58
S5,RandomUS,10,789,KNN,1.0,1.0,1.0,1.0,524,0,10.034482758603389,0.9999999999982758,582,58,58,58
S5,RandomUS,10,789,RF,1.0,1.0,1.0,1.0,524,0,10.034482758603389,0.9999999999982758,582,58,58,58
S5,RandomUS,10,789,LR,1.0,1.0,1.0,1.0,524,0,10.034482758603389,0.9999999999982758,582,58,58,58
S5,RandomUS,10,789,DT,0.45970496894409935,0.8909001956947162,0.6486486486486486,0.8909001956947162,524,0,10.034482758603389,0.9999999999982758,582,58,58,58
S5,RandomUS,20,0,KNN,1.0,1.0,1.0,1.0,580,0,20.333333333265557,0.9999999999966668,610,30,30,30
S5,RandomUS,20,0,RF,1.0,1.0,0.9411764705882353,0.9967105263157895,580,0,20.333333333265557,0.9999999999966668,610,30,30,30
S5,RandomUS,20,0,LR,1.0,1.0,1.0,1.0,580,0,20.333333333265557,0.9999999999966668,610,30,30,30
S5,RandomUS,20,0,DT,0.25125000000000003,0.8782894736842105,0.42424242424242425,0.8782894736842105,580,0,20.333333333265557,0.9999999999966668,610,30,30,30
S5,RandomUS,20,42,KNN,1.0,1.0,1.0,1.0,580,0,20.333333333265557,0.9999999999966668,610,30,30,30
S5,RandomUS,20,42,RF,1.0,1.0,0.9333333333333333,0.9375,580,0,20.333333333265557,0.9999999999966668,610,30,30,30
S5,RandomUS,20,42,LR,1.0,1.0,0.9411764705882353,0.9967105263157895,580,0,20.333333333265557,0.9999999999966668,610,30,30,30
S5,RandomUS,20,42,DT,0.2772058823529412,0.8388157894736842,0.48,0.8388157894736843,580,0,20.333333333265557,0.9999999999966668,610,30,30,30
S5,RandomUS,20,123,KNN,0.9861111111111112,0.9995888157894737,0.9411764705882353,0.9967105263157895,580,0,20.333333333265557,0.9999999999966668,610,30,30,30
S5,RandomUS,20,123,RF,1.0,1.0,0.888888888888889,0.993421052631579,580,0,20.333333333265557,0.9999999999966668,610,30,30,30
S5,RandomUS,20,123,LR,1.0,1.0,0.9411764705882353,0.9967105263157895,580,0,20.333333333265557,0.9999999999966668,610,30,30,30
S5,RandomUS,20,123,DT,0.25806451612903225,0.924342105263158,0.41025641025641024,0.924342105263158,580,0,20.333333333265557,0.9999999999966668,610,30,30,30
S5,RandomUS,20,456,KNN,1.0,1.0,0.9411764705882353,0.9967105263157895,580,0,20.333333333265557,0.9999999999966668,610,30,30,30
S5,RandomUS,20,456,RF,1.0,1.0,0.6666666666666666,0.9736842105263157,580,0,20.333333333265557,0.9999999999966668,610,30,30,30
S5,RandomUS,20,456,LR,1.0,1.0,1.0,1.0,580,0,20.333333333265557,0.9999999999966668,610,30,30,30
S5,RandomUS,20,456,DT,0.1763888888888889,0.8421052631578948,0.3181818181818182,0.8421052631578947,580,0,20.333333333265557,0.9999999999966668,610,30,30,30
S5,RandomUS,20,789,KNN,1.0,1.0,0.9411764705882353,0.9967105263157895,580,0,20.333333333265557,0.9999999999966668,610,30,30,30
S5,RandomUS,20,789,RF,1.0,1.0,1.0,1.0,580,0,20.333333333265557,0.9999999999966668,610,30,30,30
S5,RandomUS,20,789,LR,1.0,1.0,1.0,1.0,580,0,20.333333333265557,0.9999999999966668,610,30,30,30
S5,RandomUS,20,789,DT,0.21621621621621623,0.9046052631578948,0.35555555555555557,0.9046052631578947,580,0,20.333333333265557,0.9999999999966668,610,30,30,30
S5,RandomUS,50,0,KNN,1.0,1.0,1.0,1.0,616,0,52.33333333289722,0.9999999999916667,628,12,12,12
S5,RandomUS,50,0,RF,0.8666666666666667,0.9968152866242038,0.7499999999999999,0.9936305732484076,616,0,52.33333333289722,0.9999999999916667,628,12,12,12
S5,RandomUS,50,0,LR,1.0,1.0,1.0,1.0,616,0,52.33333333289722,0.9999999999916667,628,12,12,12
S5,RandomUS,50,0,DT,0.08032407407407408,0.7823779193205944,0.1904761904761905,0.7823779193205944,616,0,52.33333333289722,0.9999999999916667,628,12,12,12
S5,RandomUS,50,0,XGB,0.06422101449275362,0.7664543524416135,0.15384615384615383,0.7664543524416136,616,0,52.33333333289722,0.9999999999916667,628,12,12,12
S5,RandomUS,50,42,KNN,0.7555555555555555,0.9957537154989384,0.6666666666666666,0.8301486199575372,616,0,52.33333333289722,0.9999999999916667,628,12,12,12
S5,RandomUS,50,42,RF,0.6666666666666666,0.9883227176220806,0.6666666666666666,0.8301486199575372,616,0,52.33333333289722,0.9999999999916667,628,12,12,12
S5,RandomUS,50,42,LR,1.0,1.0,1.0,1.0,616,0,52.33333333289722,0.9999999999916667,628,12,12,12
S5,RandomUS,50,42,DT,0.06180555555555555,0.7632696390658174,0.14814814814814814,0.7632696390658174,616,0,52.33333333289722,0.9999999999916667,628,12,12,12
S5,RandomUS,50,123,KNN,1.0,1.0,0.8571428571428571,0.9968152866242038,616,0,52.33333333289722,0.9999999999916667,628,12,12,12
S5,RandomUS,50,123,RF,1.0,0.9999999999999999,0.6666666666666666,0.9904458598726115,616,0,52.33333333289722,0.9999999999916667,628,12,12,12
S5,RandomUS,50,123,LR,1.0,1.0,0.7499999999999999,0.9936305732484076,616,0,52.33333333289722,0.9999999999916667,628,12,12,12
S5,RandomUS,50,123,DT,0.08333333333333333,0.8949044585987261,0.15384615384615385,0.8949044585987261,616,0,52.33333333289722,0.9999999999916667,628,12,12,12
S5,RandomUS,50,456,KNN,1.0,1.0,1.0,1.0,616,0,52.33333333289722,0.9999999999916667,628,12,12,12
S5,RandomUS,50,456,RF,1.0,1.0,1.0,1.0,616,0,52.33333333289722,0.9999999999916667,628,12,12,12
S5,RandomUS,50,456,LR,1.0,1.0,1.0,1.0,616,0,52.33333333289722,0.9999999999916667,628,12,12,12
S5,RandomUS,50,456,DT,0.06818181818181818,0.8694267515923567,0.1276595744680851,0.8694267515923566,616,0,52.33333333289722,0.9999999999916667,628,12,12,12
S5,RandomUS,50,789,KNN,1.0,1.0,0.8571428571428571,0.9968152866242038,616,0,52.33333333289722,0.9999999999916667,628,12,12,12
S5,RandomUS,50,789,RF,1.0,1.0,0.3157894736842105,0.9585987261146497,616,0,52.33333333289722,0.9999999999916667,628,12,12,12
S5,RandomUS,50,789,LR,1.0,1.0,0.8571428571428571,0.9968152866242038,616,0,52.33333333289722,0.9999999999916667,628,12,12,12
S5,RandomUS,50,789,DT,0.017475124378109455,0.45647558386411885,0.028571428571428574,0.4564755838641189,616,0,52.33333333289722,0.9999999999916667,628,12,12,12
S5,RandomUS,100,0,KNN,1.0,1.0,1.0,1.0,624,0,78.9999999990125,0.9999999999875,632,8,8,8
S5,RandomUS,100,0,RF,1.0,1.0,1.0,1.0,624,0,78.9999999990125,0.9999999999875,632,8,8,8
S5,RandomUS,100,0,LR,1.0,1.0,1.0,1.0,624,0,78.9999999990125,0.9999999999875,632,8,8,8
S5,RandomUS,100,0,DT,0.05,0.879746835443038,0.09523809523809523,0.879746835443038,624,0,78.9999999990125,0.9999999999875,632,8,8,8
S5,RandomUS,100,42,KNN,1.0,1.0,0.4,0.9810126582278481,624,0,78.9999999990125,0.9999999999875,632,8,8,8
S5,RandomUS,100,42,RF,0.5833333333333333,0.9936708860759493,0.4444444444444445,0.9841772151898734,624,0,78.9999999990125,0.9999999999875,632,8,8,8
S5,RandomUS,100,42,LR,1.0,1.0,0.5,0.9873417721518987,624,0,78.9999999990125,0.9999999999875,632,8,8,8
S5,RandomUS,100,42,DT,0.06451612903225806,0.9082278481012659,0.12121212121212122,0.9082278481012658,624,0,78.9999999990125,0.9999999999875,632,8,8,8
S5,RandomUS,100,123,KNN,1.0,1.0,1.0,1.0,624,0,78.9999999990125,0.9999999999875,632,8,8,8
S5,RandomUS,100,123,RF,0.75,0.9968354430379746,0.6666666666666666,0.9936708860759493,624,0,78.9999999990125,0.9999999999875,632,8,8,8
S5,RandomUS,100,123,LR,1.0,1.0,0.8,0.9968354430379747,624,0,78.9999999990125,0.9999999999875,632,8,8,8
S5,RandomUS,100,123,DT,0.10526315789473684,0.9462025316455696,0.1904761904761905,0.9462025316455696,624,0,78.9999999990125,0.9999999999875,632,8,8,8
S5,RandomUS,100,456,KNN,1.0,1.0,0.8,0.9968354430379747,624,0,78.9999999990125,0.9999999999875,632,8,8,8
S5,RandomUS,100,456,RF,1.0,1.0,0.8,0.9968354430379747,624,0,78.9999999990125,0.9999999999875,632,8,8,8
S5,RandomUS,100,456,LR,1.0,1.0,1.0,1.0,624,0,78.9999999990125,0.9999999999875,632,8,8,8
S5,RandomUS,100,456,DT,0.11764705882352941,0.9525316455696202,0.21052631578947367,0.9525316455696202,624,0,78.9999999990125,0.9999999999875,632,8,8,8
S5,RandomUS,100,789,KNN,1.0,1.0,1.0,1.0,624,0,78.9999999990125,0.9999999999875,632,8,8,8
S5,RandomUS,100,789,RF,1.0,1.0,0.6666666666666666,0.9936708860759493,624,0,78.9999999990125,0.9999999999875,632,8,8,8
S5,RandomUS,100,789,LR,1.0,1.0,1.0,1.0,624,0,78.9999999990125,0.9999999999875,632,8,8,8
S5,RandomUS,100,789,DT,0.09523809523809523,0.939873417721519,0.17391304347826084,0.939873417721519,624,0,78.9999999990125,0.9999999999875,632,8,8,8
S5,RandomUS,100,789,XGB,0.03571428571428571,0.8291139240506329,0.0689655172413793,0.8291139240506329,624,0,78.9999999990125,0.9999999999875,632,8,8,8
S5,GMR-Uniform,10,0,KNN,1.0,1.0,0.962962962962963,0.9642857142857143,0,4,10.034482758603389,10.77777777775782,582,58,582,54
S5,GMR-Uniform,10,0,RF,0.9999999999999998,1.0,0.962962962962963,0.9642857142857143,0,4,10.034482758603389,10.77777777775782,582,58,582,54
S5,GMR-Uniform,10,0,LR,1.0,1.0,1.0,1.0,0,4,10.034482758603389,10.77777777775782,582,58,582,54
S5,GMR-Uniform,10,0,DT,0.5589285714285714,0.8757338551859098,0.7333333333333334,0.87573385518591,0,4,10.034482758603389,10.77777777775782,582,58,582,54
S5,GMR-Uniform,10,0,XGB,1.0,1.0,1.0,1.0,0,4,10.034482758603389,10.77777777775782,582,58,582,54
S5,GMR-Uniform,10,42,KNN,1.0,1.0,0.923076923076923,0.9285714285714286,0,5,10.034482758603389,10.98113207545098,582,58,582,53
S5,GMR-Uniform,10,42,RF,0.9952380952380953,0.9997553816046967,0.88,0.8928571428571428,0,5,10.034482758603389,10.98113207545098,582,58,582,53
S5,GMR-Uniform,10,42,LR,1.0,1.0,0.962962962962963,0.9642857142857143,0,5,10.034482758603389,10.98113207545098,582,58,582,53
S5,GMR-Uniform,10,42,DT,0.8037087912087911,0.925146771037182,0.888888888888889,0.9251467710371819,0,5,10.034482758603389,10.98113207545098,582,58,582,53
S5,GMR-Uniform,10,123,KNN,0.9348214285714286,0.964041095890411,0.962962962962963,0.9642857142857143,0,4,10.034482758603389,10.77777777775782,582,58,582,54
S5,GMR-Uniform,10,123,RF,1.0,1.0,1.0,1.0,0,4,10.034482758603389,10.77777777775782,582,58,582,54
S5,GMR-Uniform,10,123,LR,1.0,1.0,1.0,1.0,0,4,10.034482758603389,10.77777777775782,582,58,582,54
S5,GMR-Uniform,10,123,DT,0.6768849206349207,0.9471624266144814,0.8125000000000001,0.9471624266144814,0,4,10.034482758603389,10.77777777775782,582,58,582,54
S5,GMR-Uniform,10,456,KNN,1.0,1.0,0.923076923076923,0.9285714285714286,0,0,10.034482758603389,10.034482758603389,582,58,582,58
S5,GMR-Uniform,10,456,RF,0.995238095238095,0.9997553816046968,0.8333333333333333,0.8571428571428572,0,0,10.034482758603389,10.034482758603389,582,58,582,58
S5,GMR-Uniform,10,456,LR,1.0,1.0,1.0,1.0,0,0,10.034482758603389,10.034482758603389,582,58,582,58
S5,GMR-Uniform,10,456,DT,0.4763049450549451,0.807729941291585,0.6666666666666666,0.8077299412915852,0,0,10.034482758603389,10.034482758603389,582,58,582,58
S5,GMR-Uniform,10,789,KNN,1.0,1.0,0.962962962962963,0.9642857142857143,0,0,10.034482758603389,10.034482758603389,582,58,582,58
S5,GMR-Uniform,10,789,RF,0.9822929171668667,0.9985322896281801,0.923076923076923,0.9285714285714286,0,0,10.034482758603389,10.034482758603389,582,58,582,58
S5,GMR-Uniform,10,789,LR,1.0,1.0,1.0,1.0,0,0,10.034482758603389,10.034482758603389,582,58,582,58
S5,GMR-Uniform,10,789,DT,0.5352040816326531,0.8434442270058709,0.7142857142857143,0.8434442270058709,0,0,10.034482758603389,10.034482758603389,582,58,582,58
S5,GMR-Uniform,20,0,KNN,1.0,1.0,0.9333333333333333,0.9375,0,3,20.333333333265557,22.592592592508918,610,30,610,27
S5,GMR-Uniform,20,0,RF,1.0,1.0,0.9333333333333333,0.9375,0,3,20.333333333265557,22.592592592508918,610,30,610,27
S5,GMR-Uniform,20,0,LR,1.0,1.0,1.0,1.0,0,3,20.333333333265557,22.592592592508918,610,30,610,27
S5,GMR-Uniform,20,0,DT,0.7625,0.875,0.8571428571428571,0.875,0,3,20.333333333265557,22.592592592508918,610,30,610,27
S5,GMR-Uniform,20,42,KNN,0.88125,0.9375,0.8571428571428571,0.875,0,3,20.333333333265557,22.592592592508918,610,30,610,27
S5,GMR-Uniform,20,42,RF,0.975,0.998766447368421,0.8571428571428571,0.875,0,3,20.333333333265557,22.592592592508918,610,30,610,27
S5,GMR-Uniform,20,42,LR,1.0,1.0,0.8571428571428571,0.875,0,3,20.333333333265557,22.592592592508918,610,30,610,27
S5,GMR-Uniform,20,42,DT,0.3875,0.8552631578947368,0.6,0.8552631578947368,0,3,20.333333333265557,22.592592592508918,610,30,610,27
S5,GMR-Uniform,20,123,KNN,1.0,1.0,1.0,1.0,0,2,20.333333333265557,21.78571428563648,610,30,610,28
S5,GMR-Uniform,20,123,RF,1.0,1.0,0.8571428571428571,0.875,0,2,20.333333333265557,21.78571428563648,610,30,610,28
S5,GMR-Uniform,20,123,LR,1.0,1.0,1.0,1.0,0,2,20.333333333265557,21.78571428563648,610,30,610,28
S5,GMR-Uniform,20,123,DT,0.225,0.7302631578947368,0.4444444444444445,0.7302631578947368,0,2,20.333333333265557,21.78571428563648,610,30,610,28
S5,GMR-Uniform,20,456,KNN,1.0,1.0,0.8571428571428571,0.875,0,2,20.333333333265557,21.78571428563648,610,30,610,28
S5,GMR-Uniform,20,456,RF,0.9861111111111112,0.9995888157894737,0.8571428571428571,0.875,0,2,20.333333333265557,21.78571428563648,610,30,610,28
S5,GMR-Uniform,20,456,LR,1.0,1.0,1.0,1.0,0,2,20.333333333265557,21.78571428563648,610,30,610,28
S5,GMR-Uniform,20,456,DT,0.42500000000000004,0.7467105263157896,0.6153846153846154,0.7467105263157895,0,2,20.333333333265557,21.78571428563648,610,30,610,28
S5,GMR-Uniform,20,789,KNN,1.0,1.0,1.0,1.0,0,3,20.333333333265557,22.592592592508918,610,30,610,27
S5,GMR-Uniform,20,789,RF,0.9659090909090909,0.997532894736842,0.8571428571428571,0.875,0,3,20.333333333265557,22.592592592508918,610,30,610,27
S5,GMR-Uniform,20,789,LR,1.0,1.0,1.0,1.0,0,3,20.333333333265557,22.592592592508918,610,30,610,27
S5,GMR-Uniform,20,789,DT,0.6187499999999999,0.9276315789473685,0.7777777777777777,0.9276315789473684,0,3,20.333333333265557,22.592592592508918,610,30,610,27
S5,GMR-Uniform,50,0,KNN,1.0,1.0,0.8,0.8333333333333333,0,1,52.33333333289722,57.090909090390085,628,12,628,11
S5,GMR-Uniform,50,0,RF,1.0,1.0,0.5,0.6666666666666666,0,1,52.33333333289722,57.090909090390085,628,12,628,11
S5,GMR-Uniform,50,0,LR,1.0,1.0,1.0,1.0,0,1,52.33333333289722,57.090909090390085,628,12,628,11
S5,GMR-Uniform,50,0,DT,0.3458333333333333,0.6666666666666666,0.5,0.6666666666666666,0,1,52.33333333289722,57.090909090390085,628,12,628,11
S5,GMR-Uniform,50,42,KNN,0.3458333333333333,0.6666666666666666,0.0,0.5,0,1,52.33333333289722,57.090909090390085,628,12,628,11
S5,GMR-Uniform,50,42,RF,0.6666666666666667,0.9893842887473461,0.0,0.5,0,1,52.33333333289722,57.090909090390085,628,12,628,11
S5,GMR-Uniform,50,42,LR,1.0,1.0,0.5,0.6666666666666666,0,1,52.33333333289722,57.090909090390085,628,12,628,11
S5,GMR-Uniform,50,42,DT,0.06805555555555555,0.6507430997876857,0.2222222222222222,0.6507430997876857,0,1,52.33333333289722,57.090909090390085,628,12,628,11
S5,GMR-Uniform,50,123,KNN,1.0,1.0,0.8,0.8333333333333333,0,1,52.33333333289722,57.090909090390085,628,12,628,11
S5,GMR-Uniform,50,123,RF,1.0,1.0,0.0,0.5,0,1,52.33333333289722,57.090909090390085,628,12,628,11
S5,GMR-Uniform,50,123,LR,1.0,1.0,1.0,1.0,0,1,52.33333333289722,57.090909090390085,628,12,628,11
S5,GMR-Uniform,50,123,DT,0.6729166666666666,0.8333333333333333,0.8,0.8333333333333333,0,1,52.33333333289722,57.090909090390085,628,12,628,11
S5,GMR-Uniform,50,456,KNN,1.0,1.0,1.0,1.0,0,1,52.33333333289722,57.090909090390085,628,12,628,11
S5,GMR-Uniform,50,456,RF,1.0,1.0,0.0,0.5,0,1,52.33333333289722,57.090909090390085,628,12,628,11
S5,GMR-Uniform,50,456,LR,1.0,1.0,1.0,1.0,0,1,52.33333333289722,57.090909090390085,628,12,628,11
S5,GMR-Uniform,50,456,DT,0.01875,0.49363057324840764,0.0,0.49363057324840764,0,1,52.33333333289722,57.090909090390085,628,12,628,11
S5,GMR-Uniform,50,789,KNN,1.0,1.0,0.0,0.5,0,1,52.33333333289722,57.090909090390085,628,12,628,11
S5,GMR-Uniform,50,789,RF,1.0,1.0,0.8,0.8333333333333333,0,1,52.33333333289722,57.090909090390085,628,12,628,11
S5,GMR-Uniform,50,789,LR,1.0,1.0,1.0,1.0,0,1,52.33333333289722,57.090909090390085,628,12,628,11
S5,GMR-Uniform,50,789,DT,0.4506944444444444,0.8301486199575371,0.6666666666666666,0.8301486199575372,0,1,52.33333333289722,57.090909090390085,628,12,628,11
S5,GMR-Uniform,100,0,KNN,1.0,1.0,0.6666666666666666,0.75,0,0,78.9999999990125,78.9999999990125,632,8,632,8
S5,GMR-Uniform,100,0,RF,1.0,1.0,0.0,0.5,0,0,78.9999999990125,78.9999999990125,632,8,632,8
S5,GMR-Uniform,100,0,LR,1.0,1.0,1.0,1.0,0,0,78.9999999990125,78.9999999990125,632,8,632,8
S5,GMR-Uniform,100,0,DT,1.0,1.0,1.0,1.0,0,0,78.9999999990125,78.9999999990125,632,8,632,8
S5,GMR-Uniform,100,42,KNN,1.0,1.0,0.0,0.5,0,0,78.9999999990125,78.9999999990125,632,8,632,8
S5,GMR-Uniform,100,42,RF,0.75,0.9952531645569621,0.0,0.5,0,0,78.9999999990125,78.9999999990125,632,8,632,8
S5,GMR-Uniform,100,42,LR,1.0,1.0,1.0,1.0,0,0,78.9999999990125,78.9999999990125,632,8,632,8
S5,GMR-Uniform,100,42,DT,0.0125,0.48417721518987344,0.0,0.48417721518987344,0,0,78.9999999990125,78.9999999990125,632,8,632,8
S5,GMR-Uniform,100,123,KNN,1.0,1.0,0.0,0.5,0,0,78.9999999990125,78.9999999990125,632,8,632,8
S5,GMR-Uniform,100,123,RF,1.0,1.0,0.0,0.5,0,0,78.9999999990125,78.9999999990125,632,8,632,8
S5,GMR-Uniform,100,123,LR,1.0,1.0,0.6666666666666666,0.75,0,0,78.9999999990125,78.9999999990125,632,8,632,8
S5,GMR-Uniform,100,123,DT,0.50625,0.75,0.6666666666666666,0.75,0,0,78.9999999990125,78.9999999990125,632,8,632,8
S5,GMR-Uniform,100,456,KNN,0.50625,0.75,0.6666666666666666,0.75,0,0,78.9999999990125,78.9999999990125,632,8,632,8
S5,GMR-Uniform,100,456,RF,1.0,1.0,0.6666666666666666,0.75,0,0,78.9999999990125,78.9999999990125,632,8,632,8
S5,GMR-Uniform,100,456,LR,1.0,1.0,0.6666666666666666,0.75,0,0,78.9999999990125,78.9999999990125,632,8,632,8
S5,GMR-Uniform,100,456,DT,0.17291666666666666,0.7436708860759494,0.4,0.7436708860759493,0,0,78.9999999990125,78.9999999990125,632,8,632,8
S5,GMR-Uniform,100,789,KNN,1.0,1.0,0.0,0.5,0,0,78.9999999990125,78.9999999990125,632,8,632,8
S5,GMR-Uniform,100,789,RF,1.0,1.0,0.0,0.5,0,0,78.9999999990125,78.9999999990125,632,8,632,8
S5,GMR-Uniform,100,789,LR,1.0,1.0,1.0,1.0,0,0,78.9999999990125,78.9999999990125,632,8,632,8
S5,GMR-Uniform,100,789,DT,0.50625,0.75,0.6666666666666666,0.75,0,0,78.9999999990125,78.9999999990125,632,8,632,8
S5,GMR-Symmetric,10,0,KNN,1.0,1.0,0.962962962962963,0.9642857142857143,0,5,10.034482758603389,10.98113207545098,582,58,582,53
S5,GMR-Symmetric,10,0,RF,0.9999999999999999,1.0,0.962962962962963,0.9642857142857143,0,5,10.034482758603389,10.98113207545098,582,58,582,53
S5,GMR-Symmetric,10,0,LR,1.0,1.0,1.0,1.0,0,5,10.034482758603389,10.98113207545098,582,58,582,53
S5,GMR-Symmetric,10,0,DT,0.5589285714285714,0.8757338551859098,0.7333333333333334,0.87573385518591,0,5,10.034482758603389,10.98113207545098,582,58,582,53
S5,GMR-Symmetric,10,42,KNN,1.0,1.0,0.923076923076923,0.9285714285714286,0,5,10.034482758603389,10.98113207545098,582,58,582,53
S5,GMR-Symmetric,10,42,RF,0.9952380952380953,0.9997553816046967,0.88,0.8928571428571428,0,5,10.034482758603389,10.98113207545098,582,58,582,53
S5,GMR-Symmetric,10,42,LR,1.0,1.0,0.962962962962963,0.9642857142857143,0,5,10.034482758603389,10.98113207545098,582,58,582,53
S5,GMR-Symmetric,10,42,DT,0.8037087912087911,0.925146771037182,0.888888888888889,0.9251467710371819,0,5,10.034482758603389,10.98113207545098,582,58,582,53
S5,GMR-Symmetric,10,123,KNN,0.9348214285714286,0.964041095890411,0.962962962962963,0.9642857142857143,0,5,10.034482758603389,10.98113207545098,582,58,582,53
S5,GMR-Symmetric,10,123,RF,1.0,1.0,1.0,1.0,0,5,10.034482758603389,10.98113207545098,582,58,582,53
S5,GMR-Symmetric,10,123,LR,1.0,1.0,1.0,1.0,0,5,10.034482758603389,10.98113207545098,582,58,582,53
S5,GMR-Symmetric,10,123,DT,0.6835851648351648,0.8860078277886495,0.8148148148148148,0.8860078277886496,0,5,10.034482758603389,10.98113207545098,582,58,582,53
S5,GMR-Symmetric,10,123,XGB,0.9846415489272631,0.99853228962818,0.888888888888889,0.9251467710371819,0,5,10.034482758603389,10.98113207545098,582,58,582,53
S5,GMR-Symmetric,10,456,KNN,1.0,1.0,0.923076923076923,0.9285714285714286,0,5,10.034482758603389,10.98113207545098,582,58,582,53
S5,GMR-Symmetric,10,456,RF,1.0,1.0,0.88,0.8928571428571428,0,5,10.034482758603389,10.98113207545098,582,58,582,53
S5,GMR-Symmetric,10,456,LR,1.0,1.0,1.0,1.0,0,5,10.034482758603389,10.98113207545098,582,58,582,53
S5,GMR-Symmetric,10,456,DT,0.4946428571428571,0.7788649706457925,0.6666666666666666,0.7788649706457925,0,5,10.034482758603389,10.98113207545098,582,58,582,53
S5,GMR-Symmetric,10,789,KNN,1.0,1.0,0.923076923076923,0.9285714285714286,0,5,10.034482758603389,10.98113207545098,582,58,582,53
S5,GMR-Symmetric,10,789,RF,0.970734126984127,0.9965753424657535,0.923076923076923,0.9285714285714286,0,5,10.034482758603389,10.98113207545098,582,58,582,53
S5,GMR-Symmetric,10,789,LR,1.0,1.0,1.0,1.0,0,5,10.034482758603389,10.98113207545098,582,58,582,53
S5,GMR-Symmetric,10,789,DT,0.44451530612244905,0.8043052837573386,0.6428571428571429,0.8043052837573386,0,5,10.034482758603389,10.98113207545098,582,58,582,53
S5,GMR-Symmetric,20,0,KNN,1.0,1.0,0.9333333333333333,0.9375,0,3,20.333333333265557,22.592592592508918,610,30,610,27
S5,GMR-Symmetric,20,0,RF,1.0,1.0,0.9333333333333333,0.9375,0,3,20.333333333265557,22.592592592508918,610,30,610,27
S5,GMR-Symmetric,20,0,LR,1.0,1.0,1.0,1.0,0,3,20.333333333265557,22.592592592508918,610,30,610,27
S5,GMR-Symmetric,20,0,DT,0.7625,0.875,0.8571428571428571,0.875,0,3,20.333333333265557,22.592592592508918,610,30,610,27
S5,GMR-Symmetric,20,42,KNN,0.88125,0.9375,0.8571428571428571,0.875,0,3,20.333333333265557,22.592592592508918,610,30,610,27
S5,GMR-Symmetric,20,42,RF,0.975,0.998766447368421,0.8571428571428571,0.875,0,3,20.333333333265557,22.592592592508918,610,30,610,27
S5,GMR-Symmetric,20,42,LR,1.0,1.0,0.8571428571428571,0.875,0,3,20.333333333265557,22.592592592508918,610,30,610,27
S5,GMR-Symmetric,20,42,DT,0.3875,0.8552631578947368,0.6,0.8552631578947368,0,3,20.333333333265557,22.592592592508918,610,30,610,27
S5,GMR-Symmetric,20,42,XGB,0.9583333333333333,0.9967105263157894,0.7692307692307693,0.8125,0,3,20.333333333265557,22.592592592508918,610,30,610,27
S5,GMR-Symmetric,20,123,KNN,1.0,1.0,1.0,1.0,0,3,20.333333333265557,22.592592592508918,610,30,610,27
S5,GMR-Symmetric,20,123,RF,0.9861111111111112,0.9991776315789475,0.9333333333333333,0.9375,0,3,20.333333333265557,22.592592592508918,610,30,610,27
S5,GMR-Symmetric,20,123,LR,1.0,1.0,1.0,1.0,0,3,20.333333333265557,22.592592592508918,610,30,610,27
S5,GMR-Symmetric,20,123,DT,0.225,0.7302631578947368,0.4444444444444445,0.7302631578947368,0,3,20.333333333265557,22.592592592508918,610,30,610,27
S5,GMR-Symmetric,20,123,XGB,0.9861111111111112,0.9991776315789473,0.9333333333333333,0.9375,0,3,20.333333333265557,22.592592592508918,610,30,610,27
S5,GMR-Symmetric,20,456,KNN,1.0,1.0,0.8571428571428571,0.875,0,3,20.333333333265557,22.592592592508918,610,30,610,27
S5,GMR-Symmetric,20,456,RF,1.0,1.0,0.8571428571428571,0.875,0,3,20.333333333265557,22.592592592508918,610,30,610,27
S5,GMR-Symmetric,20,456,LR,1.0,1.0,1.0,1.0,0,3,20.333333333265557,22.592592592508918,610,30,610,27
S5,GMR-Symmetric,20,456,DT,0.42500000000000004,0.7467105263157896,0.6153846153846154,0.7467105263157895,0,3,20.333333333265557,22.592592592508918,610,30,610,27
S5,GMR-Symmetric,20,789,KNN,1.0,1.0,1.0,1.0,0,3,20.333333333265557,22.592592592508918,610,30,610,27
S5,GMR-Symmetric,20,789,RF,0.9659090909090909,0.997532894736842,0.8571428571428571,0.875,0,3,20.333333333265557,22.592592592508918,610,30,610,27
S5,GMR-Symmetric,20,789,LR,1.0,1.0,1.0,1.0,0,3,20.333333333265557,22.592592592508918,610,30,610,27
S5,GMR-Symmetric,20,789,DT,0.6187499999999999,0.9276315789473685,0.7777777777777777,0.9276315789473684,0,3,20.333333333265557,22.592592592508918,610,30,610,27
S5,GMR-Symmetric,50,0,KNN,1.0,1.0,0.8,0.8333333333333333,0,1,52.33333333289722,57.090909090390085,628,12,628,11
S5,GMR-Symmetric,50,0,RF,1.0,1.0,0.5,0.6666666666666666,0,1,52.33333333289722,57.090909090390085,628,12,628,11
S5,GMR-Symmetric,50,0,LR,1.0,1.0,1.0,1.0,0,1,52.33333333289722,57.090909090390085,628,12,628,11
S5,GMR-Symmetric,50,0,DT,0.3458333333333333,0.6666666666666666,0.5,0.6666666666666666,0,1,52.33333333289722,57.090909090390085,628,12,628,11
S5,GMR-Symmetric,50,0,XGB,0.6464646464646464,0.9808917197452229,0.5,0.6666666666666666,0,1,52.33333333289722,57.090909090390085,628,12,628,11
S5,GMR-Symmetric,50,42,KNN,0.3458333333333333,0.6666666666666666,0.0,0.5,0,1,52.33333333289722,57.090909090390085,628,12,628,11
S5,GMR-Symmetric,50,42,RF,0.6666666666666667,0.9893842887473461,0.0,0.5,0,1,52.33333333289722,57.090909090390085,628,12,628,11
S5,GMR-Symmetric,50,42,LR,1.0,1.0,0.5,0.6666666666666666,0,1,52.33333333289722,57.090909090390085,628,12,628,11
S5,GMR-Symmetric,50,42,DT,0.06805555555555555,0.6507430997876857,0.2222222222222222,0.6507430997876857,0,1,52.33333333289722,57.090909090390085,628,12,628,11
S5,GMR-Symmetric,50,123,KNN,1.0,1.0,0.8,0.8333333333333333,0,1,52.33333333289722,57.090909090390085,628,12,628,11
S5,GMR-Symmetric,50,123,RF,1.0,1.0,0.0,0.5,0,1,52.33333333289722,57.090909090390085,628,12,628,11
S5,GMR-Symmetric,50,123,LR,1.0,1.0,1.0,1.0,0,1,52.33333333289722,57.090909090390085,628,12,628,11
S5,GMR-Symmetric,50,123,DT,0.6729166666666666,0.8333333333333333,0.8,0.8333333333333333,0,1,52.33333333289722,57.090909090390085,628,12,628,11
S5,GMR-Symmetric,50,456,KNN,1.0,1.0,1.0,1.0,0,1,52.33333333289722,57.090909090390085,628,12,628,11
S5,GMR-Symmetric,50,456,RF,1.0,1.0,0.0,0.5,0,1,52.33333333289722,57.090909090390085,628,12,628,11
S5,GMR-Symmetric,50,456,LR,1.0,1.0,1.0,1.0,0,1,52.33333333289722,57.090909090390085,628,12,628,11
S5,GMR-Symmetric,50,456,DT,0.01875,0.49363057324840764,0.0,0.49363057324840764,0,1,52.33333333289722,57.090909090390085,628,12,628,11
S5,GMR-Symmetric,50,789,KNN,1.0,1.0,0.0,0.5,0,1,52.33333333289722,57.090909090390085,628,12,628,11
S5,GMR-Symmetric,50,789,RF,1.0,1.0,0.8,0.8333333333333333,0,1,52.33333333289722,57.090909090390085,628,12,628,11
S5,GMR-Symmetric,50,789,LR,1.0,1.0,1.0,1.0,0,1,52.33333333289722,57.090909090390085,628,12,628,11
S5,GMR-Symmetric,50,789,DT,0.4506944444444444,0.8301486199575371,0.6666666666666666,0.8301486199575372,0,1,52.33333333289722,57.090909090390085,628,12,628,11
S5,GMR-Symmetric,100,0,KNN,1.0,1.0,0.6666666666666666,0.75,0,0,78.9999999990125,78.9999999990125,632,8,632,8
S5,GMR-Symmetric,100,0,RF,1.0,1.0,0.0,0.5,0,0,78.9999999990125,78.9999999990125,632,8,632,8
S5,GMR-Symmetric,100,0,LR,1.0,1.0,1.0,1.0,0,0,78.9999999990125,78.9999999990125,632,8,632,8
S5,GMR-Symmetric,100,0,DT,1.0,1.0,1.0,1.0,0,0,78.9999999990125,78.9999999990125,632,8,632,8
S5,GMR-Symmetric,100,42,KNN,1.0,1.0,0.0,0.5,0,0,78.9999999990125,78.9999999990125,632,8,632,8
S5,GMR-Symmetric,100,42,RF,0.75,0.9952531645569621,0.0,0.5,0,0,78.9999999990125,78.9999999990125,632,8,632,8
S5,GMR-Symmetric,100,42,LR,1.0,1.0,1.0,1.0,0,0,78.9999999990125,78.9999999990125,632,8,632,8
S5,GMR-Symmetric,100,42,DT,0.0125,0.48417721518987344,0.0,0.48417721518987344,0,0,78.9999999990125,78.9999999990125,632,8,632,8
S5,GMR-Symmetric,100,123,KNN,1.0,1.0,0.0,0.5,0,0,78.9999999990125,78.9999999990125,632,8,632,8
S5,GMR-Symmetric,100,123,RF,1.0,1.0,0.0,0.5,0,0,78.9999999990125,78.9999999990125,632,8,632,8
S5,GMR-Symmetric,100,123,LR,1.0,1.0,0.6666666666666666,0.75,0,0,78.9999999990125,78.9999999990125,632,8,632,8
S5,GMR-Symmetric,100,123,DT,0.50625,0.75,0.6666666666666666,0.75,0,0,78.9999999990125,78.9999999990125,632,8,632,8
S5,GMR-Symmetric,100,123,XGB,1.0,1.0,0.6666666666666666,0.75,0,0,78.9999999990125,78.9999999990125,632,8,632,8
S5,GMR-Symmetric,100,456,KNN,0.50625,0.75,0.6666666666666666,0.75,0,0,78.9999999990125,78.9999999990125,632,8,632,8
S5,GMR-Symmetric,100,456,RF,1.0,1.0,0.6666666666666666,0.75,0,0,78.9999999990125,78.9999999990125,632,8,632,8
S5,GMR-Symmetric,100,456,LR,1.0,1.0,0.6666666666666666,0.75,0,0,78.9999999990125,78.9999999990125,632,8,632,8
S5,GMR-Symmetric,100,456,DT,0.17291666666666666,0.7436708860759494,0.4,0.7436708860759493,0,0,78.9999999990125,78.9999999990125,632,8,632,8
S5,GMR-Symmetric,100,789,KNN,1.0,1.0,0.0,0.5,0,0,78.9999999990125,78.9999999990125,632,8,632,8
S5,GMR-Symmetric,100,789,RF,1.0,1.0,0.0,0.5,0,0,78.9999999990125,78.9999999990125,632,8,632,8
S5,GMR-Symmetric,100,789,LR,1.0,1.0,1.0,1.0,0,0,78.9999999990125,78.9999999990125,632,8,632,8
S5,GMR-Symmetric,100,789,DT,0.50625,0.75,0.6666666666666666,0.75,0,0,78.9999999990125,78.9999999990125,632,8,632,8
S5,GMR-Full,10,0,KNN,1.0,1.0,0.962962962962963,0.9642857142857143,0,4,10.034482758603389,10.77777777775782,582,58,582,54
S5,GMR-Full,10,0,RF,0.9999999999999998,1.0,0.962962962962963,0.9642857142857143,0,4,10.034482758603389,10.77777777775782,582,58,582,54
S5,GMR-Full,10,0,LR,1.0,1.0,1.0,1.0,0,4,10.034482758603389,10.77777777775782,582,58,582,54
S5,GMR-Full,10,0,DT,0.5589285714285714,0.8757338551859098,0.7333333333333334,0.87573385518591,0,4,10.034482758603389,10.77777777775782,582,58,582,54
S5,GMR-Full,10,42,KNN,1.0,1.0,0.923076923076923,0.9285714285714286,0,5,10.034482758603389,10.98113207545098,582,58,582,53
S5,GMR-Full,10,42,RF,0.9952380952380953,0.9997553816046967,0.88,0.8928571428571428,0,5,10.034482758603389,10.98113207545098,582,58,582,53
S5,GMR-Full,10,42,LR,1.0,1.0,0.962962962962963,0.9642857142857143,0,5,10.034482758603389,10.98113207545098,582,58,582,53
S5,GMR-Full,10,42,DT,0.8037087912087911,0.925146771037182,0.888888888888889,0.9251467710371819,0,5,10.034482758603389,10.98113207545098,582,58,582,53
S5,GMR-Full,10,123,KNN,0.9348214285714286,0.964041095890411,0.962962962962963,0.9642857142857143,0,4,10.034482758603389,10.77777777775782,582,58,582,54
S5,GMR-Full,10,123,RF,1.0,1.0,1.0,1.0,0,4,10.034482758603389,10.77777777775782,582,58,582,54
S5,GMR-Full,10,123,LR,1.0,1.0,1.0,1.0,0,4,10.034482758603389,10.77777777775782,582,58,582,54
S5,GMR-Full,10,123,DT,0.6768849206349207,0.9471624266144814,0.8125000000000001,0.9471624266144814,0,4,10.034482758603389,10.77777777775782,582,58,582,54
S5,GMR-Full,10,123,XGB,0.9650528043385185,0.9970645792563602,0.888888888888889,0.9251467710371819,0,4,10.034482758603389,10.77777777775782,582,58,582,54
S5,GMR-Full,10,456,KNN,1.0,1.0,0.923076923076923,0.9285714285714286,0,0,10.034482758603389,10.034482758603389,582,58,582,58
S5,GMR-Full,10,456,RF,0.995238095238095,0.9997553816046968,0.8333333333333333,0.8571428571428572,0,0,10.034482758603389,10.034482758603389,582,58,582,58
S5,GMR-Full,10,456,LR,1.0,1.0,1.0,1.0,0,0,10.034482758603389,10.034482758603389,582,58,582,58
S5,GMR-Full,10,456,DT,0.4763049450549451,0.807729941291585,0.6666666666666666,0.8077299412915852,0,0,10.034482758603389,10.034482758603389,582,58,582,58
S5,GMR-Full,10,456,XGB,0.9999999999999998,1.0,1.0,1.0,0,0,10.034482758603389,10.034482758603389,582,58,582,58
S5,GMR-Full,10,789,KNN,1.0,1.0,0.962962962962963,0.9642857142857143,0,0,10.034482758603389,10.034482758603389,582,58,582,58
S5,GMR-Full,10,789,RF,0.9822929171668667,0.9985322896281801,0.923076923076923,0.9285714285714286,0,0,10.034482758603389,10.034482758603389,582,58,582,58
S5,GMR-Full,10,789,LR,1.0,1.0,1.0,1.0,0,0,10.034482758603389,10.034482758603389,582,58,582,58
S5,GMR-Full,10,789,DT,0.5352040816326531,0.8434442270058709,0.7142857142857143,0.8434442270058709,0,0,10.034482758603389,10.034482758603389,582,58,582,58
S5,GMR-Full,10,789,XGB,0.9999999999999999,1.0,0.962962962962963,0.9642857142857143,0,0,10.034482758603389,10.034482758603389,582,58,582,58
S5,GMR-Full,20,0,KNN,1.0,1.0,0.9333333333333333,0.9375,0,3,20.333333333265557,22.592592592508918,610,30,610,27
S5,GMR-Full,20,0,RF,1.0,1.0,0.9333333333333333,0.9375,0,3,20.333333333265557,22.592592592508918,610,30,610,27
S5,GMR-Full,20,0,LR,1.0,1.0,1.0,1.0,0,3,20.333333333265557,22.592592592508918,610,30,610,27
S5,GMR-Full,20,0,DT,0.7625,0.875,0.8571428571428571,0.875,0,3,20.333333333265557,22.592592592508918,610,30,610,27
S5,GMR-Full,20,42,KNN,0.88125,0.9375,0.8571428571428571,0.875,0,3,20.333333333265557,22.592592592508918,610,30,610,27
S5,GMR-Full,20,42,RF,0.975,0.998766447368421,0.8571428571428571,0.875,0,3,20.333333333265557,22.592592592508918,610,30,610,27
S5,GMR-Full,20,42,LR,1.0,1.0,0.8571428571428571,0.875,0,3,20.333333333265557,22.592592592508918,610,30,610,27
S5,GMR-Full,20,42,DT,0.3875,0.8552631578947368,0.6,0.8552631578947368,0,3,20.333333333265557,22.592592592508918,610,30,610,27
S5,GMR-Full,20,123,KNN,1.0,1.0,1.0,1.0,0,2,20.333333333265557,21.78571428563648,610,30,610,28
S5,GMR-Full,20,123,RF,1.0,1.0,0.8571428571428571,0.875,0,2,20.333333333265557,21.78571428563648,610,30,610,28
S5,GMR-Full,20,123,LR,1.0,1.0,1.0,1.0,0,2,20.333333333265557,21.78571428563648,610,30,610,28
S5,GMR-Full,20,123,DT,0.225,0.7302631578947368,0.4444444444444445,0.7302631578947368,0,2,20.333333333265557,21.78571428563648,610,30,610,28
S5,GMR-Full,20,123,XGB,0.9861111111111112,0.9991776315789473,0.9333333333333333,0.9375,0,2,20.333333333265557,21.78571428563648,610,30,610,28
S5,GMR-Full,20,456,KNN,1.0,1.0,0.8571428571428571,0.875,0,2,20.333333333265557,21.78571428563648,610,30,610,28
S5,GMR-Full,20,456,RF,0.9861111111111112,0.9995888157894737,0.8571428571428571,0.875,0,2,20.333333333265557,21.78571428563648,610,30,610,28
S5,GMR-Full,20,456,LR,1.0,1.0,1.0,1.0,0,2,20.333333333265557,21.78571428563648,610,30,610,28
S5,GMR-Full,20,456,DT,0.42500000000000004,0.7467105263157896,0.6153846153846154,0.7467105263157895,0,2,20.333333333265557,21.78571428563648,610,30,610,28
S5,GMR-Full,20,789,KNN,1.0,1.0,1.0,1.0,0,3,20.333333333265557,22.592592592508918,610,30,610,27
S5,GMR-Full,20,789,RF,0.9659090909090909,0.997532894736842,0.8571428571428571,0.875,0,3,20.333333333265557,22.592592592508918,610,30,610,27
S5,GMR-Full,20,789,LR,1.0,1.0,1.0,1.0,0,3,20.333333333265557,22.592592592508918,610,30,610,27
S5,GMR-Full,20,789,DT,0.6187499999999999,0.9276315789473685,0.7777777777777777,0.9276315789473684,0,3,20.333333333265557,22.592592592508918,610,30,610,27
S5,GMR-Full,50,0,KNN,1.0,1.0,0.8,0.8333333333333333,0,1,52.33333333289722,57.090909090390085,628,12,628,11
S5,GMR-Full,50,0,RF,1.0,1.0,0.5,0.6666666666666666,0,1,52.33333333289722,57.090909090390085,628,12,628,11
S5,GMR-Full,50,0,LR,1.0,1.0,1.0,1.0,0,1,52.33333333289722,57.090909090390085,628,12,628,11
S5,GMR-Full,50,0,DT,0.3458333333333333,0.6666666666666666,0.5,0.6666666666666666,0,1,52.33333333289722,57.090909090390085,628,12,628,11
S5,GMR-Full,50,42,KNN,0.3458333333333333,0.6666666666666666,0.0,0.5,0,1,52.33333333289722,57.090909090390085,628,12,628,11
S5,GMR-Full,50,42,RF,0.6666666666666667,0.9893842887473461,0.0,0.5,0,1,52.33333333289722,57.090909090390085,628,12,628,11
S5,GMR-Full,50,42,LR,1.0,1.0,0.5,0.6666666666666666,0,1,52.33333333289722,57.090909090390085,628,12,628,11
S5,GMR-Full,50,42,DT,0.06805555555555555,0.6507430997876857,0.2222222222222222,0.6507430997876857,0,1,52.33333333289722,57.090909090390085,628,12,628,11
S5,GMR-Full,50,123,KNN,1.0,1.0,0.8,0.8333333333333333,0,1,52.33333333289722,57.090909090390085,628,12,628,11
S5,GMR-Full,50,123,RF,1.0,1.0,0.0,0.5,0,1,52.33333333289722,57.090909090390085,628,12,628,11
S5,GMR-Full,50,123,LR,1.0,1.0,1.0,1.0,0,1,52.33333333289722,57.090909090390085,628,12,628,11
S5,GMR-Full,50,123,DT,0.6729166666666666,0.8333333333333333,0.8,0.8333333333333333,0,1,52.33333333289722,57.090909090390085,628,12,628,11
S5,GMR-Full,50,456,KNN,1.0,1.0,1.0,1.0,0,1,52.33333333289722,57.090909090390085,628,12,628,11
S5,GMR-Full,50,456,RF,1.0,1.0,0.0,0.5,0,1,52.33333333289722,57.090909090390085,628,12,628,11
S5,GMR-Full,50,456,LR,1.0,1.0,1.0,1.0,0,1,52.33333333289722,57.090909090390085,628,12,628,11
S5,GMR-Full,50,456,DT,0.01875,0.49363057324840764,0.0,0.49363057324840764,0,1,52.33333333289722,57.090909090390085,628,12,628,11
S5,GMR-Full,50,789,KNN,1.0,1.0,0.0,0.5,0,1,52.33333333289722,57.090909090390085,628,12,628,11
S5,GMR-Full,50,789,RF,1.0,1.0,0.8,0.8333333333333333,0,1,52.33333333289722,57.090909090390085,628,12,628,11
S5,GMR-Full,50,789,LR,1.0,1.0,1.0,1.0,0,1,52.33333333289722,57.090909090390085,628,12,628,11
S5,GMR-Full,50,789,DT,0.4506944444444444,0.8301486199575371,0.6666666666666666,0.8301486199575372,0,1,52.33333333289722,57.090909090390085,628,12,628,11
S5,GMR-Full,50,789,XGB,0.9166666666666665,0.9978768577494692,0.5,0.6666666666666666,0,1,52.33333333289722,57.090909090390085,628,12,628,11
S5,GMR-Full,100,0,KNN,1.0,1.0,0.6666666666666666,0.75,0,0,78.9999999990125,78.9999999990125,632,8,632,8
S5,GMR-Full,100,0,RF,1.0,1.0,0.0,0.5,0,0,78.9999999990125,78.9999999990125,632,8,632,8
S5,GMR-Full,100,0,LR,1.0,1.0,1.0,1.0,0,0,78.9999999990125,78.9999999990125,632,8,632,8
S5,GMR-Full,100,0,DT,1.0,1.0,1.0,1.0,0,0,78.9999999990125,78.9999999990125,632,8,632,8
S5,GMR-Full,100,42,KNN,1.0,1.0,0.0,0.5,0,0,78.9999999990125,78.9999999990125,632,8,632,8
S5,GMR-Full,100,42,RF,0.75,0.9952531645569621,0.0,0.5,0,0,78.9999999990125,78.9999999990125,632,8,632,8
S5,GMR-Full,100,42,LR,1.0,1.0,1.0,1.0,0,0,78.9999999990125,78.9999999990125,632,8,632,8
S5,GMR-Full,100,42,DT,0.0125,0.48417721518987344,0.0,0.48417721518987344,0,0,78.9999999990125,78.9999999990125,632,8,632,8
S5,GMR-Full,100,123,KNN,1.0,1.0,0.0,0.5,0,0,78.9999999990125,78.9999999990125,632,8,632,8
S5,GMR-Full,100,123,RF,1.0,1.0,0.0,0.5,0,0,78.9999999990125,78.9999999990125,632,8,632,8
S5,GMR-Full,100,123,LR,1.0,1.0,0.6666666666666666,0.75,0,0,78.9999999990125,78.9999999990125,632,8,632,8
S5,GMR-Full,100,123,DT,0.50625,0.75,0.6666666666666666,0.75,0,0,78.9999999990125,78.9999999990125,632,8,632,8
S5,GMR-Full,100,456,KNN,0.50625,0.75,0.6666666666666666,0.75,0,0,78.9999999990125,78.9999999990125,632,8,632,8
S5,GMR-Full,100,456,RF,1.0,1.0,0.6666666666666666,0.75,0,0,78.9999999990125,78.9999999990125,632,8,632,8
S5,GMR-Full,100,456,LR,1.0,1.0,0.6666666666666666,0.75,0,0,78.9999999990125,78.9999999990125,632,8,632,8
S5,GMR-Full,100,456,DT,0.17291666666666666,0.7436708860759494,0.4,0.7436708860759493,0,0,78.9999999990125,78.9999999990125,632,8,632,8
S5,GMR-Full,100,789,KNN,1.0,1.0,0.0,0.5,0,0,78.9999999990125,78.9999999990125,632,8,632,8
S5,GMR-Full,100,789,RF,1.0,1.0,0.0,0.5,0,0,78.9999999990125,78.9999999990125,632,8,632,8
S5,GMR-Full,100,789,LR,1.0,1.0,1.0,1.0,0,0,78.9999999990125,78.9999999990125,632,8,632,8
S5,GMR-Full,100,789,DT,0.50625,0.75,0.6666666666666666,0.75,0,0,78.9999999990125,78.9999999990125,632,8,632,8
